geo_id,gene_symbol,logFC,p_value,adj_p_value,t_stat,regulation
GSE39645,NRG1,2.280856,1.13E-21,1.99E-17,18.264315,Up
GSE39645,L1CAM,3.943617,3.86E-21,3.4E-17,17.67491,Up
GSE39645,GPR155,3.230752,2.64E-20,1.55E-16,16.78319,Up
GSE39645,MOXD1,2.961258,6.93E-20,3.05E-16,16.347982,Up
GSE39645,BDKRB2,-1.698974,3.42E-19,1.2E-15,-15.64727,Down
GSE39645,NLGN4X,2.547347,5.29E-19,1.55E-15,15.459483,Up
GSE39645,NCAM2,2.799925,6.51E-19,1.64E-15,15.370396,Up
GSE39645,EHBP1,2.077453,1.99E-18,4.38E-15,14.897527,Up
GSE39645,SCN9A,2.312326,2.81E-18,5.48E-15,14.75551,Up
GSE39645,ATF7IP2,2.051417,3.43E-18,5.56E-15,14.672009,Up
GSE39645,SLC35F1,2.398003,3.48E-18,5.56E-15,14.666612,Up
GSE39645,FCGBP,3.118712,3.8E-18,5.57E-15,14.629563,Up
GSE39645,CDH19,3.428676,5.65E-18,7.59E-15,14.467113,Up
GSE39645,HRH1,-1.604929,6.05E-18,7.59E-15,-14.439151,Down
GSE39645,PRRX1,-2.98922,7.05E-18,8.27E-15,-14.3761,Down
GSE39645,ALDH3B1,1.441025,1.91E-17,2.1E-14,13.973793,Up
GSE39645,RASSF4,2.738593,2.05E-17,2.1E-14,13.944537,Up
GSE39645,IFI44,2.593834,2.15E-17,2.1E-14,13.926138,Up
GSE39645,PRIMA1,2.222315,4.36E-17,4.04E-14,13.645631,Up
GSE39645,GRB14,2.961558,4.78E-17,4.09E-14,13.610138,Up
GSE39645,AR,-1.078783,4.89E-17,4.09E-14,-13.601267,Down
GSE39645,PTPRJ,1.548374,6.13E-17,4.9E-14,13.512201,Up
GSE39645,LGI4,2.616235,6.54E-17,5E-14,13.487053,Up
GSE39645,PDGFD,2.521844,7.5E-17,5.5E-14,13.433238,Up
GSE39645,C10orf11,1.599721,8.13E-17,5.72E-14,13.401782,Up
GSE39645,RRM2B,1.6311,1.01E-16,6.82E-14,13.318242,Up
GSE39645,BVES,1.958203,1.22E-16,7.96E-14,13.243812,Up
GSE39645,PROS1,2.2953,1.32E-16,8.26E-14,13.215336,Up
GSE39645,KCTD1,1.748869,1.46E-16,8.84E-14,13.174229,Up
GSE39645,FSTL3,1.433028,1.51E-16,8.84E-14,13.162469,Up
GSE39645,NIM1K,2.099993,1.64E-16,9.29E-14,13.130755,Up
GSE39645,IFIT3,2.372409,1.88E-16,1.04E-13,13.077099,Up
GSE39645,SCN7A,3.608908,1.99E-16,1.06E-13,13.056217,Up
GSE39645,CHL1,3.091065,2.15E-16,1.11E-13,13.026416,Up
GSE39645,PLA2G2A,-2.831788,2.27E-16,1.14E-13,-13.006231,Down
GSE39645,ARHGEF26,2.727763,2.54E-16,1.24E-13,12.963174,Up
GSE39645,HOXA2,-0.932946,2.63E-16,1.25E-13,-12.949362,Down
GSE39645,SLC16A7,-1.558989,3.04E-16,1.41E-13,-12.89372,Down
GSE39645,PDZD2,2.548585,3.26E-16,1.47E-13,12.867126,Up
GSE39645,PAWR,-1.120517,3.58E-16,1.58E-13,-12.83164,Down
GSE39645,IFIT2,2.374265,3.82E-16,1.64E-13,12.807515,Up
GSE39645,ALDH1A1,2.841503,4.84E-16,1.98E-13,12.717764,Up
GSE39645,CASC10,2.747006,4.85E-16,1.98E-13,12.717343,Up
GSE39645,ARHGAP15,2.852383,5.45E-16,2.18E-13,12.672915,Up
GSE39645,ASS1,-1.832009,8.43E-16,3.3E-13,-12.509501,Down
GSE39645,JAKMIP2,2.372365,9.92E-16,3.79E-13,12.448775,Up
GSE39645,LOC653653///AP1S2,2.55785,1.23E-15,4.59E-13,12.369833,Up
GSE39645,VLDLR,2.233475,1.27E-15,4.66E-13,12.356855,Up
GSE39645,KCNMB4,2.292438,1.4E-15,5.02E-13,12.321496,Up
GSE39645,ANK3,2.420361,1.96E-15,6.9E-13,12.196106,Up
GSE39645,PDE1C,1.578429,2E-15,6.9E-13,12.189125,Up
GSE39645,RCAN3,1.465725,2.08E-15,7.03E-13,12.175369,Up
GSE39645,FOXP2,-1.266799,2.37E-15,7.85E-13,-12.127558,Down
GSE39645,ARHGAP24,1.626584,2.48E-15,8.09E-13,12.10974,Up
GSE39645,NRXN1,2.52481,2.61E-15,8.28E-13,12.090918,Up
GSE39645,PPFIBP2,1.614351,2.64E-15,8.28E-13,12.087963,Up
GSE39645,ST6GALNAC2,2.514418,2.97E-15,9.17E-13,12.043879,Up
GSE39645,SLIT2,2.435439,4.35E-15,1.32E-12,11.905579,Up
GSE39645,C15orf52,1.309751,4.57E-15,1.36E-12,11.887452,Up
GSE39645,MET,2.235447,5.41E-15,1.59E-12,11.826001,Up
GSE39645,PI16,-2.497827,5.67E-15,1.63E-12,-11.80932,Down
GSE39645,CLMP,-1.888527,5.81E-15,1.65E-12,-11.800546,Down
GSE39645,STS,2.076211,6.03E-15,1.68E-12,11.78719,Up
GSE39645,RENBP,1.206292,7.02E-15,1.92E-12,11.732205,Up
GSE39645,IL34,1.960881,7.1E-15,1.92E-12,11.727912,Up
GSE39645,KCNJ15,-1.368659,7.63E-15,2.03E-12,-11.701982,Down
GSE39645,SDC3,1.623485,7.89E-15,2.07E-12,11.690085,Up
GSE39645,PAK3,-2.156465,8.13E-15,2.1E-12,-11.679164,Down
GSE39645,CCND1,1.634566,8.54E-15,2.18E-12,11.66171,Up
GSE39645,ADAM23,3.250897,1.18E-14,2.97E-12,11.54536,Up
GSE39645,GPR34,3.583563,1.25E-14,3.09E-12,11.526095,Up
GSE39645,TSPAN1,-1.006821,1.29E-14,3.15E-12,-11.514268,Down
GSE39645,ZNF347,2.2414,1.31E-14,3.15E-12,11.509003,Up
GSE39645,GFRA1,2.166393,1.45E-14,3.44E-12,11.473106,Up
GSE39645,AK3,1.161903,1.47E-14,3.44E-12,11.467691,Up
GSE39645,SORCS1,2.406288,1.57E-14,3.61E-12,11.443664,Up
GSE39645,MARCH1,1.922975,1.58E-14,3.61E-12,11.442121,Up
GSE39645,AFDN,-1.54284,1.87E-14,4.17E-12,-11.382777,Down
GSE39645,RAB3C,-1.270516,1.87E-14,4.17E-12,-11.38153,Down
GSE39645,FCGR3A,3.07587,2.11E-14,4.64E-12,11.339071,Up
GSE39645,TUBB2B,1.691209,2.31E-14,5.01E-12,11.307243,Up
GSE39645,NRCAM,2.457404,2.34E-14,5.02E-12,11.302587,Up
GSE39645,LGALS3BP,1.704755,2.43E-14,5.16E-12,11.288582,Up
GSE39645,AHR,1.855129,2.57E-14,5.39E-12,11.269208,Up
GSE39645,HPS5,1.678939,2.83E-14,5.85E-12,11.235854,Up
GSE39645,MCAM,1.916225,3.16E-14,6.46E-12,11.19712,Up
GSE39645,RAB31,1.576651,3.43E-14,6.93E-12,11.168258,Up
GSE39645,MFSD11,1.173581,3.58E-14,7.14E-12,11.153207,Up
GSE39645,SPATA18,1.789615,3.61E-14,7.14E-12,11.149778,Up
GSE39645,TMEM245,1.331142,3.76E-14,7.36E-12,11.135359,Up
GSE39645,ARSK,1.622431,3.87E-14,7.36E-12,11.12564,Up
GSE39645,CYB5R1///CYB5R1,1.170689,3.88E-14,7.36E-12,11.124661,Up
GSE39645,SEMA3B,2.376438,3.89E-14,7.36E-12,11.123423,Up
GSE39645,DHRS3,1.38574,5.27E-14,9.86E-12,11.017641,Up
GSE39645,CCDC184,1.573355,5.37E-14,9.95E-12,11.01086,Up
GSE39645,APOL4,-1.313206,5.79E-14,1.06E-11,-10.985004,Down
GSE39645,GAL3ST4,1.345096,6.42E-14,1.16E-11,10.948777,Up
GSE39645,TMEM62,1.146502,6.6E-14,1.18E-11,10.939304,Up
GSE39645,P2RY12,2.6261,6.89E-14,1.22E-11,10.924355,Up
GSE39645,NGEF,-0.778591,7E-14,1.23E-11,-10.919057,Down
GSE39645,ST3GAL6,1.847776,7.3E-14,1.27E-11,10.904578,Up
GSE39645,FABP4,-4.046474,7.45E-14,1.28E-11,-10.897432,Down
GSE39645,OSTM1,1.231134,7.52E-14,1.28E-11,10.893861,Up
GSE39645,DNASE2,1.545957,7.64E-14,1.29E-11,10.888472,Up
GSE39645,SLC16A4,1.989846,8.01E-14,1.34E-11,10.872072,Up
GSE39645,AKAP7,1.94708,8.36E-14,1.39E-11,10.857248,Up
GSE39645,KHDRBS3,1.370341,8.91E-14,1.47E-11,10.835174,Up
GSE39645,SEMA7A,1.982579,9.15E-14,1.49E-11,10.826174,Up
GSE39645,GFRA3,3.573492,9.27E-14,1.5E-11,10.821667,Up
GSE39645,EPB41L4B,2.354663,9.91E-14,1.58E-11,10.798564,Up
GSE39645,FBLN1,-2.183467,1.03E-13,1.64E-11,-10.784486,Down
GSE39645,PTCHD4,1.874286,1.18E-13,1.86E-11,10.737757,Up
GSE39645,TJP2,-1.820094,1.21E-13,1.88E-11,-10.72965,Down
GSE39645,FAM101B,-0.705316,1.23E-13,1.89E-11,-10.724964,Down
GSE39645,ITPR3,1.98091,1.27E-13,1.94E-11,10.713761,Up
GSE39645,UBA7,1.303031,1.29E-13,1.95E-11,10.708923,Up
GSE39645,ADAMTS3,-1.467015,1.3E-13,1.96E-11,-10.704133,Down
GSE39645,C6orf1,1.089778,1.4E-13,2.09E-11,10.678512,Up
GSE39645,NPAS2,-0.935009,1.43E-13,2.11E-11,-10.673526,Down
GSE39645,APOBEC3G,1.653378,1.56E-13,2.28E-11,10.643271,Up
GSE39645,C3AR1,2.210189,1.59E-13,2.31E-11,10.636259,Up
GSE39645,EPB41L2,1.74082,1.61E-13,2.32E-11,10.632225,Up
GSE39645,TREM2,2.436705,1.73E-13,2.47E-11,10.607806,Up
GSE39645,FRMD4A,1.35276,1.82E-13,2.58E-11,10.589622,Up
GSE39645,STARD13,1.685722,1.87E-13,2.64E-11,10.579769,Up
GSE39645,CXorf38,0.881729,1.97E-13,2.75E-11,10.562622,Up
GSE39645,TMEM176B,1.383072,2.03E-13,2.81E-11,10.552378,Up
GSE39645,CXCL1,-1.449703,2.14E-13,2.93E-11,-10.534486,Down
GSE39645,BBS12,1.402457,2.16E-13,2.93E-11,10.531637,Up
GSE39645,RASGEF1C,1.390677,2.18E-13,2.93E-11,10.528599,Up
GSE39645,SPATA13,1.832509,2.18E-13,2.93E-11,10.527766,Up
GSE39645,KCNT2,-1.063789,2.2E-13,2.93E-11,-10.524846,Down
GSE39645,SEMA4B,1.412385,2.57E-13,3.4E-11,10.472216,Up
GSE39645,TLR3,1.703993,2.62E-13,3.43E-11,10.465892,Up
GSE39645,MR1,1.410448,2.71E-13,3.53E-11,10.454027,Up
GSE39645,CHPF,1.410726,2.95E-13,3.82E-11,10.424797,Up
GSE39645,PLCH1,1.611396,3.17E-13,4.07E-11,10.400202,Up
GSE39645,TMEM176A,2.344188,3.21E-13,4.09E-11,10.396368,Up
GSE39645,PROCR,-0.958615,3.28E-13,4.14E-11,-10.389613,Down
GSE39645,SOBP,-1.132087,3.37E-13,4.23E-11,-10.379917,Down
GSE39645,NCAM1,2.320872,3.41E-13,4.26E-11,10.375442,Up
GSE39645,ZFPM2,-1.356372,3.76E-13,4.66E-11,-10.342626,Down
GSE39645,THSD4,-1.428825,4.4E-13,5.41E-11,-10.289891,Down
GSE39645,APOBEC3A_B///APOBEC3A,-1.46843,4.46E-13,5.45E-11,-10.285212,Down
GSE39645,KIF16B,1.478667,4.53E-13,5.5E-11,10.27982,Up
GSE39645,TDRD7,1.497859,4.61E-13,5.55E-11,10.274217,Up
GSE39645,FAM180A,-1.419084,4.73E-13,5.66E-11,-10.265458,Down
GSE39645,ADAM17,1.366017,4.76E-13,5.66E-11,10.263038,Up
GSE39645,NRXN3,2.188846,4.79E-13,5.66E-11,10.260879,Up
GSE39645,HTATIP2,1.360699,4.89E-13,5.73E-11,10.254128,Up
GSE39645,G0S2,-2.875304,5.1E-13,5.88E-11,-10.240209,Down
GSE39645,SLC15A3,2.200481,5.12E-13,5.88E-11,10.238834,Up
GSE39645,HLA-DOA,2.007327,5.12E-13,5.88E-11,10.238318,Up
GSE39645,ZNF423,-0.923538,5.16E-13,5.88E-11,-10.235758,Down
GSE39645,XPNPEP2,-1.188701,5.18E-13,5.88E-11,-10.23448,Down
GSE39645,SAMD9L,1.765276,5.52E-13,6.22E-11,10.213307,Up
GSE39645,ERBB2,1.381404,5.82E-13,6.52E-11,10.195518,Up
GSE39645,HSPB6,-1.135066,6.02E-13,6.68E-11,-10.183903,Down
GSE39645,IGDCC4,-0.888356,6.06E-13,6.68E-11,-10.182028,Down
GSE39645,ERMAP,0.781535,6.08E-13,6.68E-11,10.180746,Up
GSE39645,BLOC1S2,1.046147,6.15E-13,6.72E-11,10.177054,Up
GSE39645,BDKRB1,-0.896299,6.71E-13,7.29E-11,-10.147597,Down
GSE39645,TMOD2,2.504124,7.1E-13,7.66E-11,10.128715,Up
GSE39645,RGS6,-1.100771,7.4E-13,7.93E-11,-10.115026,Down
GSE39645,A4GALT,-1.045132,7.78E-13,8.29E-11,-10.098268,Down
GSE39645,SHOX2,-1.133219,7.87E-13,8.34E-11,-10.094171,Down
GSE39645,GLRB,1.797297,8.21E-13,8.65E-11,10.079977,Up
GSE39645,ARFIP1,1.369925,8.54E-13,8.94E-11,10.066803,Up
GSE39645,ARHGEF6,1.919115,8.65E-13,9E-11,10.062548,Up
GSE39645,CACHD1,-1.634579,9E-13,9.32E-11,-10.049201,Down
GSE39645,TRIM14,1.177109,9.13E-13,9.36E-11,10.044692,Up
GSE39645,CCND2,1.761405,9.15E-13,9.36E-11,10.043692,Up
GSE39645,RGS1,3.512923,9.69E-13,9.85E-11,10.024583,Up
GSE39645,MDM2,1.296029,9.81E-13,9.91E-11,10.020669,Up
GSE39645,FIBIN,-2.042532,9.9E-13,9.95E-11,-10.017565,Down
GSE39645,TRIM22,1.542684,9.96E-13,9.95E-11,10.015566,Up
GSE39645,NEK6,1.578494,1.02E-12,1.01E-10,10.007184,Up
GSE39645,OBSL1,1.231396,1.03E-12,1.02E-10,10.004786,Up
GSE39645,IFI6,1.787168,1.06E-12,1.03E-10,9.995836,Up
GSE39645,CADM4,1.95941,1.06E-12,1.03E-10,9.995562,Up
GSE39645,TGFBR1,1.292902,1.07E-12,1.04E-10,9.990102,Up
GSE39645,PIK3IP1,1.471197,1.13E-12,1.09E-10,9.972664,Up
GSE39645,GRID1,-0.83759,1.19E-12,1.14E-10,-9.956901,Down
GSE39645,PARP3,0.936429,1.24E-12,1.18E-10,9.942997,Up
GSE39645,CTNNAL1,1.929651,1.28E-12,1.22E-10,9.931467,Up
GSE39645,ST3GAL4,1.499229,1.29E-12,1.22E-10,9.930005,Up
GSE39645,SMCO3,3.814344,1.32E-12,1.24E-10,9.921757,Up
GSE39645,MICALL2,1.095489,1.32E-12,1.24E-10,9.920576,Up
GSE39645,ZRSR2,1.29834,1.36E-12,1.26E-10,9.912609,Up
GSE39645,USP53,2.177652,1.4E-12,1.3E-10,9.901325,Up
GSE39645,SOX2,2.83679,1.51E-12,1.39E-10,9.876271,Up
GSE39645,DSG2,-2.003237,1.52E-12,1.39E-10,-9.874818,Down
GSE39645,SP100,1.192098,1.53E-12,1.39E-10,9.872398,Up
GSE39645,PPM1K///PPM1K,1.804777,1.53E-12,1.39E-10,9.872366,Up
GSE39645,PPFIA2,-1.115473,1.55E-12,1.39E-10,-9.869259,Down
GSE39645,TMEM140,1.244047,1.55E-12,1.39E-10,9.868576,Up
GSE39645,PARP9,1.49081,1.58E-12,1.41E-10,9.861802,Up
GSE39645,XKR4,1.920838,1.61E-12,1.43E-10,9.855122,Up
GSE39645,DRAM1,1.346616,1.75E-12,1.55E-10,9.828075,Up
GSE39645,EGFR,-2.066212,1.76E-12,1.55E-10,-9.826357,Down
GSE39645,ENTPD2,-0.953429,1.78E-12,1.56E-10,-9.822045,Down
GSE39645,COL12A1,2.218232,1.81E-12,1.57E-10,9.817856,Up
GSE39645,ASAP2,1.349864,1.83E-12,1.58E-10,9.814107,Up
GSE39645,WIPI1,1.494493,1.87E-12,1.61E-10,9.806238,Up
GSE39645,DPYD,1.177682,2.14E-12,1.83E-10,9.762121,Up
GSE39645,GALNT2,1.029906,2.18E-12,1.86E-10,9.755429,Up
GSE39645,DAG1,1.365159,2.2E-12,1.87E-10,9.751986,Up
GSE39645,DDX60,1.656597,2.28E-12,1.93E-10,9.740745,Up
GSE39645,PDE3A,-1.498039,2.31E-12,1.94E-10,-9.736803,Down
GSE39645,LIPE,-1.022719,2.32E-12,1.94E-10,-9.735041,Down
GSE39645,CYP2U1,1.480664,2.36E-12,1.96E-10,9.729939,Up
GSE39645,ITGB8,2.375093,2.41E-12,2E-10,9.722584,Up
GSE39645,RBPMS2,-0.856585,2.47E-12,2.04E-10,-9.714685,Down
GSE39645,LOXL3,1.348755,2.49E-12,2.05E-10,9.711452,Up
GSE39645,DPF3,-0.978043,2.5E-12,2.05E-10,-9.710002,Down
GSE39645,CAB39L,2.62243,2.54E-12,2.07E-10,9.705435,Up
GSE39645,CLMN,1.447308,2.58E-12,2.09E-10,9.700626,Up
GSE39645,AIG1,0.805058,2.61E-12,2.11E-10,9.696196,Up
GSE39645,PPP1R14A,1.797485,2.68E-12,2.15E-10,9.688165,Up
GSE39645,TSC22D1,1.203689,2.75E-12,2.2E-10,9.679269,Up
GSE39645,CXCL5,-0.874227,2.82E-12,2.24E-10,-9.671097,Down
GSE39645,HERC6,1.993478,2.84E-12,2.25E-10,9.668595,Up
GSE39645,VGLL3,2.046872,2.86E-12,2.26E-10,9.665991,Up
GSE39645,USP32,1.273285,2.94E-12,2.31E-10,9.656817,Up
GSE39645,SORCS3,1.930731,3.11E-12,2.43E-10,9.638346,Up
GSE39645,UNC93B1,1.253481,3.21E-12,2.5E-10,9.628433,Up
GSE39645,DTX3L,1.468029,3.31E-12,2.56E-10,9.61826,Up
GSE39645,AKIP1,1.087183,3.34E-12,2.57E-10,9.615649,Up
GSE39645,PHF11,1.46348,3.36E-12,2.58E-10,9.612902,Up
GSE39645,CYBB,2.001731,3.39E-12,2.59E-10,9.610021,Up
GSE39645,TLE1,1.655143,3.51E-12,2.67E-10,9.598945,Up
GSE39645,GULP1,2.123756,3.6E-12,2.73E-10,9.590507,Up
GSE39645,SCML2,-0.619089,3.67E-12,2.77E-10,-9.58404,Down
GSE39645,COBL,1.747648,3.71E-12,2.79E-10,9.580557,Up
GSE39645,BCL2,1.45047,3.82E-12,2.86E-10,9.570803,Up
GSE39645,NXPE3,1.268935,3.84E-12,2.86E-10,9.56965,Up
GSE39645,BMX,-0.773884,3.95E-12,2.92E-10,-9.560279,Down
GSE39645,SCN1B,1.183082,3.96E-12,2.92E-10,9.559814,Up
GSE39645,PTGIS,-1.991197,4.38E-12,3.22E-10,-9.526356,Down
GSE39645,SLC35D2,1.554993,4.48E-12,3.28E-10,9.51941,Up
GSE39645,RHOJ,2.260643,5.12E-12,3.73E-10,9.475712,Up
GSE39645,MID1,1.916379,5.16E-12,3.75E-10,9.472673,Up
GSE39645,KLHL24,1.429483,5.3E-12,3.84E-10,9.463882,Up
GSE39645,HSD11B1,-0.976929,5.45E-12,3.93E-10,-9.455245,Down
GSE39645,TM6SF1,1.806428,5.7E-12,4.09E-10,9.44072,Up
GSE39645,KIAA1033,1.591235,5.89E-12,4.21E-10,9.429923,Up
GSE39645,SLFN12,1.599632,6.02E-12,4.28E-10,9.422787,Up
GSE39645,ANGPT1,-1.800788,6.08E-12,4.31E-10,-9.419391,Down
GSE39645,SHC4,1.78516,6.15E-12,4.34E-10,9.415678,Up
GSE39645,FCN1,-1.535382,6.23E-12,4.38E-10,-9.41155,Down
GSE39645,ZNF536,1.938182,6.32E-12,4.43E-10,9.406934,Up
GSE39645,CCL21,-1.133688,6.53E-12,4.56E-10,-9.396217,Down
GSE39645,YEATS2,1.186964,6.63E-12,4.61E-10,9.391222,Up
GSE39645,CDH2,2.170572,6.73E-12,4.66E-10,9.386588,Up
GSE39645,EYA1,-1.163712,6.77E-12,4.67E-10,-9.384271,Down
GSE39645,SPP1,2.898619,6.92E-12,4.76E-10,9.377231,Up
GSE39645,SOGA3///KIAA0408,1.938739,7.12E-12,4.87E-10,9.368269,Up
GSE39645,ITGA6,1.399499,7.22E-12,4.92E-10,9.363488,Up
GSE39645,NFE2,-1.194073,7.32E-12,4.97E-10,-9.358876,Down
GSE39645,SLC16A12,2.800025,7.36E-12,4.97E-10,9.357114,Up
GSE39645,SLC17A7,-0.813185,7.37E-12,4.97E-10,-9.356884,Down
GSE39645,THRB,-1.129832,7.57E-12,5.08E-10,-9.348166,Down
GSE39645,IVD,1.018504,7.67E-12,5.13E-10,9.344125,Up
GSE39645,BTBD3,1.307908,7.71E-12,5.13E-10,9.342324,Up
GSE39645,ANXA3,2.189692,7.86E-12,5.21E-10,9.336076,Up
GSE39645,ASPA,2.245562,8.08E-12,5.34E-10,9.327222,Up
GSE39645,RFX5,1.242341,8.39E-12,5.51E-10,9.314829,Up
GSE39645,WWP1,1.629581,8.4E-12,5.51E-10,9.314355,Up
GSE39645,CHD7,1.42894,8.42E-12,5.51E-10,9.313589,Up
GSE39645,SLC30A4,1.393398,8.8E-12,5.73E-10,9.299505,Up
GSE39645,ZFYVE1,0.925688,8.83E-12,5.73E-10,9.298224,Up
GSE39645,CTDSPL,1.231587,9.06E-12,5.86E-10,9.289804,Up
GSE39645,FAM171B,-2.035709,9.12E-12,5.88E-10,-9.287788,Down
GSE39645,SLC1A4,0.991054,9.19E-12,5.89E-10,9.285163,Up
GSE39645,FGF10,-1.403902,9.2E-12,5.89E-10,-9.284842,Down
GSE39645,UCHL1,2.079274,9.78E-12,6.23E-10,9.26511,Up
GSE39645,TNNT3,-0.940869,1.02E-11,6.5E-10,-9.250519,Down
GSE39645,RGS17,-0.895735,1.08E-11,6.82E-10,-9.233719,Down
GSE39645,MLPH,-1.160983,1.09E-11,6.85E-10,-9.230961,Down
GSE39645,TMEM63B,1.018904,1.11E-11,6.98E-10,9.223875,Up
GSE39645,SHMT1,0.920525,1.14E-11,7.12E-10,9.216142,Up
GSE39645,NMI,1.533416,1.15E-11,7.18E-10,9.212321,Up
GSE39645,SMAD9,-1.247533,1.2E-11,7.46E-10,-9.197924,Down
GSE39645,PRKAB2,1.27421,1.2E-11,7.46E-10,9.19784,Up
GSE39645,GNPTAB,1.218659,1.24E-11,7.66E-10,9.187838,Up
GSE39645,TVP23A,1.606768,1.25E-11,7.66E-10,9.186878,Up
GSE39645,MFAP5,-3.308317,1.34E-11,8.18E-10,-9.163709,Down
GSE39645,PDGFB,1.47935,1.34E-11,8.18E-10,9.163416,Up
GSE39645,SLC22A3,-2.476856,1.37E-11,8.36E-10,-9.155521,Down
GSE39645,LY86,2.371756,1.39E-11,8.42E-10,9.151084,Up
GSE39645,PDGFRA,-2.25142,1.39E-11,8.42E-10,-9.15085,Down
GSE39645,ADAM10,1.318908,1.41E-11,8.49E-10,9.146502,Up
GSE39645,AP3M2,1.538309,1.41E-11,8.49E-10,9.146063,Up
GSE39645,SLC44A2,1.383997,1.43E-11,8.58E-10,9.141534,Up
GSE39645,TANC1,1.499151,1.45E-11,8.64E-10,9.138108,Up
GSE39645,BORCS7-ASMT///AS3MT,1.256563,1.46E-11,8.68E-10,9.135672,Up
GSE39645,RNASE6,2.430409,1.47E-11,8.7E-10,9.133776,Up
GSE39645,ISM1,-0.564138,1.51E-11,8.92E-10,-9.124414,Down
GSE39645,POLI,1.205479,1.52E-11,8.92E-10,9.123527,Up
GSE39645,GSAP,1.444256,1.54E-11,9.06E-10,9.117665,Up
GSE39645,ARHGEF10,1.244355,1.56E-11,9.11E-10,9.114733,Up
GSE39645,CLIP3,1.12084,1.66E-11,9.67E-10,9.094601,Up
GSE39645,CCDC159,1.235786,1.68E-11,9.77E-10,9.089989,Up
GSE39645,HLA-DMB,2.095336,1.7E-11,9.84E-10,9.086707,Up
GSE39645,FMNL3,1.439234,1.71E-11,9.84E-10,9.085672,Up
GSE39645,CTNNA1,1.210075,1.74E-11,9.98E-10,9.079948,Up
GSE39645,SHISA6,-1.210179,1.82E-11,1.04E-09,-9.065672,Down
GSE39645,ERBB3,1.855607,1.87E-11,1.06E-09,9.056877,Up
GSE39645,HSPA12A,1.727954,1.88E-11,1.06E-09,9.055353,Up
GSE39645,AVPI1,1.623716,1.88E-11,1.06E-09,9.055274,Up
GSE39645,SERPINA5,2.124255,1.91E-11,1.08E-09,9.049025,Up
GSE39645,ZBTB7C,-1.081468,1.95E-11,1.1E-09,-9.04218,Down
GSE39645,SLC10A6,-1.144743,2E-11,1.12E-09,-9.03507,Down
GSE39645,PLA2G4A,2.19974,2.02E-11,1.13E-09,9.032169,Up
GSE39645,HMGCL,0.942384,2.03E-11,1.13E-09,9.030355,Up
GSE39645,IFI44L,2.517164,2.04E-11,1.13E-09,9.02775,Up
GSE39645,ANPEP,-2.201937,2.04E-11,1.13E-09,-9.02764,Down
GSE39645,LPCAT2,1.730447,2.05E-11,1.13E-09,9.027163,Up
GSE39645,ITPK1,1.483423,2.06E-11,1.13E-09,9.025442,Up
GSE39645,CDH1,2.392645,2.08E-11,1.14E-09,9.022719,Up
GSE39645,AFF3,-0.840421,2.08E-11,1.14E-09,-9.021868,Down
GSE39645,SCARB2,1.380181,2.08E-11,1.14E-09,9.02167,Up
GSE39645,TM4SF1,-1.860511,2.12E-11,1.15E-09,-9.015968,Down
GSE39645,AKR1C1,-1.121962,2.22E-11,1.21E-09,-9.001103,Down
GSE39645,CAV1,-2.1364,2.33E-11,1.26E-09,-8.985145,Down
GSE39645,GALNT18,1.487888,2.37E-11,1.28E-09,8.97973,Up
GSE39645,NEDD4L,1.606456,2.5E-11,1.34E-09,8.96319,Up
GSE39645,TMEM200A,-0.933807,2.5E-11,1.34E-09,-8.963077,Down
GSE39645,AGMO,-0.83424,2.52E-11,1.34E-09,-8.961187,Down
GSE39645,NCK1,1.321805,2.52E-11,1.34E-09,8.960857,Up
GSE39645,PDZRN4,-1.85963,2.59E-11,1.37E-09,-8.952346,Down
GSE39645,TOX,1.952744,2.81E-11,1.49E-09,8.925589,Up
GSE39645,KIF5A,1.432645,2.94E-11,1.55E-09,8.911811,Up
GSE39645,ITGB4,1.834337,3E-11,1.58E-09,8.904904,Up
GSE39645,PTPRZ1,2.751249,3E-11,1.58E-09,8.904645,Up
GSE39645,SHISA3,-1.267747,3.15E-11,1.65E-09,-8.889235,Down
GSE39645,LPAR4,-1.207889,3.29E-11,1.71E-09,-8.875526,Down
GSE39645,GBA,1.521675,3.29E-11,1.71E-09,8.875307,Up
GSE39645,DDX58,1.543501,3.49E-11,1.81E-09,8.856454,Up
GSE39645,CD9,0.778356,3.52E-11,1.82E-09,8.853628,Up
GSE39645,TNS3,1.631884,3.55E-11,1.83E-09,8.850891,Up
GSE39645,TACR1,-1.050722,3.58E-11,1.84E-09,-8.848998,Down
GSE39645,CD84,1.654958,3.62E-11,1.85E-09,8.84536,Up
GSE39645,TSPAN13,1.71156,3.63E-11,1.85E-09,8.844343,Up
GSE39645,PLBD2,1.157089,3.63E-11,1.85E-09,8.84406,Up
GSE39645,ARSE,1.55832,3.72E-11,1.88E-09,8.836787,Up
GSE39645,MX1,2.225185,3.72E-11,1.88E-09,8.836602,Up
GSE39645,FAM63B,1.714064,3.74E-11,1.89E-09,8.834542,Up
GSE39645,ZNF219,0.845752,3.8E-11,1.91E-09,8.829776,Up
GSE39645,SPATA6,1.494096,3.8E-11,1.91E-09,8.82961,Up
GSE39645,ABCD3,1.687891,3.82E-11,1.91E-09,8.828319,Up
GSE39645,GBP4,2.141034,3.82E-11,1.91E-09,8.828148,Up
GSE39645,VPS13C,1.374495,3.92E-11,1.95E-09,8.820054,Up
GSE39645,SLC35E3,1.004131,3.94E-11,1.96E-09,8.818422,Up
GSE39645,SYNJ2,-1.324155,3.99E-11,1.98E-09,-8.813924,Down
GSE39645,SNCA,1.78556,4.05E-11,2E-09,8.80944,Up
GSE39645,XPC,0.988815,4.13E-11,2.03E-09,8.803213,Up
GSE39645,UXS1,1.434492,4.23E-11,2.07E-09,8.795512,Up
GSE39645,AXIN2,-0.6205,4.24E-11,2.07E-09,-8.795155,Down
GSE39645,BEX1,2.307568,4.31E-11,2.1E-09,8.789844,Up
GSE39645,SH3BP2,0.8099,4.32E-11,2.11E-09,8.788779,Up
GSE39645,SFXN3,0.857206,4.39E-11,2.13E-09,8.783645,Up
GSE39645,CASP1,1.601213,4.53E-11,2.19E-09,8.774026,Up
GSE39645,WSB1,1.3863,4.56E-11,2.2E-09,8.771463,Up
GSE39645,CX3CL1,-0.928267,4.59E-11,2.21E-09,-8.769608,Down
GSE39645,CD151,1.105855,4.64E-11,2.23E-09,8.766404,Up
GSE39645,FAM63A,1.435251,4.82E-11,2.31E-09,8.754286,Up
GSE39645,PARP14,1.482759,4.83E-11,2.31E-09,8.753155,Up
GSE39645,MAST4,-0.791702,4.91E-11,2.34E-09,-8.748496,Down
GSE39645,TK2,0.803247,4.95E-11,2.35E-09,8.745681,Up
GSE39645,KAT2B,1.474406,4.96E-11,2.35E-09,8.745156,Up
GSE39645,DCX,-1.305337,5.05E-11,2.39E-09,-8.73917,Down
GSE39645,CSF1R,1.987261,5.1E-11,2.4E-09,8.736022,Up
GSE39645,UPRT,1.01497,5.11E-11,2.4E-09,8.735444,Up
GSE39645,TP53INP1,1.225111,5.18E-11,2.43E-09,8.731095,Up
GSE39645,SP110,1.103509,5.22E-11,2.44E-09,8.728996,Up
GSE39645,BPGM,1.157006,5.28E-11,2.46E-09,8.725387,Up
GSE39645,CX3CR1,2.401112,5.3E-11,2.46E-09,8.724227,Up
GSE39645,ENDOD1,1.277653,5.46E-11,2.53E-09,8.71449,Up
GSE39645,GALC,1.094839,5.52E-11,2.55E-09,8.711318,Up
GSE39645,MS4A6A,2.131779,5.54E-11,2.55E-09,8.709884,Up
GSE39645,AFF2,-0.901698,5.54E-11,2.55E-09,-8.709769,Down
GSE39645,DDHD2,1.305455,5.67E-11,2.59E-09,8.702613,Up
GSE39645,MINOS1-NBL1///NBL1,-0.807799,5.67E-11,2.59E-09,-8.702517,Down
GSE39645,FAM171A2,-0.633421,5.69E-11,2.59E-09,-8.701538,Down
GSE39645,TPD52L1,-1.3599,5.69E-11,2.59E-09,-8.701203,Down
GSE39645,ADCYAP1R1,-1.847724,5.87E-11,2.67E-09,-8.691582,Down
GSE39645,MSR1,2.577316,5.98E-11,2.7E-09,8.685526,Up
GSE39645,CMTM2,-1.303544,5.99E-11,2.7E-09,-8.685058,Down
GSE39645,FBXL2,1.167594,5.99E-11,2.7E-09,8.684932,Up
GSE39645,AQP11,1.739807,6.05E-11,2.72E-09,8.681956,Up
GSE39645,BLOC1S1-RDH5///RDH5,-0.671535,6.19E-11,2.77E-09,-8.674752,Down
GSE39645,SLC24A3,-1.047598,6.19E-11,2.77E-09,-8.674705,Down
GSE39645,PAPSS2,1.539093,6.22E-11,2.78E-09,8.673225,Up
GSE39645,DPT,-2.63623,6.38E-11,2.84E-09,-8.665007,Down
GSE39645,ALDH3A2,0.934661,6.41E-11,2.85E-09,8.663585,Up
GSE39645,LHFPL2,1.551749,6.74E-11,2.99E-09,8.647759,Up
GSE39645,ZNRF1,-0.576511,6.93E-11,3.06E-09,-8.639072,Down
GSE39645,MIF4GD,0.81843,7.06E-11,3.11E-09,8.633185,Up
GSE39645,HLA-DMA,2.071762,7.07E-11,3.11E-09,8.63256,Up
GSE39645,BIN1,0.985813,7.2E-11,3.15E-09,8.627025,Up
GSE39645,ALG5///ALG5,1.267538,7.21E-11,3.15E-09,8.626726,Up
GSE39645,TFEC,1.472287,7.23E-11,3.16E-09,8.625467,Up
GSE39645,NOV,2.317554,7.26E-11,3.16E-09,8.624267,Up
GSE39645,HEXA,1.335983,7.49E-11,3.25E-09,8.614448,Up
GSE39645,NUDT14,0.924864,7.51E-11,3.26E-09,8.613434,Up
GSE39645,SPINT2,1.609448,7.59E-11,3.28E-09,8.610391,Up
GSE39645,MEF2A,1.075036,7.6E-11,3.28E-09,8.609676,Up
GSE39645,CYP4F3,-1.258824,7.68E-11,3.3E-09,-8.606651,Down
GSE39645,IKBKB,0.924174,7.68E-11,3.3E-09,8.606419,Up
GSE39645,CTTNBP2NL,1.226261,8.37E-11,3.58E-09,8.579269,Up
GSE39645,CYP27A1,1.324575,8.38E-11,3.58E-09,8.579169,Up
GSE39645,RGS9,2.117807,8.74E-11,3.72E-09,8.565678,Up
GSE39645,CENPV,-1.367157,8.77E-11,3.73E-09,-8.564531,Down
GSE39645,IFIH1,1.737969,8.8E-11,3.73E-09,8.563662,Up
GSE39645,SELENBP1,-1.131368,8.91E-11,3.77E-09,-8.559627,Down
GSE39645,SETDB2,1.245338,9.06E-11,3.82E-09,8.554305,Up
GSE39645,PTK7,-0.949769,9.1E-11,3.83E-09,-8.552984,Down
GSE39645,ALCAM,1.686753,9.28E-11,3.89E-09,8.546884,Up
GSE39645,IRF9,0.883647,9.4E-11,3.94E-09,8.542724,Up
GSE39645,FAM65B,-1.602323,9.51E-11,3.97E-09,-8.53911,Down
GSE39645,NCKAP1L,1.777044,9.59E-11,4E-09,8.536469,Up
GSE39645,SYT11,2.116033,9.62E-11,4E-09,8.535437,Up
GSE39645,RUBCN,0.807832,9.64E-11,4E-09,8.534827,Up
GSE39645,UNC5C,-0.872716,9.67E-11,4E-09,-8.533827,Down
GSE39645,APLP2,1.034775,9.69E-11,4E-09,8.533285,Up
GSE39645,ZNF385D,-1.54292,9.76E-11,4.02E-09,-8.531104,Down
GSE39645,ISG15,1.925299,9.96E-11,4.09E-09,8.524478,Up
GSE39645,SEL1L,1.085664,1E-10,4.12E-09,8.522008,Up
GSE39645,IFIT1,2.503948,1.01E-10,4.14E-09,8.519442,Up
GSE39645,LATS2,1.532806,1.03E-10,4.18E-09,8.515392,Up
GSE39645,WBSCR17,1.980442,1.03E-10,4.19E-09,8.514372,Up
GSE39645,PPT2-EGFL8///EGFL8///PPT2,1.33885,1.04E-10,4.23E-09,8.51072,Up
GSE39645,TCEAL1,1.143283,1.07E-10,4.33E-09,8.502442,Up
GSE39645,FER,1.559172,1.08E-10,4.39E-09,8.497736,Up
GSE39645,NOS3,-0.731725,1.09E-10,4.41E-09,-8.495594,Down
GSE39645,ITFG2,0.724309,1.13E-10,4.53E-09,8.486181,Up
GSE39645,CARD11,1.219767,1.13E-10,4.53E-09,8.485489,Up
GSE39645,HOXA4,-0.61442,1.13E-10,4.54E-09,-8.483779,Down
GSE39645,C12orf56,2.165639,1.15E-10,4.58E-09,8.479937,Up
GSE39645,C6orf141,-0.679712,1.15E-10,4.58E-09,-8.479567,Down
GSE39645,BTN3A2,1.345215,1.16E-10,4.6E-09,8.476514,Up
GSE39645,GLI2,-0.659448,1.16E-10,4.6E-09,-8.476403,Down
GSE39645,STEAP1B,1.632987,1.16E-10,4.6E-09,8.476307,Up
GSE39645,CNPPD1,0.854599,1.16E-10,4.6E-09,8.475824,Up
GSE39645,EVI5,1.996807,1.2E-10,4.72E-09,8.466471,Up
GSE39645,PREP,1.247787,1.21E-10,4.76E-09,8.4634,Up
GSE39645,PLXNA3,1.197186,1.22E-10,4.79E-09,8.460679,Up
GSE39645,SUMF2,0.840965,1.24E-10,4.84E-09,8.4566,Up
GSE39645,CCDC112,0.869532,1.24E-10,4.84E-09,8.456372,Up
GSE39645,GBP2,2.097082,1.27E-10,4.94E-09,8.448923,Up
GSE39645,TLN1,1.045215,1.27E-10,4.95E-09,8.44763,Up
GSE39645,FCGR1CP///FCGR1B///FCGR1A,2.152456,1.3E-10,5.03E-09,8.441764,Up
GSE39645,SLC12A4,1.045341,1.31E-10,5.08E-09,8.437811,Up
GSE39645,NHS,-0.638781,1.32E-10,5.08E-09,-8.437173,Down
GSE39645,C20orf194,1.43745,1.34E-10,5.17E-09,8.431296,Up
GSE39645,PRSS23,1.520764,1.37E-10,5.29E-09,8.423557,Up
GSE39645,SSFA2,1.132443,1.38E-10,5.29E-09,8.422396,Up
GSE39645,SERGEF,0.769725,1.4E-10,5.36E-09,8.417807,Up
GSE39645,SAMD9,1.536323,1.41E-10,5.37E-09,8.41637,Up
GSE39645,ZNF334,1.028344,1.41E-10,5.38E-09,8.415076,Up
GSE39645,FRRS1L,1.328578,1.42E-10,5.41E-09,8.412465,Up
GSE39645,SBSPON,1.625709,1.42E-10,5.41E-09,8.412266,Up
GSE39645,KCNJ8,-0.951609,1.44E-10,5.46E-09,-8.408723,Down
GSE39645,SIPA1L1,1.419939,1.46E-10,5.54E-09,8.403355,Up
GSE39645,LARP6,-0.961081,1.47E-10,5.54E-09,-8.402579,Down
GSE39645,MGAT4B,0.934037,1.47E-10,5.54E-09,8.402167,Up
GSE39645,FAM53B,0.961803,1.5E-10,5.64E-09,8.395678,Up
GSE39645,PCDH20,-1.175293,1.53E-10,5.74E-09,-8.389749,Down
GSE39645,ZNF564///ZNF490,0.932989,1.53E-10,5.74E-09,8.389149,Up
GSE39645,COL4A1,1.317822,1.55E-10,5.77E-09,8.386327,Up
GSE39645,RNF14,1.001196,1.58E-10,5.88E-09,8.380148,Up
GSE39645,SNX24,1.841473,1.59E-10,5.91E-09,8.377826,Up
GSE39645,ABCC9,-1.985479,1.6E-10,5.95E-09,-8.375133,Down
GSE39645,MANBA,1.297303,1.61E-10,5.97E-09,8.373374,Up
GSE39645,TOM1L2,1.30096,1.65E-10,6.1E-09,8.366011,Up
GSE39645,RBP5,-1.118456,1.67E-10,6.15E-09,-8.362725,Down
GSE39645,KIF1A,2.018207,1.76E-10,6.46E-09,8.346414,Up
GSE39645,GAS2L3,1.850445,1.76E-10,6.46E-09,8.345689,Up
GSE39645,DACH1,-0.698264,1.76E-10,6.46E-09,-8.345498,Down
GSE39645,FCGR1CP///FCGR1B///FCGR1A,1.732529,1.79E-10,6.53E-09,8.341017,Up
GSE39645,WARS,1.508504,1.84E-10,6.73E-09,8.331283,Up
GSE39645,TLL1,-1.093574,1.85E-10,6.74E-09,-8.329882,Down
GSE39645,SELE,-2.635356,1.86E-10,6.76E-09,-8.328327,Down
GSE39645,ZMAT3,0.691078,1.87E-10,6.79E-09,8.326305,Up
GSE39645,TPP1,1.413039,1.9E-10,6.88E-09,8.321096,Up
GSE39645,IGSF3,-0.884797,1.9E-10,6.88E-09,-8.321082,Down
GSE39645,MOSPD2,1.63242,1.92E-10,6.92E-09,8.318601,Up
GSE39645,MYRIP,-0.899562,1.93E-10,6.93E-09,-8.317333,Down
GSE39645,GLI1,-1.037844,1.95E-10,7.01E-09,-8.313358,Down
GSE39645,FAM105A,1.614108,1.97E-10,7.06E-09,8.310375,Up
GSE39645,SYT7,-0.651758,1.99E-10,7.1E-09,-8.30815,Down
GSE39645,RTKN,1.167895,2.02E-10,7.22E-09,8.302084,Up
GSE39645,ERLIN2,0.957349,2.05E-10,7.3E-09,8.297544,Up
GSE39645,FHDC1,1.745645,2.06E-10,7.3E-09,8.297176,Up
GSE39645,FNDC5,-1.086363,2.06E-10,7.3E-09,-8.29671,Down
GSE39645,NAPEPLD,1.296323,2.09E-10,7.39E-09,8.292171,Up
GSE39645,SCCPDH,1.266371,2.11E-10,7.46E-09,8.288951,Up
GSE39645,C1QA,2.087336,2.13E-10,7.49E-09,8.286869,Up
GSE39645,TRPM3,-1.462519,2.18E-10,7.67E-09,-8.27892,Down
GSE39645,RNF213,1.141993,2.2E-10,7.72E-09,8.276259,Up
GSE39645,RND3,1.412941,2.21E-10,7.73E-09,8.275211,Up
GSE39645,PDGFC,1.452605,2.21E-10,7.73E-09,8.274707,Up
GSE39645,CMTM6,0.919254,2.25E-10,7.84E-09,8.269441,Up
GSE39645,SGCB,1.326004,2.28E-10,7.93E-09,8.265216,Up
GSE39645,PLXDC2,1.929414,2.3E-10,7.98E-09,8.262756,Up
GSE39645,SLC45A3///SLC45A3,-0.609042,2.33E-10,8.07E-09,-8.258421,Down
GSE39645,ABLIM3,0.98554,2.37E-10,8.19E-09,8.253447,Up
GSE39645,EPDR1,0.82942,2.38E-10,8.24E-09,8.251002,Up
GSE39645,CELF2,1.558573,2.39E-10,8.26E-09,8.249639,Up
GSE39645,ZDHHC4,0.591238,2.46E-10,8.46E-09,8.241424,Up
GSE39645,PGBD3///ERCC6,0.820645,2.48E-10,8.5E-09,8.239201,Up
GSE39645,SRGAP2D///SRGAP2C///SRGAP2B///SRGAP2,1.227184,2.48E-10,8.5E-09,8.238708,Up
GSE39645,CXCR1,-2.081807,2.49E-10,8.51E-09,-8.237918,Down
GSE39645,ADCY1,-0.743703,2.58E-10,8.82E-09,-8.2259,Down
GSE39645,SERAC1,0.885105,2.63E-10,8.97E-09,8.220038,Up
GSE39645,CPAMD8,-0.867169,2.64E-10,8.97E-09,-8.219449,Down
GSE39645,TBX18,-1.208179,2.65E-10,8.99E-09,-8.218118,Down
GSE39645,MGAT4A,1.856703,2.72E-10,9.18E-09,8.210104,Up
GSE39645,SLC15A4,0.905963,2.72E-10,9.18E-09,8.209952,Up
GSE39645,CAT,1.175894,2.72E-10,9.18E-09,8.209816,Up
GSE39645,KRT19,-1.657729,2.74E-10,9.22E-09,-8.207989,Down
GSE39645,ZNF766,1.011737,2.74E-10,9.22E-09,8.207251,Up
GSE39645,ZNF160,0.761246,2.75E-10,9.23E-09,8.206233,Up
GSE39645,ANTXR2,1.229206,2.76E-10,9.23E-09,8.205805,Up
GSE39645,BMP2K,1.424722,2.76E-10,9.23E-09,8.205262,Up
GSE39645,CCNDBP1,0.833587,2.88E-10,9.6E-09,8.192443,Up
GSE39645,FRMD5,1.388342,2.88E-10,9.6E-09,8.191719,Up
GSE39645,ELN,-0.883023,2.89E-10,9.61E-09,-8.190985,Down
GSE39645,FRY,-1.006915,2.93E-10,9.71E-09,-8.186981,Down
GSE39645,FOXD1,-0.965379,2.94E-10,9.75E-09,-8.185203,Down
GSE39645,CDIPT,1.131929,2.97E-10,9.8E-09,8.181997,Up
GSE39645,SLC16A9,-1.015451,2.98E-10,9.8E-09,-8.181874,Down
GSE39645,STX6,0.877726,2.98E-10,9.8E-09,8.181719,Up
GSE39645,ZMYND8,1.074233,3.02E-10,9.94E-09,8.176848,Up
GSE39645,SP140L,1.000015,3.04E-10,9.95E-09,8.175627,Up
GSE39645,INHBA///INHBA,-2.109367,3.04E-10,9.95E-09,-8.175272,Down
GSE39645,SMPD1,1.124241,3.09E-10,1.01E-08,8.169894,Up
GSE39645,HLA-DPB1,2.122982,3.12E-10,1.02E-08,8.167236,Up
GSE39645,RALBP1,0.967455,3.15E-10,1.03E-08,8.163659,Up
GSE39645,H2AFJ,1.407777,3.17E-10,1.03E-08,8.161923,Up
GSE39645,TAB2,1.370759,3.18E-10,1.03E-08,8.16114,Up
GSE39645,APH1B,1.336481,3.19E-10,1.03E-08,8.160435,Up
GSE39645,SLITRK2,1.507861,3.23E-10,1.04E-08,8.156794,Up
GSE39645,NMNAT2,-0.99091,3.3E-10,1.06E-08,-8.149548,Down
GSE39645,MBNL2,1.339407,3.31E-10,1.06E-08,8.14915,Up
GSE39645,COL14A1,2.517061,3.31E-10,1.07E-08,8.148269,Up
GSE39645,NRXN2,-0.765215,3.34E-10,1.07E-08,-8.145924,Down
GSE39645,ELMO1,1.726351,3.35E-10,1.07E-08,8.145259,Up
GSE39645,CADM1,0.906832,3.36E-10,1.07E-08,8.144327,Up
GSE39645,DGAT2,-1.172129,3.41E-10,1.09E-08,-8.139274,Down
GSE39645,PRICKLE1,-1.615672,3.43E-10,1.09E-08,-8.137353,Down
GSE39645,IFI35,1.162545,3.43E-10,1.09E-08,8.137314,Up
GSE39645,ZNF827,-0.706872,3.47E-10,1.1E-08,-8.133834,Down
GSE39645,APOBEC3C,1.653664,3.5E-10,1.11E-08,8.131324,Up
GSE39645,DYNLT3,1.095337,3.52E-10,1.11E-08,8.129788,Up
GSE39645,KDM3A,1.256318,3.53E-10,1.12E-08,8.128421,Up
GSE39645,ADPRM,0.858228,3.54E-10,1.12E-08,8.127576,Up
GSE39645,C1QB,1.899693,3.57E-10,1.12E-08,8.125442,Up
GSE39645,XG,-0.93904,3.59E-10,1.13E-08,-8.123523,Down
GSE39645,FBXO25,0.626266,3.62E-10,1.14E-08,8.12069,Up
GSE39645,HSPG2,1.672353,3.65E-10,1.14E-08,8.118108,Up
GSE39645,SERPINB6,0.8453,3.66E-10,1.14E-08,8.11757,Up
GSE39645,WNT2,-0.939278,3.72E-10,1.16E-08,-8.112342,Down
GSE39645,TIMP2,0.624002,3.75E-10,1.17E-08,8.10961,Up
GSE39645,GNG3,-0.676131,3.76E-10,1.17E-08,-8.109325,Down
GSE39645,IGSF21,1.505503,3.77E-10,1.17E-08,8.108284,Up
GSE39645,BTBD11,-0.691303,3.84E-10,1.19E-08,-8.102738,Down
GSE39645,KRCC1,1.38004,3.89E-10,1.2E-08,8.09869,Up
GSE39645,P2RX1,-0.705309,3.9E-10,1.2E-08,-8.097717,Down
GSE39645,RBM41,0.942468,3.91E-10,1.2E-08,8.097062,Up
GSE39645,EGLN3,-0.813889,3.92E-10,1.2E-08,-8.096266,Down
GSE39645,HAL,-0.978745,3.93E-10,1.21E-08,-8.095224,Down
GSE39645,KCND2,-1.103382,3.95E-10,1.21E-08,-8.093714,Down
GSE39645,REC8,0.956124,3.97E-10,1.21E-08,8.09255,Up
GSE39645,TNNT2,-1.439682,3.97E-10,1.21E-08,-8.092246,Down
GSE39645,EPB41L3,1.522405,3.97E-10,1.21E-08,8.091998,Up
GSE39645,RASGRF2,-1.251121,3.98E-10,1.21E-08,-8.091178,Down
GSE39645,POPDC3,1.639843,4.05E-10,1.23E-08,8.085921,Up
GSE39645,CD177,-1.176321,4.09E-10,1.24E-08,-8.083001,Down
GSE39645,PLAT,1.357171,4.09E-10,1.24E-08,8.082705,Up
GSE39645,P2RX4,1.499707,4.11E-10,1.24E-08,8.081395,Up
GSE39645,PARP8,1.184445,4.12E-10,1.24E-08,8.080938,Up
GSE39645,ZNF28,0.79618,4.14E-10,1.25E-08,8.07947,Up
GSE39645,CTSO,1.403891,4.2E-10,1.26E-08,8.074484,Up
GSE39645,PPP1R1B,-1.01959,4.27E-10,1.28E-08,-8.069736,Down
GSE39645,ME3,0.761225,4.28E-10,1.28E-08,8.068979,Up
GSE39645,PADI4,-1.029967,4.3E-10,1.29E-08,-8.067243,Down
GSE39645,FAM219B,0.826092,4.34E-10,1.29E-08,8.064745,Up
GSE39645,SGMS1,1.31023,4.34E-10,1.29E-08,8.064726,Up
GSE39645,SOX10,0.840934,4.34E-10,1.29E-08,8.064624,Up
GSE39645,CADM2,2.854003,4.35E-10,1.29E-08,8.063772,Up
GSE39645,HOXA3,-0.662691,4.37E-10,1.3E-08,-8.062184,Down
GSE39645,TCP11L1,0.916312,4.45E-10,1.32E-08,8.05642,Up
GSE39645,CREBL2,1.011551,4.56E-10,1.35E-08,8.049034,Up
GSE39645,GAPT,1.563523,4.56E-10,1.35E-08,8.048917,Up
GSE39645,GIMAP2,1.864418,4.71E-10,1.39E-08,8.038957,Up
GSE39645,GAA,1.311024,4.72E-10,1.39E-08,8.038575,Up
GSE39645,TLR7,1.982121,4.74E-10,1.39E-08,8.037432,Up
GSE39645,KLF5,-1.065832,4.76E-10,1.4E-08,-8.035891,Down
GSE39645,NHLRC3,1.229368,4.79E-10,1.4E-08,8.034074,Up
GSE39645,NRN1,1.947887,4.8E-10,1.4E-08,8.03348,Up
GSE39645,LAMP2,1.282072,4.81E-10,1.4E-08,8.032492,Up
GSE39645,RRAS,1.165898,4.82E-10,1.4E-08,8.032269,Up
GSE39645,GLDN,2.308508,4.9E-10,1.42E-08,8.026854,Up
GSE39645,TNXB///TNXA,-1.372038,4.91E-10,1.42E-08,-8.026563,Down
GSE39645,GPRC5A,-1.689176,4.92E-10,1.43E-08,-8.025413,Down
GSE39645,ADAP2,1.417927,4.93E-10,1.43E-08,8.025026,Up
GSE39645,ARID4A,1.443771,5E-10,1.44E-08,8.020641,Up
GSE39645,ECHDC1,1.579154,5E-10,1.44E-08,8.020387,Up
GSE39645,APP,0.714225,5.11E-10,1.47E-08,8.013907,Up
GSE39645,ORMDL2,0.864797,5.24E-10,1.51E-08,8.00609,Up
GSE39645,GRHL1,-0.806843,5.29E-10,1.52E-08,-8.003417,Down
GSE39645,CCDC115,0.914116,5.33E-10,1.53E-08,8.000962,Up
GSE39645,EBPL,-0.65863,5.33E-10,1.53E-08,-8.000588,Down
GSE39645,DDB2,0.851707,5.37E-10,1.53E-08,7.998523,Up
GSE39645,PHGDH,-1.074535,5.41E-10,1.54E-08,-7.996294,Down
GSE39645,WISP1,-0.627411,5.52E-10,1.57E-08,-7.990089,Down
GSE39645,FFAR2,-1.598709,5.53E-10,1.57E-08,-7.989577,Down
GSE39645,1,-1.286386,5.53E-10,1.57E-08,-7.989287,Down
GSE39645,C6,-1.209794,5.54E-10,1.57E-08,-7.98891,Down
GSE39645,COL28A1,2.107416,5.56E-10,1.57E-08,7.987807,Up
GSE39645,RAB11FIP2,1.277334,5.57E-10,1.57E-08,7.987402,Up
GSE39645,COMT,0.960457,5.58E-10,1.57E-08,7.986507,Up
GSE39645,PTPN5,-0.952828,5.67E-10,1.59E-08,-7.981853,Down
GSE39645,TSPAN15,1.393073,5.73E-10,1.61E-08,7.978596,Up
GSE39645,TIGAR,1.438387,5.74E-10,1.61E-08,7.97774,Up
GSE39645,MYZAP///GCOM1,-0.942859,5.77E-10,1.62E-08,-7.976197,Down
GSE39645,KALRN,-0.880179,5.84E-10,1.63E-08,-7.972754,Down
GSE39645,FOXS1,-0.880281,5.94E-10,1.66E-08,-7.967399,Down
GSE39645,RASSF9,-0.834129,6.03E-10,1.68E-08,-7.962674,Down
GSE39645,FAM26E,1.958029,6.21E-10,1.73E-08,7.95374,Up
GSE39645,CD4,1.596239,6.21E-10,1.73E-08,7.953356,Up
GSE39645,CXorf21,1.872969,6.22E-10,1.73E-08,7.952906,Up
GSE39645,RAB27B,-0.988152,6.24E-10,1.73E-08,-7.951933,Down
GSE39645,TMCO4,0.809301,6.29E-10,1.74E-08,7.949554,Up
GSE39645,BECN1,0.825426,6.33E-10,1.75E-08,7.94748,Up
GSE39645,SGCE,1.365297,6.45E-10,1.78E-08,7.941572,Up
GSE39645,PSME1,0.682963,6.51E-10,1.79E-08,7.938862,Up
GSE39645,DDIT4L,-0.832945,6.65E-10,1.83E-08,-7.932388,Down
GSE39645,HSPA4L,1.250967,6.7E-10,1.84E-08,7.930224,Up
GSE39645,HTR2A,-0.91914,6.73E-10,1.84E-08,-7.928573,Down
GSE39645,CA12,-1.191013,6.8E-10,1.86E-08,-7.925298,Down
GSE39645,FAM21A///FAM21C,1.272282,6.84E-10,1.87E-08,7.923676,Up
GSE39645,GPM6B,1.717367,6.88E-10,1.87E-08,7.921987,Up
GSE39645,ENO2,1.057771,6.89E-10,1.87E-08,7.921387,Up
GSE39645,NTM,1.400128,6.89E-10,1.87E-08,7.921178,Up
GSE39645,CEP350,1.247639,6.98E-10,1.89E-08,7.917299,Up
GSE39645,TGOLN2,0.788649,7.03E-10,1.91E-08,7.915123,Up
GSE39645,EPHA7,-0.97624,7.06E-10,1.91E-08,-7.913846,Down
GSE39645,TEX2,1.24388,7.06E-10,1.91E-08,7.913662,Up
GSE39645,SLC35A1,1.20532,7.2E-10,1.94E-08,7.907595,Up
GSE39645,CCDC80,-2.774458,7.28E-10,1.96E-08,-7.904254,Down
GSE39645,GSTK1,0.865526,7.33E-10,1.97E-08,7.902471,Up
GSE39645,PENK,2.14703,7.36E-10,1.98E-08,7.900805,Up
GSE39645,NCSTN,0.766304,7.47E-10,2E-08,7.896331,Up
GSE39645,MEOX2,-2.018817,7.49E-10,2E-08,-7.895645,Down
GSE39645,PPT1,1.168595,7.55E-10,2.02E-08,7.893325,Up
GSE39645,SLCO2B1,2.160561,7.74E-10,2.07E-08,7.885422,Up
GSE39645,ADPRH,0.874305,7.76E-10,2.07E-08,7.884496,Up
GSE39645,ATG4A,0.967998,7.84E-10,2.09E-08,7.881506,Up
GSE39645,ANXA2,0.650742,7.96E-10,2.11E-08,7.87677,Up
GSE39645,SCPEP1,1.043226,8.03E-10,2.13E-08,7.873971,Up
GSE39645,PIP4K2C,0.80586,8.03E-10,2.13E-08,7.87396,Up
GSE39645,TARSL2,0.993822,8.13E-10,2.15E-08,7.870293,Up
GSE39645,RYR3,-1.374733,8.26E-10,2.18E-08,-7.865368,Down
GSE39645,SNCAIP,-0.755258,8.39E-10,2.21E-08,-7.860402,Down
GSE39645,RAP1GDS1,1.421914,8.48E-10,2.23E-08,7.85745,Up
GSE39645,LRRC32,-1.356152,8.51E-10,2.24E-08,-7.856163,Down
GSE39645,METTL18,0.944629,8.57E-10,2.25E-08,7.854163,Up
GSE39645,CCDC85C,-0.66383,8.58E-10,2.25E-08,-7.853587,Down
GSE39645,KDM4C,1.013266,8.73E-10,2.28E-08,7.848351,Up
GSE39645,REEP1,-0.825809,8.75E-10,2.29E-08,-7.847619,Down
GSE39645,GTDC1,0.929034,8.82E-10,2.3E-08,7.845277,Up
GSE39645,KLHL4,-1.037855,8.9E-10,2.32E-08,-7.842236,Down
GSE39645,ACP6,1.14972,9.11E-10,2.37E-08,7.835353,Up
GSE39645,ZMYM6,0.654838,9.14E-10,2.37E-08,7.834135,Up
GSE39645,RHBDF1,1.280841,9.15E-10,2.37E-08,7.833769,Up
GSE39645,PPT2-EGFL8///AGPAT1,0.983412,9.15E-10,2.37E-08,7.833715,Up
GSE39645,ARPC1B,1.099529,9.38E-10,2.42E-08,7.826322,Up
GSE39645,IL18,1.89019,9.4E-10,2.43E-08,7.825452,Up
GSE39645,MIA-RAB4B///MIA,1.867527,9.52E-10,2.45E-08,7.821636,Up
GSE39645,KDSR,0.998121,9.55E-10,2.46E-08,7.820567,Up
GSE39645,MAPK12,-0.66982,9.79E-10,2.52E-08,-7.813111,Down
GSE39645,LMBRD1,1.324473,9.8E-10,2.52E-08,7.812633,Up
GSE39645,KRBOX4,0.729645,9.84E-10,2.52E-08,7.811391,Up
GSE39645,ERG,-1.036859,9.92E-10,2.54E-08,-7.809064,Down
GSE39645,NIPAL3,1.042362,1.01E-09,2.58E-08,7.804161,Up
GSE39645,CTSD,1.216318,1.01E-09,2.58E-08,7.802917,Up
GSE39645,STAT2,1.008737,1.03E-09,2.62E-08,7.798525,Up
GSE39645,CYP4X1,-1.115096,1.03E-09,2.62E-08,-7.79732,Down
GSE39645,EPHB6,-0.572289,1.05E-09,2.66E-08,-7.792528,Down
GSE39645,OS9,0.646489,1.05E-09,2.67E-08,7.791319,Up
GSE39645,ANXA1,0.595548,1.06E-09,2.67E-08,7.789865,Up
GSE39645,TSHZ2,-1.746929,1.07E-09,2.71E-08,-7.785351,Down
GSE39645,HTT,1.296431,1.07E-09,2.71E-08,7.784452,Up
GSE39645,FGFR2,-1.691824,1.11E-09,2.81E-08,-7.773412,Down
GSE39645,C8orf46,1.586621,1.12E-09,2.81E-08,7.772733,Up
GSE39645,RAB20,1.281342,1.12E-09,2.82E-08,7.771595,Up
GSE39645,DCSTAMP,-1.126519,1.12E-09,2.82E-08,-7.770559,Down
GSE39645,SLC46A3///SLC46A3,1.322299,1.13E-09,2.84E-08,7.768772,Up
GSE39645,NCALD,1.554551,1.13E-09,2.84E-08,7.76778,Up
GSE39645,C1QC,2.008561,1.14E-09,2.86E-08,7.765426,Up
GSE39645,PTPRN,-0.569659,1.15E-09,2.88E-08,-7.762872,Down
GSE39645,STEAP4,-2.16901,1.16E-09,2.89E-08,-7.761,Down
GSE39645,GLT1D1,-1.298317,1.16E-09,2.89E-08,-7.760852,Down
GSE39645,PCOLCE2,-1.724935,1.16E-09,2.89E-08,-7.760099,Down
GSE39645,CDH6,1.418475,1.17E-09,2.9E-08,7.759095,Up
GSE39645,COMMD3-BMI1///BMI1///COMMD3-BMI1///BMI1,1.428708,1.17E-09,2.9E-08,7.758433,Up
GSE39645,MFAP2,-1.031711,1.17E-09,2.9E-08,-7.757758,Down
GSE39645,SQRDL,0.940839,1.18E-09,2.92E-08,7.75525,Up
GSE39645,TSPAN31///TSPAN31,0.963904,1.18E-09,2.92E-08,7.754422,Up
GSE39645,PRMT2,1.280531,1.19E-09,2.93E-08,7.752775,Up
GSE39645,TRIM21,0.957631,1.19E-09,2.93E-08,7.752762,Up
GSE39645,FADS3,0.953986,1.19E-09,2.94E-08,7.751878,Up
GSE39645,LAMP1,0.870371,1.21E-09,2.96E-08,7.749044,Up
GSE39645,SLC4A2,0.744392,1.21E-09,2.96E-08,7.748781,Up
GSE39645,CD86,1.857616,1.21E-09,2.96E-08,7.748013,Up
GSE39645,GHR,-1.257805,1.22E-09,2.98E-08,-7.745965,Down
GSE39645,SLC2A8,0.542757,1.22E-09,2.98E-08,7.745303,Up
GSE39645,HHIP,-1.795623,1.24E-09,3.02E-08,-7.740669,Down
GSE39645,MFSD1,1.26499,1.24E-09,3.02E-08,7.740343,Up
GSE39645,HOXB3,-0.622932,1.24E-09,3.02E-08,-7.739758,Down
GSE39645,TYRO3,1.545561,1.25E-09,3.04E-08,7.73767,Up
GSE39645,PTAR1,1.254195,1.26E-09,3.05E-08,7.735583,Up
GSE39645,ABHD4,1.088348,1.26E-09,3.06E-08,7.734375,Up
GSE39645,ALS2,0.979707,1.27E-09,3.06E-08,7.733836,Up
GSE39645,DPP4,-1.607076,1.3E-09,3.14E-08,-7.726019,Down
GSE39645,ZNF383,1.025345,1.3E-09,3.14E-08,7.725009,Up
GSE39645,IFITM3,0.732146,1.31E-09,3.17E-08,7.722296,Up
GSE39645,OLR1,2.731746,1.32E-09,3.18E-08,7.721018,Up
GSE39645,PLEKHH2,-1.253444,1.35E-09,3.24E-08,-7.714392,Down
GSE39645,ALDH4A1,1.310875,1.36E-09,3.25E-08,7.712823,Up
GSE39645,ARSF,-0.656368,1.36E-09,3.25E-08,-7.712253,Down
GSE39645,DHRS7B,0.715384,1.37E-09,3.27E-08,7.710004,Up
GSE39645,FAM21A///FAM21C,1.198815,1.37E-09,3.28E-08,7.709193,Up
GSE39645,ENTPD5,0.847862,1.37E-09,3.28E-08,7.708622,Up
GSE39645,MLLT10,1.064409,1.39E-09,3.3E-08,7.706039,Up
GSE39645,ZC4H2,1.198854,1.4E-09,3.33E-08,7.703374,Up
GSE39645,INF2,1.089522,1.42E-09,3.37E-08,7.699371,Up
GSE39645,FAM102A,1.314495,1.42E-09,3.37E-08,7.698305,Up
GSE39645,RAI2,-0.739361,1.44E-09,3.41E-08,-7.694928,Down
GSE39645,ATP2C1,1.154561,1.45E-09,3.43E-08,7.692423,Up
GSE39645,ZNF665,1.563433,1.46E-09,3.46E-08,7.689569,Up
GSE39645,CNTFR,-1.292554,1.46E-09,3.46E-08,-7.689163,Down
GSE39645,C3orf52,-1.034526,1.47E-09,3.47E-08,-7.687735,Down
GSE39645,DEPDC1B,-0.825407,1.48E-09,3.48E-08,-7.686513,Down
GSE39645,MFGE8,1.041672,1.48E-09,3.49E-08,7.684919,Up
GSE39645,EIF2AK2,1.534186,1.49E-09,3.5E-08,7.683565,Up
GSE39645,ARL8A,0.867204,1.54E-09,3.6E-08,7.674539,Up
GSE39645,AXL,1.014511,1.55E-09,3.62E-08,7.672294,Up
GSE39645,PLIN1,-1.535335,1.55E-09,3.63E-08,-7.670911,Down
GSE39645,CMTM3,0.66126,1.55E-09,3.63E-08,7.670802,Up
GSE39645,ATL1,1.369589,1.56E-09,3.63E-08,7.67009,Up
GSE39645,FAM21A///FAM21C,1.254616,1.56E-09,3.64E-08,7.668987,Up
GSE39645,NA,-0.636853,1.58E-09,3.67E-08,-7.666234,Down
GSE39645,DIRAS2,1.99994,1.58E-09,3.68E-08,7.665305,Up
GSE39645,LAMC1,1.541044,1.6E-09,3.71E-08,7.662165,Up
GSE39645,SIL1,0.719517,1.62E-09,3.76E-08,7.657664,Up
GSE39645,HEPN1,1.941652,1.63E-09,3.78E-08,7.655985,Up
GSE39645,ASCC3,1.010035,1.63E-09,3.78E-08,7.655456,Up
GSE39645,DYRK4,0.70078,1.65E-09,3.8E-08,7.653296,Up
GSE39645,TRPM6,-0.884914,1.67E-09,3.84E-08,-7.649163,Down
GSE39645,EDNRB,1.933641,1.68E-09,3.87E-08,7.646935,Up
GSE39645,FUNDC2,0.734848,1.71E-09,3.93E-08,7.6412,Up
GSE39645,SIPA1L2,1.304452,1.71E-09,3.93E-08,7.641135,Up
GSE39645,UTRN,1.233295,1.72E-09,3.95E-08,7.639652,Up
GSE39645,PLIN4,-1.517989,1.73E-09,3.95E-08,-7.638762,Down
GSE39645,CYB5R2,1.885346,1.74E-09,3.99E-08,7.635388,Up
GSE39645,NR2F1,0.871552,1.75E-09,3.99E-08,7.635237,Up
GSE39645,CXCR2,-1.470941,1.75E-09,4E-08,-7.633662,Down
GSE39645,FRMD3,1.175884,1.78E-09,4.05E-08,7.629931,Up
GSE39645,TLR1,1.244849,1.81E-09,4.12E-08,7.624121,Up
GSE39645,RNF157,1.024249,1.85E-09,4.21E-08,7.616622,Up
GSE39645,PARP6,0.732037,1.87E-09,4.25E-08,7.613824,Up
GSE39645,HCFC2,1.333155,1.89E-09,4.28E-08,7.611318,Up
GSE39645,HOXC5,-0.683779,1.91E-09,4.32E-08,-7.607752,Down
GSE39645,CLEC3B,-0.973252,1.92E-09,4.35E-08,-7.605376,Down
GSE39645,PALD1,1.373214,1.94E-09,4.39E-08,7.602093,Up
GSE39645,RAB11FIP5,-0.490388,1.97E-09,4.44E-08,-7.598522,Down
GSE39645,PSAP,0.703254,1.98E-09,4.47E-08,7.595911,Up
GSE39645,GPR83,3.076528,2E-09,4.5E-08,7.593672,Up
GSE39645,ERAP1,1.216472,2.03E-09,4.55E-08,7.589398,Up
GSE39645,PON2,1.615907,2.03E-09,4.56E-08,7.588515,Up
GSE39645,LGALS9,1.803925,2.04E-09,4.57E-08,7.587469,Up
GSE39645,INO80,0.863097,2.04E-09,4.58E-08,7.586747,Up
GSE39645,IL20RA,-0.857869,2.05E-09,4.58E-08,-7.585887,Down
GSE39645,XK,-0.601776,2.07E-09,4.61E-08,-7.583531,Down
GSE39645,C3orf38,1.114274,2.07E-09,4.62E-08,7.582848,Up
GSE39645,EMB,1.3959,2.09E-09,4.65E-08,7.580211,Up
GSE39645,KRT222,-0.735496,2.13E-09,4.73E-08,-7.574087,Down
GSE39645,EIF3F,0.873373,2.13E-09,4.73E-08,7.574084,Up
GSE39645,MTHFD1L,1.167524,2.14E-09,4.74E-08,7.572999,Up
GSE39645,USP9X,1.238646,2.16E-09,4.78E-08,7.570311,Up
GSE39645,RNF152,-1.036765,2.16E-09,4.78E-08,-7.570056,Down
GSE39645,ATP6AP1,0.92614,2.16E-09,4.78E-08,7.569321,Up
GSE39645,EBF1///PDGFRB,-1.828676,2.18E-09,4.82E-08,-7.566558,Down
GSE39645,HDAC11,1.31478,2.21E-09,4.86E-08,7.563534,Up
GSE39645,FGFRL1,-0.749476,2.21E-09,4.87E-08,-7.562562,Down
GSE39645,BROX,1.315261,2.22E-09,4.88E-08,7.561671,Up
GSE39645,IL17RD,-0.756547,2.24E-09,4.91E-08,-7.559401,Down
GSE39645,EDIL3,2.171626,2.25E-09,4.93E-08,7.55785,Up
GSE39645,SPEG,-0.684637,2.28E-09,4.98E-08,-7.55395,Down
GSE39645,TM7SF3,0.841852,2.29E-09,5E-08,7.552548,Up
GSE39645,PPP1R1A,-0.939386,2.3E-09,5.03E-08,-7.550364,Down
GSE39645,ABCA3,1.305108,2.32E-09,5.06E-08,7.547995,Up
GSE39645,MPZL3,-0.727575,2.32E-09,5.06E-08,-7.547807,Down
GSE39645,PALLD,0.993192,2.33E-09,5.06E-08,7.547215,Up
GSE39645,GALNT3,-0.867631,2.33E-09,5.06E-08,-7.546945,Down
GSE39645,CERS6,1.175046,2.35E-09,5.1E-08,7.54447,Up
GSE39645,RABEP1,1.233935,2.35E-09,5.1E-08,7.544081,Up
GSE39645,VSIG4,2.052318,2.36E-09,5.11E-08,7.543009,Up
GSE39645,EBF3,-1.511153,2.38E-09,5.15E-08,-7.54034,Down
GSE39645,PRPH,-0.552351,2.41E-09,5.21E-08,-7.536091,Down
GSE39645,IRF2,0.833485,2.42E-09,5.23E-08,7.534645,Up
GSE39645,ST6GALNAC5,0.962444,2.43E-09,5.23E-08,7.534231,Up
GSE39645,SERTAD2,0.975723,2.43E-09,5.23E-08,7.534114,Up
GSE39645,DIP2B,0.985148,2.44E-09,5.26E-08,7.532025,Up
GSE39645,SH3D19,1.473844,2.49E-09,5.35E-08,7.526423,Up
GSE39645,PDE1A,-1.906144,2.51E-09,5.38E-08,-7.523927,Down
GSE39645,SFMBT2,1.318298,2.51E-09,5.38E-08,7.523668,Up
GSE39645,RBMS2,0.862589,2.52E-09,5.39E-08,7.52263,Up
GSE39645,BTK,1.370996,2.55E-09,5.45E-08,7.518969,Up
GSE39645,ZNF354A,0.831196,2.56E-09,5.47E-08,7.517459,Up
GSE39645,ADAMTS14,-0.80505,2.57E-09,5.48E-08,-7.516493,Down
GSE39645,RSAD2,2.240223,2.61E-09,5.56E-08,7.511564,Up
GSE39645,CYLD,1.09793,2.62E-09,5.56E-08,7.511417,Up
GSE39645,PARP12,1.017936,2.64E-09,5.61E-08,7.508357,Up
GSE39645,CREB3L1,-1.282812,2.69E-09,5.72E-08,-7.502272,Down
GSE39645,GLMP,1.293791,2.73E-09,5.78E-08,7.498687,Up
GSE39645,PID1,-0.814215,2.75E-09,5.82E-08,-7.49602,Down
GSE39645,RPS10-NUDT3///NUDT3,0.543144,2.75E-09,5.82E-08,7.495749,Up
GSE39645,ACP2,1.030231,2.8E-09,5.9E-08,7.490752,Up
GSE39645,TRIM38,1.177444,2.8E-09,5.9E-08,7.490559,Up
GSE39645,TMEM256-PLSCR3///PLSCR3,0.813451,2.82E-09,5.94E-08,7.488478,Up
GSE39645,SAT2,0.871627,2.84E-09,5.97E-08,7.486289,Up
GSE39645,RGS22,-0.839322,2.84E-09,5.98E-08,-7.48578,Down
GSE39645,GALT,0.677701,2.9E-09,6.09E-08,7.479847,Up
GSE39645,SHROOM1,-0.575178,2.93E-09,6.13E-08,-7.477134,Down
GSE39645,HAS2,-1.946769,2.94E-09,6.16E-08,-7.47536,Down
GSE39645,NUMB,0.623907,3.02E-09,6.32E-08,7.467283,Up
GSE39645,PCBP4,1.102398,3.03E-09,6.34E-08,7.466009,Up
GSE39645,PGPEP1,0.787184,3.08E-09,6.42E-08,7.46125,Up
GSE39645,ITGA3,1.52429,3.08E-09,6.42E-08,7.461121,Up
GSE39645,DHX58,1.071423,3.09E-09,6.43E-08,7.460344,Up
GSE39645,RDH10,1.460039,3.11E-09,6.46E-08,7.458671,Up
GSE39645,BTN3A1,1.077085,3.12E-09,6.49E-08,7.457089,Up
GSE39645,FLOT1,0.841056,3.13E-09,6.49E-08,7.456542,Up
GSE39645,HEPACAM,1.940688,3.15E-09,6.53E-08,7.454368,Up
GSE39645,RPS27L,0.932492,3.22E-09,6.65E-08,7.448305,Up
GSE39645,GMFB,1.315537,3.28E-09,6.79E-08,7.441888,Up
GSE39645,KCNIP3,-0.634832,3.35E-09,6.91E-08,-7.435578,Down
GSE39645,DCP1B,0.765472,3.36E-09,6.91E-08,7.4353,Up
GSE39645,FERMT1,-0.692484,3.36E-09,6.91E-08,-7.435159,Down
GSE39645,INMT-FAM188B///INMT,-1.06171,3.36E-09,6.91E-08,-7.435077,Down
GSE39645,ZNF846,1.265609,3.36E-09,6.91E-08,7.434412,Up
GSE39645,TOLLIP,0.901655,3.38E-09,6.93E-08,7.433027,Up
GSE39645,ANKRD6,0.741006,3.38E-09,6.93E-08,7.432758,Up
GSE39645,C1orf162,1.487638,3.39E-09,6.93E-08,7.432372,Up
GSE39645,DNAJC1,0.993588,3.39E-09,6.93E-08,7.432202,Up
GSE39645,PHF20,0.968231,3.41E-09,6.97E-08,7.430141,Up
GSE39645,MICAL2,-1.571376,3.42E-09,6.98E-08,-7.429102,Down
GSE39645,CRLF2///CRLF2,-0.865224,3.43E-09,6.98E-08,-7.428997,Down
GSE39645,ZSWIM6,1.077515,3.43E-09,6.99E-08,7.428326,Up
GSE39645,TRMT10B,0.823834,3.45E-09,7.01E-08,7.426836,Up
GSE39645,C19orf33,-1.130497,3.45E-09,7.01E-08,-7.426828,Down
GSE39645,SERPINB9,1.336273,3.47E-09,7.05E-08,7.424655,Up
GSE39645,TKTL1,-0.821225,3.5E-09,7.09E-08,-7.422458,Down
GSE39645,NAGA,1.025202,3.53E-09,7.14E-08,7.419799,Up
GSE39645,HTRA2,0.60181,3.58E-09,7.23E-08,7.415654,Up
GSE39645,TGFB3,-1.571212,3.58E-09,7.23E-08,-7.415632,Down
GSE39645,B3GALT4,0.612368,3.59E-09,7.24E-08,7.4147,Up
GSE39645,ADK,1.085489,3.61E-09,7.27E-08,7.412892,Up
GSE39645,FBXO8,0.893371,3.62E-09,7.28E-08,7.412287,Up
GSE39645,ACKR1,-1.197941,3.65E-09,7.33E-08,-7.409676,Down
GSE39645,AVPR1A,-0.781772,3.65E-09,7.34E-08,-7.409203,Down
GSE39645,P4HA2,0.96118,3.69E-09,7.4E-08,7.406174,Up
GSE39645,CERS4,1.059118,3.71E-09,7.43E-08,7.404531,Up
GSE39645,GPIHBP1,-0.658218,3.72E-09,7.45E-08,-7.40353,Down
GSE39645,PTPRD,-1.311647,3.73E-09,7.46E-08,-7.402955,Down
GSE39645,LIPA,1.345526,3.76E-09,7.51E-08,7.400283,Up
GSE39645,EPHA3,2.377151,3.79E-09,7.56E-08,7.397897,Up
GSE39645,KLHL29,0.964411,3.81E-09,7.6E-08,7.396154,Up
GSE39645,PLEKHB2,0.870854,3.82E-09,7.6E-08,7.395721,Up
GSE39645,MMP15,1.947058,3.83E-09,7.6E-08,7.395083,Up
GSE39645,INTS10,1.389295,3.83E-09,7.6E-08,7.395016,Up
GSE39645,DAGLB,1.287784,3.84E-09,7.6E-08,7.394214,Up
GSE39645,TENM1,-0.806727,3.84E-09,7.6E-08,-7.394135,Down
GSE39645,NGF,-0.717957,3.85E-09,7.61E-08,-7.393604,Down
GSE39645,THBS2,1.792936,3.87E-09,7.64E-08,7.392024,Up
GSE39645,DDR1,1.258834,3.89E-09,7.68E-08,7.389909,Up
GSE39645,RTP4,1.311238,3.9E-09,7.68E-08,7.389759,Up
GSE39645,AGA,1.347082,3.91E-09,7.7E-08,7.388638,Up
GSE39645,MRGPRF,-0.943054,3.94E-09,7.76E-08,-7.386012,Down
GSE39645,DOK1,0.989814,3.97E-09,7.79E-08,7.384035,Up
GSE39645,GALK2,0.987082,3.97E-09,7.79E-08,7.384019,Up
GSE39645,POLD4,0.70592,4E-09,7.84E-08,7.381846,Up
GSE39645,PAQR7,0.668552,4.02E-09,7.87E-08,7.380327,Up
GSE39645,PDGFRL,-2.238949,4.03E-09,7.87E-08,-7.379495,Down
GSE39645,CDH18,-0.755232,4.03E-09,7.87E-08,-7.379397,Down
GSE39645,ZNF845,1.143646,4.06E-09,7.93E-08,7.376799,Up
GSE39645,QSOX1,0.907605,4.09E-09,7.98E-08,7.374572,Up
GSE39645,ATP10B,0.929964,4.13E-09,8.05E-08,7.371553,Up
GSE39645,MARVELD1,1.035324,4.15E-09,8.07E-08,7.370514,Up
GSE39645,GREB1L,-0.830408,4.17E-09,8.1E-08,-7.36929,Down
GSE39645,GPD1,-1.649617,4.17E-09,8.1E-08,-7.368859,Down
GSE39645,SLC39A6,1.387168,4.19E-09,8.13E-08,7.36725,Up
GSE39645,TGFBRAP1,0.923624,4.21E-09,8.15E-08,7.366218,Up
GSE39645,ID1,-1.38516,4.22E-09,8.17E-08,-7.365099,Down
GSE39645,FNIP1,0.88344,4.24E-09,8.19E-08,7.364218,Up
GSE39645,ACVR1C,-1.266623,4.26E-09,8.22E-08,-7.362506,Down
GSE39645,GAS7,1.483509,4.27E-09,8.24E-08,7.361521,Up
GSE39645,DENND6A,1.055164,4.29E-09,8.27E-08,7.36007,Up
GSE39645,RAB9A,0.909683,4.33E-09,8.34E-08,7.35732,Up
GSE39645,MS4A14///MS4A7,1.530989,4.4E-09,8.46E-08,7.352642,Up
GSE39645,ALLC,-1.134761,4.45E-09,8.54E-08,-7.349404,Down
GSE39645,ADAMTS18,-0.935302,4.47E-09,8.57E-08,-7.3478,Down
GSE39645,LANCL3,-0.60884,4.48E-09,8.58E-08,-7.347298,Down
GSE39645,CRYAB,1.404841,4.48E-09,8.58E-08,7.346872,Up
GSE39645,STAT1,1.12857,4.5E-09,8.59E-08,7.345795,Up
GSE39645,CCDC107,0.75201,4.5E-09,8.59E-08,7.345785,Up
GSE39645,ATAD1,1.050802,4.56E-09,8.69E-08,7.342019,Up
GSE39645,VAMP4,1.150732,4.59E-09,8.74E-08,7.339991,Up
GSE39645,HSD17B11,0.987273,4.64E-09,8.83E-08,7.336604,Up
GSE39645,NOS1,-1.27408,4.65E-09,8.85E-08,-7.335626,Down
GSE39645,CMTM7,0.706536,4.68E-09,8.9E-08,7.333539,Up
GSE39645,ATP6V1C1,1.346564,4.7E-09,8.91E-08,7.332641,Up
GSE39645,ANXA4,1.036837,4.7E-09,8.91E-08,7.332588,Up
GSE39645,RAP1A,1.035073,4.76E-09,9.02E-08,7.328518,Up
GSE39645,ARHGEF15,-0.591176,4.8E-09,9.08E-08,-7.326016,Down
GSE39645,ADCY2,-1.412175,4.83E-09,9.12E-08,-7.324092,Down
GSE39645,PTCH2,-1.30829,4.83E-09,9.12E-08,-7.32408,Down
GSE39645,SLC43A1,-0.752579,4.84E-09,9.12E-08,-7.323802,Down
GSE39645,C8orf4,2.179997,4.9E-09,9.23E-08,7.319621,Up
GSE39645,MILR1///MILR1,1.485981,4.94E-09,9.28E-08,7.31761,Up
GSE39645,RRN3P1///RRN3P2///RRN3,1.298649,5.03E-09,9.45E-08,7.312031,Up
GSE39645,CNTN3,-0.737623,5.06E-09,9.5E-08,-7.309904,Down
GSE39645,NCOA2,0.932462,5.08E-09,9.53E-08,7.308734,Up
GSE39645,PKN1,0.83485,5.13E-09,9.61E-08,7.305721,Up
GSE39645,PDZD4,1.238776,5.15E-09,9.64E-08,7.304529,Up
GSE39645,EXD2,0.758054,5.2E-09,9.71E-08,7.302019,Up
GSE39645,PRNP,0.909491,5.21E-09,9.72E-08,7.300995,Up
GSE39645,C5orf15,1.095596,5.21E-09,9.72E-08,7.300965,Up
GSE39645,THTPA,0.969834,5.22E-09,9.73E-08,7.300533,Up
GSE39645,VPS11,1.068013,5.26E-09,9.79E-08,7.298117,Up
GSE39645,LRRN4CL,-0.767516,5.27E-09,9.8E-08,-7.297569,Down
GSE39645,DMD,1.475309,5.28E-09,9.81E-08,7.296853,Up
GSE39645,CECR1,1.165148,5.29E-09,9.82E-08,7.296478,Up
GSE39645,LAMB2,0.925218,5.3E-09,9.82E-08,7.296047,Up
GSE39645,OTOS,-0.720563,5.33E-09,9.87E-08,-7.294068,Down
GSE39645,CLSTN1,0.986409,5.42E-09,1E-07,7.289086,Up
GSE39645,ZNF468,0.757106,5.54E-09,1.02E-07,7.282736,Up
GSE39645,CFAP47,-0.578764,5.55E-09,1.02E-07,-7.281884,Down
GSE39645,SEMA3E,-0.951547,5.64E-09,1.04E-07,-7.276915,Down
GSE39645,FXYD3,1.320119,5.65E-09,1.04E-07,7.276476,Up
GSE39645,ZFP3,0.909658,5.66E-09,1.04E-07,7.276007,Up
GSE39645,ACAT1,1.037741,5.69E-09,1.05E-07,7.274415,Up
GSE39645,AOAH,1.649687,5.8E-09,1.06E-07,7.268402,Up
GSE39645,PLXNB2,1.075371,5.81E-09,1.06E-07,7.268016,Up
GSE39645,AUH,0.832423,5.81E-09,1.06E-07,7.267882,Up
GSE39645,HLX,-0.612833,5.82E-09,1.06E-07,-7.26766,Down
GSE39645,SLITRK5,1.238852,5.82E-09,1.06E-07,7.26763,Up
GSE39645,DCK,1.048016,5.86E-09,1.07E-07,7.265134,Up
GSE39645,AKR1C2,-1.960947,5.87E-09,1.07E-07,-7.265009,Down
GSE39645,CGNL1,-1.407567,5.9E-09,1.08E-07,-7.263315,Down
GSE39645,NHSL2,-0.69032,6.01E-09,1.09E-07,-7.257753,Down
GSE39645,GRIN2B,1.885506,6.05E-09,1.1E-07,7.255896,Up
GSE39645,SLFN5,1.02912,6.06E-09,1.1E-07,7.255115,Up
GSE39645,USP24,1.032086,6.08E-09,1.1E-07,7.254398,Up
GSE39645,SGIP1,-0.700906,6.16E-09,1.12E-07,-7.250094,Down
GSE39645,B4GAT1,0.977119,6.19E-09,1.12E-07,7.248918,Up
GSE39645,SNX30,0.905577,6.26E-09,1.13E-07,7.245363,Up
GSE39645,JAK2,0.910368,6.37E-09,1.15E-07,7.24012,Up
GSE39645,MFSD6,1.096024,6.37E-09,1.15E-07,7.24011,Up
GSE39645,TMEM192,0.829824,6.37E-09,1.15E-07,7.239981,Up
GSE39645,TERF1,1.220031,6.38E-09,1.15E-07,7.239712,Up
GSE39645,SLITRK4,-0.693025,6.38E-09,1.15E-07,-7.2395,Down
GSE39645,FAM150B,-0.798907,6.48E-09,1.17E-07,-7.234838,Down
GSE39645,CACNA1E,-0.742274,6.53E-09,1.17E-07,-7.232604,Down
GSE39645,DOCK4,1.556406,6.55E-09,1.17E-07,7.231689,Up
GSE39645,SNED1,-1.059248,6.58E-09,1.18E-07,-7.230232,Down
GSE39645,ADCK2,1.053674,6.63E-09,1.19E-07,7.227678,Up
GSE39645,FBXL4,1.175782,6.66E-09,1.19E-07,7.226563,Up
GSE39645,WBP11,1.207779,6.73E-09,1.2E-07,7.223099,Up
GSE39645,TUBG2,0.991425,6.77E-09,1.21E-07,7.22149,Up
GSE39645,PLEKHF2,0.77683,6.79E-09,1.21E-07,7.22039,Up
GSE39645,BRINP2,-0.830595,6.8E-09,1.21E-07,-7.220053,Down
GSE39645,MDP1///CHMP4A,0.72906,6.83E-09,1.22E-07,7.218908,Up
GSE39645,MTMR10,1.185906,6.95E-09,1.24E-07,7.213325,Up
GSE39645,NLRP12,-0.761708,6.98E-09,1.24E-07,-7.212354,Down
GSE39645,OSBPL11,1.36661,7.01E-09,1.24E-07,7.210976,Up
GSE39645,TBXAS1,1.372561,7.01E-09,1.24E-07,7.210815,Up
GSE39645,CLN8,0.84046,7.04E-09,1.25E-07,7.209456,Up
GSE39645,ADCY5,-0.947757,7.08E-09,1.25E-07,-7.20768,Down
GSE39645,OSR1,-1.057318,7.09E-09,1.25E-07,-7.207564,Down
GSE39645,MICA,1.36692,7.1E-09,1.25E-07,7.207011,Up
GSE39645,KCTD2,0.732371,7.1E-09,1.25E-07,7.206889,Up
GSE39645,CFAP47,-0.977088,7.14E-09,1.26E-07,-7.205219,Down
GSE39645,PQLC2L,-1.021132,7.15E-09,1.26E-07,-7.204916,Down
GSE39645,SYNRG,0.809524,7.21E-09,1.27E-07,7.202348,Up
GSE39645,ZNF431,0.75808,7.27E-09,1.28E-07,7.19988,Up
GSE39645,ANKRD22,2.808592,7.38E-09,1.29E-07,7.19546,Up
GSE39645,APOC1,2.336709,7.46E-09,1.31E-07,7.191851,Up
GSE39645,TSC1,0.690771,7.57E-09,1.33E-07,7.187423,Up
GSE39645,LILRA5,-0.768407,7.67E-09,1.34E-07,-7.183515,Down
GSE39645,HSPA13,1.342741,7.72E-09,1.35E-07,7.181784,Up
GSE39645,PLEKHA1,1.24292,7.72E-09,1.35E-07,7.181563,Up
GSE39645,SLPI,-2.207174,7.74E-09,1.35E-07,-7.180678,Down
GSE39645,SEMA3C,1.509599,7.78E-09,1.36E-07,7.17923,Up
GSE39645,PCID2,1.365338,7.85E-09,1.37E-07,7.176503,Up
GSE39645,INPP5K,0.741329,7.86E-09,1.37E-07,7.176288,Up
GSE39645,ZNF439,0.982854,7.9E-09,1.37E-07,7.174633,Up
GSE39645,ADGRG3,-1.351278,7.92E-09,1.37E-07,-7.173685,Down
GSE39645,C19orf66,0.836062,7.92E-09,1.37E-07,7.173682,Up
GSE39645,ABCA8,1.711195,8.05E-09,1.4E-07,7.168729,Up
GSE39645,GCC2,1.156936,8.06E-09,1.4E-07,7.168436,Up
GSE39645,DYX1C1-CCPG1///CCPG1,1.264226,8.07E-09,1.4E-07,7.168182,Up
GSE39645,TMEM30A,1.071995,8.11E-09,1.4E-07,7.166786,Up
GSE39645,FAM204A,0.915356,8.15E-09,1.41E-07,7.16508,Up
GSE39645,GPD1L,1.118105,8.22E-09,1.42E-07,7.162589,Up
GSE39645,WNT3,-0.615877,8.23E-09,1.42E-07,-7.161999,Down
GSE39645,UNC13B,0.849966,8.29E-09,1.43E-07,7.160078,Up
GSE39645,PSMB9,0.940936,8.31E-09,1.43E-07,7.159347,Up
GSE39645,EIF2AK4,1.09395,8.33E-09,1.43E-07,7.158481,Up
GSE39645,CYFIP2,1.084794,8.38E-09,1.44E-07,7.156743,Up
GSE39645,CTSG,-1.088859,8.38E-09,1.44E-07,-7.15658,Down
GSE39645,ABI3,1.159445,8.44E-09,1.44E-07,7.154645,Up
GSE39645,TMEM43,1.113719,8.5E-09,1.45E-07,7.152238,Up
GSE39645,SMAGP,-0.687149,8.53E-09,1.46E-07,-7.151193,Down
GSE39645,CLCN6,0.99926,8.59E-09,1.47E-07,7.149233,Up
GSE39645,PAAF1,0.863368,8.69E-09,1.48E-07,7.145539,Up
GSE39645,ZNF585A,0.649433,8.72E-09,1.49E-07,7.144719,Up
GSE39645,CSRNP3,-1.214321,8.73E-09,1.49E-07,-7.144417,Down
GSE39645,S1PR4,-0.756577,8.8E-09,1.5E-07,-7.142002,Down
GSE39645,GPAT3,-1.131357,8.81E-09,1.5E-07,-7.141591,Down
GSE39645,ST6GAL2,-0.661619,8.87E-09,1.5E-07,-7.139547,Down
GSE39645,CHDH,-0.75845,8.87E-09,1.5E-07,-7.139318,Down
GSE39645,SLITRK3,-1.059438,8.97E-09,1.52E-07,-7.136134,Down
GSE39645,SUSD4,-0.688967,8.99E-09,1.52E-07,-7.13545,Down
GSE39645,MARCKS,0.442932,9E-09,1.52E-07,7.134943,Up
GSE39645,CCSER1,-0.649581,9.01E-09,1.52E-07,-7.134734,Down
GSE39645,CDA,-0.844809,9.02E-09,1.52E-07,-7.134411,Down
GSE39645,SLC19A1,-0.499364,9.04E-09,1.52E-07,-7.133672,Down
GSE39645,ZFP90,1.099127,9.12E-09,1.54E-07,7.131153,Up
GSE39645,MYO5A,1.203948,9.14E-09,1.54E-07,7.13039,Up
GSE39645,LRRC8B,1.427654,9.24E-09,1.55E-07,7.12714,Up
GSE39645,ANKEF1,-0.601741,9.27E-09,1.56E-07,-7.126133,Down
GSE39645,FAM76A,0.869222,9.29E-09,1.56E-07,7.125423,Up
GSE39645,MEOX1,-1.033385,9.34E-09,1.57E-07,-7.123629,Down
GSE39645,ME2,1.169058,9.35E-09,1.57E-07,7.123418,Up
GSE39645,APBB1IP,1.497752,9.39E-09,1.57E-07,7.122316,Up
GSE39645,LGALS12,-0.985841,9.41E-09,1.57E-07,-7.121658,Down
GSE39645,TMEM35A,-0.632451,9.44E-09,1.58E-07,-7.120658,Down
GSE39645,HS1BP3,0.627285,9.58E-09,1.6E-07,7.116005,Up
GSE39645,FAM198B,1.871336,9.61E-09,1.6E-07,7.115147,Up
GSE39645,PTPN12,1.240924,9.62E-09,1.6E-07,7.114864,Up
GSE39645,ARL2-SNX15///ARL2,0.984541,9.66E-09,1.61E-07,7.113459,Up
GSE39645,ZNF350,0.907124,9.71E-09,1.61E-07,7.111994,Up
GSE39645,SAMD4B,0.999224,9.73E-09,1.62E-07,7.11138,Up
GSE39645,SYT1,-1.016627,9.78E-09,1.62E-07,-7.109735,Down
GSE39645,XPOT,1.010615,9.81E-09,1.63E-07,7.108797,Up
GSE39645,GNG2,1.34273,9.84E-09,1.63E-07,7.107932,Up
GSE39645,PAPPA,2.031042,9.89E-09,1.64E-07,7.106326,Up
GSE39645,SCIN,2.057117,9.99E-09,1.65E-07,7.103232,Up
GSE39645,RASEF,1.702343,1.02E-08,1.68E-07,7.097525,Up
GSE39645,FBXO28,1.089359,1.02E-08,1.68E-07,7.097477,Up
GSE39645,MYO1E,1.304328,1.02E-08,1.69E-07,7.095886,Up
GSE39645,NAALAD2,-0.641352,1.05E-08,1.73E-07,-7.08897,Down
GSE39645,TMCC1,0.801421,1.05E-08,1.73E-07,7.087744,Up
GSE39645,RGS14,-0.490582,1.06E-08,1.74E-07,-7.086265,Down
GSE39645,MAN1B1,0.802164,1.06E-08,1.74E-07,7.085115,Up
GSE39645,ZNF329,0.713983,1.06E-08,1.74E-07,7.084817,Up
GSE39645,HIF3A,-0.552751,1.07E-08,1.75E-07,-7.083787,Down
GSE39645,TMEM19,0.943388,1.07E-08,1.75E-07,7.083088,Up
GSE39645,HPS3,1.391608,1.07E-08,1.75E-07,7.082906,Up
GSE39645,ADAM28,1.614649,1.07E-08,1.75E-07,7.081909,Up
GSE39645,GPR65,1.767779,1.09E-08,1.78E-07,7.076426,Up
GSE39645,PEAR1,-1.057206,1.1E-08,1.8E-07,-7.072986,Down
GSE39645,EIF5B,1.086275,1.11E-08,1.81E-07,7.070924,Up
GSE39645,TTC39C,0.984438,1.11E-08,1.81E-07,7.070406,Up
GSE39645,SYNJ2BP-COX16///SYNJ2BP,1.230056,1.12E-08,1.82E-07,7.069105,Up
GSE39645,LRRFIP1,-0.990852,1.12E-08,1.82E-07,-7.069084,Down
GSE39645,CPA2,-0.76869,1.12E-08,1.82E-07,-7.067694,Down
GSE39645,CD58,1.283269,1.12E-08,1.82E-07,7.067658,Up
GSE39645,TPCN1,1.159261,1.14E-08,1.84E-07,7.064355,Up
GSE39645,LAMTOR2,0.749731,1.14E-08,1.84E-07,7.063576,Up
GSE39645,ADRA2A,-0.917828,1.14E-08,1.85E-07,-7.063241,Down
GSE39645,HIST3H2A,1.100317,1.15E-08,1.85E-07,7.061659,Up
GSE39645,ASB5,-0.821844,1.15E-08,1.86E-07,-7.060692,Down
GSE39645,FAM180B,-1.384155,1.17E-08,1.88E-07,-7.05644,Down
GSE39645,CLEC18B///CLEC18A///CLEC18C,-0.667988,1.17E-08,1.89E-07,-7.055507,Down
GSE39645,CNNM1,-0.763045,1.17E-08,1.89E-07,-7.054655,Down
GSE39645,ITGB1BP1,1.064345,1.17E-08,1.89E-07,7.054358,Up
GSE39645,CCBE1,-0.917272,1.23E-08,1.97E-07,-7.041291,Down
GSE39645,SNX13,1.21198,1.23E-08,1.97E-07,7.040944,Up
GSE39645,PROK2,-1.417681,1.24E-08,2E-07,-7.036818,Down
GSE39645,MXD4,0.81602,1.25E-08,2E-07,7.035716,Up
GSE39645,FRAS1,1.86294,1.26E-08,2.02E-07,7.033189,Up
GSE39645,ERP44,0.829869,1.29E-08,2.06E-07,7.026486,Up
GSE39645,TUBB2A,0.922322,1.29E-08,2.07E-07,7.025323,Up
GSE39645,MASP1,-1.100492,1.31E-08,2.09E-07,-7.021807,Down
GSE39645,PYGL,0.983449,1.32E-08,2.11E-07,7.018376,Up
GSE39645,CNTN4,1.765335,1.33E-08,2.12E-07,7.016747,Up
GSE39645,BFSP1,-0.640306,1.36E-08,2.16E-07,-7.010439,Down
GSE39645,GOLGA1,0.695447,1.36E-08,2.17E-07,7.009206,Up
GSE39645,TICRR,-0.818883,1.37E-08,2.17E-07,-7.008283,Down
GSE39645,DEGS1,1.23638,1.38E-08,2.19E-07,7.005419,Up
GSE39645,LHFP,0.827174,1.38E-08,2.2E-07,7.004628,Up
GSE39645,AQP9,-2.141252,1.39E-08,2.21E-07,-7.002976,Down
GSE39645,KLB,-0.611567,1.39E-08,2.21E-07,-7.002535,Down
GSE39645,SEZ6L,-0.739745,1.41E-08,2.24E-07,-6.99804,Down
GSE39645,ANKRD28,1.166089,1.43E-08,2.26E-07,6.995007,Up
GSE39645,RNASE2,1.50773,1.44E-08,2.27E-07,6.993623,Up
GSE39645,PNPLA3,-0.832215,1.44E-08,2.27E-07,-6.992965,Down
GSE39645,PNPO,0.792139,1.44E-08,2.28E-07,6.991552,Up
GSE39645,KCNA6,-0.854068,1.45E-08,2.28E-07,-6.990581,Down
GSE39645,HMP19,-0.647529,1.46E-08,2.29E-07,-6.98945,Down
GSE39645,MYL3,-0.919674,1.47E-08,2.31E-07,-6.986045,Down
GSE39645,NFX1,0.710554,1.48E-08,2.32E-07,6.985173,Up
GSE39645,SERINC1,0.760885,1.49E-08,2.34E-07,6.982754,Up
GSE39645,RASA3,1.096576,1.49E-08,2.34E-07,6.982266,Up
GSE39645,GLTP,0.931197,1.49E-08,2.34E-07,6.982182,Up
GSE39645,ST6GAL1,1.675612,1.49E-08,2.34E-07,6.981944,Up
GSE39645,VPS41,0.994138,1.5E-08,2.35E-07,6.979277,Up
GSE39645,ZBTB4,0.886424,1.51E-08,2.36E-07,6.977613,Up
GSE39645,TCEAL4,0.865108,1.51E-08,2.36E-07,6.977398,Up
GSE39645,TACC2,-0.619407,1.52E-08,2.38E-07,-6.975243,Down
GSE39645,KIAA1522,-0.572766,1.53E-08,2.38E-07,-6.974857,Down
GSE39645,PLD4,1.038598,1.53E-08,2.39E-07,6.973638,Up
GSE39645,RPS6KA5,1.382857,1.54E-08,2.39E-07,6.972576,Up
GSE39645,CDH24,-0.559029,1.55E-08,2.4E-07,-6.971219,Down
GSE39645,PSMB10,0.975907,1.55E-08,2.41E-07,6.970094,Up
GSE39645,MYOCD,-0.892159,1.56E-08,2.42E-07,-6.968343,Down
GSE39645,KCNJ16,-1.396005,1.58E-08,2.45E-07,-6.965099,Down
GSE39645,RPS6KA6,-0.482605,1.58E-08,2.45E-07,-6.964827,Down
GSE39645,TMEM74B,-0.733015,1.59E-08,2.45E-07,-6.963325,Down
GSE39645,DEPDC7,1.125346,1.59E-08,2.45E-07,6.96328,Up
GSE39645,SLC2A5,1.770057,1.6E-08,2.47E-07,6.961152,Up
GSE39645,GIT2,1.000975,1.6E-08,2.48E-07,6.959855,Up
GSE39645,PDGFA,1.179706,1.61E-08,2.48E-07,6.959547,Up
GSE39645,XAF1,1.410717,1.61E-08,2.48E-07,6.95945,Up
GSE39645,KCTD3,1.320552,1.63E-08,2.52E-07,6.954229,Up
GSE39645,CXCL6,-0.611208,1.63E-08,2.52E-07,-6.954186,Down
GSE39645,ABHD6///ABHD6,1.029197,1.64E-08,2.52E-07,6.953198,Up
GSE39645,MGAM,-1.723713,1.64E-08,2.52E-07,-6.953179,Down
GSE39645,BLNK,1.2591,1.64E-08,2.52E-07,6.952803,Up
GSE39645,ZCWPW1,0.498013,1.64E-08,2.52E-07,6.952697,Up
GSE39645,LDB3,-0.595682,1.65E-08,2.53E-07,-6.950699,Down
GSE39645,LAMB3,-0.784918,1.66E-08,2.55E-07,-6.948903,Down
GSE39645,TTC29,-0.530525,1.7E-08,2.6E-07,-6.942173,Down
GSE39645,ADAMTS12,-1.138582,1.71E-08,2.61E-07,-6.940962,Down
GSE39645,GRB2,0.872877,1.71E-08,2.61E-07,6.940684,Up
GSE39645,SCAMP2,0.645554,1.71E-08,2.61E-07,6.940104,Up
GSE39645,THBS4,-1.870988,1.72E-08,2.62E-07,-6.939328,Down
GSE39645,MAL,1.553598,1.72E-08,2.63E-07,6.938074,Up
GSE39645,MAP4K3,1.492139,1.73E-08,2.63E-07,6.937201,Up
GSE39645,OLFM4,-1.000395,1.75E-08,2.65E-07,-6.934268,Down
GSE39645,BNC2,-1.494052,1.75E-08,2.66E-07,-6.933154,Down
GSE39645,NR5A2,-0.770963,1.76E-08,2.67E-07,-6.932436,Down
GSE39645,SELT,0.459208,1.77E-08,2.68E-07,6.930134,Up
GSE39645,TMEM128,0.884632,1.77E-08,2.68E-07,6.92998,Up
GSE39645,SLC6A15,-0.515415,1.77E-08,2.68E-07,-6.929972,Down
GSE39645,NUDT6,0.83553,1.77E-08,2.68E-07,6.929548,Up
GSE39645,HSH2D,-0.655104,1.78E-08,2.69E-07,-6.927998,Down
GSE39645,FHL2,-0.971588,1.79E-08,2.71E-07,-6.926154,Down
GSE39645,WDR70,0.914976,1.8E-08,2.71E-07,6.925605,Up
GSE39645,PPP1R9A,1.22002,1.8E-08,2.72E-07,6.924544,Up
GSE39645,PEX11B,0.763755,1.81E-08,2.72E-07,6.924186,Up
GSE39645,SHROOM3,1.277042,1.81E-08,2.73E-07,6.923142,Up
GSE39645,HSPB2-C11orf52///HSPB2,0.714973,1.82E-08,2.73E-07,6.922371,Up
GSE39645,JADE2,0.78787,1.83E-08,2.75E-07,6.919476,Up
GSE39645,ERMARD,1.046758,1.84E-08,2.76E-07,6.918304,Up
GSE39645,CFP,-0.811358,1.85E-08,2.77E-07,-6.917201,Down
GSE39645,EMP2,0.942804,1.86E-08,2.78E-07,6.915552,Up
GSE39645,ZEB2,1.067437,1.87E-08,2.81E-07,6.912873,Up
GSE39645,ATF7IP,0.973333,1.9E-08,2.83E-07,6.909487,Up
GSE39645,NKD1,-0.537137,1.9E-08,2.84E-07,-6.908441,Down
GSE39645,CYP4V2,1.074071,1.91E-08,2.85E-07,6.907703,Up
GSE39645,LAMC2,-0.990883,1.91E-08,2.85E-07,-6.906938,Down
GSE39645,FAM179B,0.830536,1.91E-08,2.85E-07,6.906547,Up
GSE39645,PLPP1,0.936704,1.93E-08,2.88E-07,6.903426,Up
GSE39645,DIP2C,0.95078,1.94E-08,2.88E-07,6.903078,Up
GSE39645,TFF3,-0.682765,1.94E-08,2.88E-07,-6.902392,Down
GSE39645,CRADD,0.762645,1.94E-08,2.88E-07,6.902295,Up
GSE39645,RAB27A,-0.79123,1.94E-08,2.88E-07,-6.901945,Down
GSE39645,IFNAR1,1.371754,1.96E-08,2.9E-07,6.89999,Up
GSE39645,CFAP52,-0.740828,1.96E-08,2.9E-07,-6.899506,Down
GSE39645,IFIT5,1.121599,1.96E-08,2.9E-07,6.899143,Up
GSE39645,TMEM14A,0.901278,1.97E-08,2.92E-07,6.897061,Up
GSE39645,SEMA5A,1.649926,1.98E-08,2.93E-07,6.896003,Up
GSE39645,OAS1,1.483885,2E-08,2.95E-07,6.893269,Up
GSE39645,NUBP1,0.982546,2.01E-08,2.96E-07,6.891892,Up
GSE39645,PRKG2,-0.923639,2.01E-08,2.97E-07,-6.891339,Down
GSE39645,HTRA3,-0.99741,2.02E-08,2.97E-07,-6.890309,Down
GSE39645,HLA-DPA1,1.967907,2.03E-08,2.99E-07,6.888904,Up
GSE39645,PHACTR4,1.236407,2.03E-08,2.99E-07,6.888216,Up
GSE39645,USP33,0.938581,2.03E-08,2.99E-07,6.888161,Up
GSE39645,TPMT,0.947682,2.04E-08,2.99E-07,6.887802,Up
GSE39645,UBE2L6,0.721503,2.05E-08,3.01E-07,6.885693,Up
GSE39645,INIP,0.659787,2.05E-08,3.01E-07,6.885575,Up
GSE39645,RYR2,-0.777661,2.06E-08,3.01E-07,-6.884963,Down
GSE39645,TAGLN3,-1.029094,2.06E-08,3.01E-07,-6.884744,Down
GSE39645,IL1R2,-1.943775,2.06E-08,3.01E-07,-6.884528,Down
GSE39645,SLC27A1,1.164895,2.1E-08,3.07E-07,6.878711,Up
GSE39645,PEPD,0.812029,2.12E-08,3.09E-07,6.875831,Up
GSE39645,PIGK,1.424861,2.12E-08,3.09E-07,6.875286,Up
GSE39645,HPGDS,1.690286,2.12E-08,3.09E-07,6.875131,Up
GSE39645,ZNF79,0.562083,2.13E-08,3.1E-07,6.874498,Up
GSE39645,TMIGD3///ADORA3///TMIGD3///ADORA3,1.797178,2.16E-08,3.14E-07,6.870096,Up
GSE39645,PCSK6,-0.96482,2.17E-08,3.15E-07,-6.868996,Down
GSE39645,SETBP1,-0.795544,2.17E-08,3.15E-07,-6.868621,Down
GSE39645,ANKRD40,0.733635,2.19E-08,3.18E-07,6.865789,Up
GSE39645,ASL,0.525778,2.19E-08,3.18E-07,6.865372,Up
GSE39645,CAMSAP1,0.865697,2.2E-08,3.19E-07,6.864233,Up
GSE39645,C4orf33,0.96246,2.24E-08,3.24E-07,6.85916,Up
GSE39645,CPT1A,0.995173,2.24E-08,3.25E-07,6.858435,Up
GSE39645,IRAK4,0.840374,2.25E-08,3.25E-07,6.858152,Up
GSE39645,CTNS,1.001601,2.25E-08,3.25E-07,6.85698,Up
GSE39645,TRAPPC6B,1.024909,2.26E-08,3.25E-07,6.856782,Up
GSE39645,FEZ1,1.367441,2.26E-08,3.25E-07,6.856734,Up
GSE39645,SSH1,0.792847,2.33E-08,3.36E-07,6.847116,Up
GSE39645,MYOM1,-0.911607,2.36E-08,3.39E-07,-6.843606,Down
GSE39645,FAM179A,-0.635601,2.39E-08,3.43E-07,-6.839959,Down
GSE39645,R3HCC1L,0.641793,2.39E-08,3.43E-07,6.839627,Up
GSE39645,CNP,1.198543,2.4E-08,3.45E-07,6.837898,Up
GSE39645,ROBO2,-0.883501,2.42E-08,3.48E-07,-6.835027,Down
GSE39645,TMED10,0.677202,2.46E-08,3.53E-07,6.830471,Up
GSE39645,PJA1,0.857885,2.47E-08,3.54E-07,6.828997,Up
GSE39645,PPP1R11,0.546194,2.48E-08,3.55E-07,6.828312,Up
GSE39645,CLN5,1.186432,2.51E-08,3.59E-07,6.82427,Up
GSE39645,TBC1D7-LOC100130357///TBC1D7,1.02993,2.51E-08,3.59E-07,6.824021,Up
GSE39645,ADGRE3,-1.116526,2.52E-08,3.59E-07,-6.823789,Down
GSE39645,NKAIN4,-0.983301,2.52E-08,3.59E-07,-6.823518,Down
GSE39645,SESN1,1.487822,2.52E-08,3.59E-07,6.823344,Up
GSE39645,CYP11A1,-0.590898,2.54E-08,3.62E-07,-6.821055,Down
GSE39645,KY,-0.668252,2.54E-08,3.62E-07,-6.820923,Down
GSE39645,SPTLC1,0.855748,2.54E-08,3.62E-07,6.82048,Up
GSE39645,SPG11,0.99494,2.57E-08,3.65E-07,6.817746,Up
GSE39645,FIGN,1.159339,2.57E-08,3.65E-07,6.817654,Up
GSE39645,NA,-0.619765,2.58E-08,3.65E-07,-6.816846,Down
GSE39645,MTRF1,0.544684,2.58E-08,3.66E-07,6.81625,Up
GSE39645,CSMD3,-0.553546,2.61E-08,3.7E-07,-6.812645,Down
GSE39645,USF1,0.703926,2.61E-08,3.7E-07,6.812581,Up
GSE39645,PLEKHB1,1.769325,2.61E-08,3.7E-07,6.812317,Up
GSE39645,B2M,0.412067,2.62E-08,3.7E-07,6.811361,Up
GSE39645,AATK,1.044823,2.63E-08,3.72E-07,6.810034,Up
GSE39645,THSD1,-0.690659,2.64E-08,3.72E-07,-6.809645,Down
GSE39645,HDC,-0.887181,2.64E-08,3.72E-07,-6.809023,Down
GSE39645,WDR47,1.36806,2.65E-08,3.73E-07,6.808207,Up
GSE39645,LACTB,0.98155,2.66E-08,3.74E-07,6.806999,Up
GSE39645,ITSN2,0.82149,2.67E-08,3.75E-07,6.805988,Up
GSE39645,DENND1B,1.0668,2.67E-08,3.75E-07,6.805392,Up
GSE39645,TMTC1,-1.640304,2.68E-08,3.75E-07,-6.805371,Down
GSE39645,HSPB7,-0.790192,2.69E-08,3.77E-07,-6.804032,Down
GSE39645,IL1RL1,-1.360375,2.73E-08,3.82E-07,-6.799615,Down
GSE39645,ZFYVE27,0.722232,2.73E-08,3.82E-07,6.799375,Up
GSE39645,AFAP1L2,1.562734,2.76E-08,3.86E-07,6.796021,Up
GSE39645,ASTN1,-0.90389,2.77E-08,3.87E-07,-6.794969,Down
GSE39645,NRK,-1.357569,2.77E-08,3.87E-07,-6.794555,Down
GSE39645,ARHGDIG,1.435679,2.82E-08,3.93E-07,6.789965,Up
GSE39645,LRP1B,-0.975397,2.84E-08,3.96E-07,-6.787348,Down
GSE39645,TMX2-CTNND1///CTNND1,0.811197,2.86E-08,3.99E-07,6.785025,Up
GSE39645,MOCS2,1.377512,2.88E-08,4.01E-07,6.782892,Up
GSE39645,SH3BP5,0.838219,2.89E-08,4.02E-07,6.782364,Up
GSE39645,SLC22A17,0.661193,2.89E-08,4.02E-07,6.78176,Up
GSE39645,SLCO4C1,-0.646463,2.9E-08,4.03E-07,-6.780554,Down
GSE39645,GUCY1A2,-0.72332,2.9E-08,4.03E-07,-6.780505,Down
GSE39645,GON4L,0.617386,2.92E-08,4.06E-07,6.778442,Up
GSE39645,C9orf64,1.044722,2.94E-08,4.07E-07,6.776857,Up
GSE39645,ZNF136,0.945415,2.95E-08,4.08E-07,6.775928,Up
GSE39645,ENPP6,-1.651076,2.95E-08,4.08E-07,-6.775798,Down
GSE39645,ZNF25,1.2694,2.96E-08,4.1E-07,6.774481,Up
GSE39645,POGLUT1,1.178829,2.99E-08,4.13E-07,6.771805,Up
GSE39645,ADAM8,-0.648477,3E-08,4.15E-07,-6.770276,Down
GSE39645,ACBD5,1.371069,3.01E-08,4.15E-07,6.769594,Up
GSE39645,AADAC,-0.473447,3.02E-08,4.16E-07,-6.769102,Down
GSE39645,KANK2,0.872376,3.04E-08,4.19E-07,6.7663,Up
GSE39645,SELP,-1.377012,3.05E-08,4.2E-07,-6.765624,Down
GSE39645,YIPF6,0.877519,3.06E-08,4.2E-07,6.765117,Up
GSE39645,VPS50,0.997356,3.06E-08,4.2E-07,6.765071,Up
GSE39645,ACE2,-0.866736,3.06E-08,4.2E-07,-6.764342,Down
GSE39645,ECE1,0.884071,3.06E-08,4.2E-07,6.764303,Up
GSE39645,APLNR,-1.847688,3.07E-08,4.21E-07,-6.763876,Down
GSE39645,EXOSC9,1.097982,3.09E-08,4.23E-07,6.762283,Up
GSE39645,DHRS7,0.955479,3.09E-08,4.24E-07,6.761422,Up
GSE39645,TGM1,-0.620099,3.13E-08,4.28E-07,-6.757728,Down
GSE39645,ZNF33B,0.672477,3.14E-08,4.29E-07,6.757167,Up
GSE39645,RILPL1,0.903703,3.16E-08,4.32E-07,6.75501,Up
GSE39645,CCL19,-1.422406,3.18E-08,4.34E-07,-6.752911,Down
GSE39645,LILRB4,1.649667,3.19E-08,4.35E-07,6.752277,Up
GSE39645,RIMBP2,-0.672444,3.19E-08,4.35E-07,-6.752013,Down
GSE39645,SFRP2,-2.484413,3.19E-08,4.35E-07,-6.751982,Down
GSE39645,SVEP1///SVEP1,-1.378612,3.2E-08,4.35E-07,-6.751591,Down
GSE39645,DCPS,0.996066,3.21E-08,4.36E-07,6.750603,Up
GSE39645,WIPF1,0.722245,3.25E-08,4.42E-07,6.746392,Up
GSE39645,FAM69C,-0.927988,3.26E-08,4.43E-07,-6.745427,Down
GSE39645,CORO2B,1.222778,3.29E-08,4.46E-07,6.742936,Up
GSE39645,ZBTB44,0.83553,3.37E-08,4.56E-07,6.736002,Up
GSE39645,ADRA1A,-0.952984,3.37E-08,4.56E-07,-6.735458,Down
GSE39645,ZNF621,0.876202,3.37E-08,4.56E-07,6.735323,Up
GSE39645,PKD2,0.896646,3.38E-08,4.57E-07,6.734843,Up
GSE39645,PLXNB3,1.185993,3.4E-08,4.59E-07,6.732853,Up
GSE39645,PPP1R16B,-0.828389,3.45E-08,4.66E-07,-6.728519,Down
GSE39645,BRCC3,1.219321,3.49E-08,4.7E-07,6.725296,Up
GSE39645,CSNK1G3,1.266099,3.49E-08,4.7E-07,6.725237,Up
GSE39645,FAM50A,0.689241,3.49E-08,4.7E-07,6.724865,Up
GSE39645,SLC14A1,-1.914962,3.5E-08,4.71E-07,-6.724296,Down
GSE39645,NEIL3,-0.939205,3.52E-08,4.73E-07,-6.722866,Down
GSE39645,CDC42SE1,0.760744,3.52E-08,4.73E-07,6.722209,Up
GSE39645,GFPT2,-1.885989,3.53E-08,4.74E-07,-6.721554,Down
GSE39645,TNFSF15,-0.89901,3.54E-08,4.74E-07,-6.72114,Down
GSE39645,HIP1R,-0.624282,3.54E-08,4.75E-07,-6.720689,Down
GSE39645,RAB3GAP2,1.06951,3.58E-08,4.8E-07,6.717213,Up
GSE39645,AP1B1,1.290777,3.61E-08,4.83E-07,6.715283,Up
GSE39645,C10orf76,0.918519,3.61E-08,4.83E-07,6.714744,Up
GSE39645,DCHS2,-0.871119,3.62E-08,4.83E-07,-6.714405,Down
GSE39645,ZNF260,0.977175,3.62E-08,4.83E-07,6.714185,Up
GSE39645,ZNF561,0.612177,3.63E-08,4.85E-07,6.712945,Up
GSE39645,DOK6,1.438987,3.64E-08,4.86E-07,6.712066,Up
GSE39645,BAG4,0.770091,3.65E-08,4.86E-07,6.711546,Up
GSE39645,KIF18B,-0.782165,3.69E-08,4.91E-07,-6.70852,Down
GSE39645,SSTR1,-0.577004,3.69E-08,4.91E-07,-6.708411,Down
GSE39645,NTN1,-0.406245,3.69E-08,4.91E-07,-6.708053,Down
GSE39645,HMGCLL1,-0.987723,3.74E-08,4.96E-07,-6.704373,Down
GSE39645,ORC3,1.190699,3.74E-08,4.96E-07,6.704363,Up
GSE39645,FIG4,0.978338,3.76E-08,4.99E-07,6.702753,Up
GSE39645,TSPYL4,0.687027,3.76E-08,4.99E-07,6.702532,Up
GSE39645,SLC6A9,-0.832634,3.77E-08,4.99E-07,-6.702112,Down
GSE39645,TTLL4,0.781624,3.78E-08,5E-07,6.701404,Up
GSE39645,SGSM1,-0.557117,3.85E-08,5.1E-07,-6.695205,Down
GSE39645,RNASET2,0.904665,3.87E-08,5.12E-07,6.69378,Up
GSE39645,UBALD2,0.759585,3.88E-08,5.12E-07,6.693215,Up
GSE39645,XKR5,-0.622924,3.88E-08,5.12E-07,-6.693167,Down
GSE39645,ZNF488,-0.865215,3.91E-08,5.16E-07,-6.690805,Down
GSE39645,MYO18A///TIAF1,0.730721,3.93E-08,5.18E-07,6.689193,Up
GSE39645,USP25,0.907862,3.95E-08,5.19E-07,6.688165,Up
GSE39645,PLPPR4,-1.38362,3.96E-08,5.21E-07,-6.68703,Down
GSE39645,TPO,-0.658054,3.97E-08,5.22E-07,-6.686263,Down
GSE39645,TRAPPC13,1.008254,3.99E-08,5.23E-07,6.685079,Up
GSE39645,UBXN2A,0.761258,4E-08,5.24E-07,6.684279,Up
GSE39645,CLIC5,-1.227488,4.01E-08,5.26E-07,-6.682903,Down
GSE39645,BRE,0.690825,4.02E-08,5.26E-07,6.682679,Up
GSE39645,TMEM108,-0.987131,4.02E-08,5.26E-07,-6.682666,Down
GSE39645,SUCLG2,1.287962,4.03E-08,5.27E-07,6.68158,Up
GSE39645,DBR1,0.935659,4.03E-08,5.27E-07,6.681536,Up
GSE39645,KREMEN1,-0.850435,4.04E-08,5.28E-07,-6.680705,Down
GSE39645,DNM1,-0.883543,4.05E-08,5.29E-07,-6.680132,Down
GSE39645,GPR137B,1.508263,4.06E-08,5.29E-07,6.67971,Up
GSE39645,FAM13C,-1.156829,4.06E-08,5.29E-07,-6.679404,Down
GSE39645,HECW1,-0.708421,4.07E-08,5.3E-07,-6.678994,Down
GSE39645,STX8,0.917055,4.07E-08,5.3E-07,6.678757,Up
GSE39645,ZNF474,-0.735746,4.09E-08,5.32E-07,-6.677581,Down
GSE39645,TMEM9B,0.958904,4.11E-08,5.34E-07,6.675885,Up
GSE39645,KSR2,-0.650812,4.13E-08,5.36E-07,-6.674324,Down
GSE39645,PLOD3,1.204584,4.14E-08,5.38E-07,6.673358,Up
GSE39645,RRAGB,1.001009,4.14E-08,5.38E-07,6.673259,Up
GSE39645,LRRK1,0.77373,4.16E-08,5.39E-07,6.672253,Up
GSE39645,SCIMP,1.291573,4.18E-08,5.41E-07,6.670806,Up
GSE39645,PHPT1,0.398019,4.2E-08,5.43E-07,6.669522,Up
GSE39645,LAIR1,1.411439,4.25E-08,5.49E-07,6.665898,Up
GSE39645,HSPB8,-1.914693,4.28E-08,5.53E-07,-6.663526,Down
GSE39645,IL1RL2,-0.771357,4.28E-08,5.53E-07,-6.663389,Down
GSE39645,STX12,0.727708,4.3E-08,5.55E-07,6.661933,Up
GSE39645,UVRAG,0.919268,4.31E-08,5.55E-07,6.661738,Up
GSE39645,DUSP12,0.73124,4.31E-08,5.56E-07,6.661225,Up
GSE39645,LAMB1,1.429803,4.34E-08,5.59E-07,6.659261,Up
GSE39645,C3orf33,0.843405,4.35E-08,5.6E-07,6.658516,Up
GSE39645,MAN2B1,1.155049,4.36E-08,5.61E-07,6.657964,Up
GSE39645,ATP8A2,-0.692886,4.42E-08,5.68E-07,-6.653853,Down
GSE39645,S100A12,-2.42521,4.42E-08,5.68E-07,-6.653584,Down
GSE39645,FAM126A,1.268784,4.43E-08,5.69E-07,6.653087,Up
GSE39645,GPR143,-0.624149,4.45E-08,5.7E-07,-6.652062,Down
GSE39645,TMEM50B,1.079885,4.45E-08,5.7E-07,6.651646,Up
GSE39645,LRRC3B,-0.472314,4.47E-08,5.71E-07,-6.650813,Down
GSE39645,CLASP2,0.926534,4.47E-08,5.71E-07,6.650692,Up
GSE39645,2,-1.160942,4.47E-08,5.71E-07,-6.650475,Down
GSE39645,ZCCHC24,0.916797,4.5E-08,5.75E-07,6.648363,Up
GSE39645,PHEX,-0.684276,4.52E-08,5.76E-07,-6.647479,Down
GSE39645,DUSP3,1.017216,4.53E-08,5.78E-07,6.646202,Up
GSE39645,RARB,1.265511,4.57E-08,5.82E-07,6.64399,Up
GSE39645,IFNGR1,1.15673,4.6E-08,5.85E-07,6.642175,Up
GSE39645,ARHGAP12,1.178519,4.65E-08,5.92E-07,6.63845,Up
GSE39645,KLK6,-1.401383,4.67E-08,5.93E-07,-6.637438,Down
GSE39645,TMEM147,0.833159,4.67E-08,5.93E-07,6.637394,Up
GSE39645,PCGF1,0.860506,4.69E-08,5.95E-07,6.636163,Up
GSE39645,BIRC3,1.532572,4.7E-08,5.96E-07,6.635419,Up
GSE39645,POLR3GL,1.088875,4.71E-08,5.97E-07,6.634858,Up
GSE39645,M6PR,0.930024,4.71E-08,5.97E-07,6.634841,Up
GSE39645,SYT4,-0.806643,4.72E-08,5.97E-07,-6.634252,Down
GSE39645,EAPP,1.072099,4.72E-08,5.98E-07,6.633878,Up
GSE39645,SAMD5,0.97823,4.74E-08,5.99E-07,6.632725,Up
GSE39645,KYAT3,1.07386,4.74E-08,5.99E-07,6.632528,Up
GSE39645,ZIC4,-0.463127,4.76E-08,6.01E-07,-6.631704,Down
GSE39645,DNAJC24,0.793684,4.78E-08,6.03E-07,6.630278,Up
GSE39645,RGS20,-0.680909,4.79E-08,6.04E-07,-6.629821,Down
GSE39645,MAP4K5,1.19913,4.81E-08,6.06E-07,6.628212,Up
GSE39645,RB1,1.273875,4.82E-08,6.07E-07,6.627909,Up
GSE39645,TBCB,0.98553,4.87E-08,6.12E-07,6.624949,Up
GSE39645,AK7,-0.499137,4.91E-08,6.16E-07,-6.622506,Down
GSE39645,PPP3CC,0.878902,4.91E-08,6.16E-07,6.622267,Up
GSE39645,UHRF1BP1L,0.991814,4.91E-08,6.16E-07,6.622203,Up
GSE39645,SDHAF4,0.769383,4.96E-08,6.22E-07,6.619404,Up
GSE39645,ALG11///UTP14C,0.922763,5.06E-08,6.34E-07,6.613118,Up
GSE39645,CFAP20,1.285349,5.08E-08,6.36E-07,6.61209,Up
GSE39645,GALNT16,-0.784241,5.08E-08,6.36E-07,-6.611661,Down
GSE39645,IFNAR2,0.868716,5.09E-08,6.37E-07,6.611428,Up
GSE39645,KIT,-0.928573,5.1E-08,6.38E-07,-6.610744,Down
GSE39645,PTHLH,-0.868418,5.13E-08,6.4E-07,-6.609222,Down
GSE39645,INTS12,1.015759,5.15E-08,6.43E-07,6.60755,Up
GSE39645,MERTK,1.800588,5.24E-08,6.54E-07,6.60246,Up
GSE39645,C16orf54,-0.735423,5.25E-08,6.54E-07,-6.602059,Down
GSE39645,S100A10,0.601904,5.27E-08,6.57E-07,6.600798,Up
GSE39645,AGTR1,-0.721198,5.28E-08,6.57E-07,-6.600452,Down
GSE39645,TMEM126B,0.898225,5.28E-08,6.57E-07,6.600186,Up
GSE39645,MBD4,0.946007,5.31E-08,6.59E-07,6.598884,Up
GSE39645,TMEM222,0.816213,5.33E-08,6.62E-07,6.597699,Up
GSE39645,TUSC5,-0.711399,5.34E-08,6.63E-07,-6.596658,Down
GSE39645,SLC4A10,-0.687345,5.35E-08,6.64E-07,-6.596128,Down
GSE39645,SECISBP2L,1.064626,5.37E-08,6.66E-07,6.59512,Up
GSE39645,ZFHX3,0.733982,5.38E-08,6.66E-07,6.594611,Up
GSE39645,NIPSNAP3A,1.200992,5.38E-08,6.66E-07,6.59454,Up
GSE39645,DAPK2,-0.758979,5.39E-08,6.67E-07,-6.59407,Down
GSE39645,BIVM-ERCC5///ERCC5,1.04839,5.41E-08,6.69E-07,6.593028,Up
GSE39645,FAM149A,1.515233,5.42E-08,6.69E-07,6.592498,Up
GSE39645,LILRA3,-0.735597,5.5E-08,6.78E-07,-6.588225,Down
GSE39645,DSE,0.906342,5.51E-08,6.8E-07,6.587287,Up
GSE39645,UAP1,-1.080755,5.55E-08,6.85E-07,-6.585072,Down
GSE39645,ZDHHC22,-0.522913,5.56E-08,6.85E-07,-6.584539,Down
GSE39645,AZI2,1.118034,5.63E-08,6.93E-07,6.581032,Up
GSE39645,CHRD,-0.549256,5.65E-08,6.95E-07,-6.58007,Down
GSE39645,TANC2,1.188771,5.68E-08,6.98E-07,6.5784,Up
GSE39645,FOXN2,0.730576,5.68E-08,6.98E-07,6.578059,Up
GSE39645,HOXA6,-0.602673,5.72E-08,7.02E-07,-6.576113,Down
GSE39645,B4GALNT3,0.936255,5.77E-08,7.08E-07,6.573559,Up
GSE39645,LMBRD2,1.339443,5.79E-08,7.1E-07,6.57247,Up
GSE39645,EPHA4,-0.912283,5.81E-08,7.12E-07,-6.571452,Down
GSE39645,CYP4F12,-0.747436,5.87E-08,7.18E-07,-6.568438,Down
GSE39645,PPEF1,-0.844008,5.89E-08,7.2E-07,-6.567437,Down
GSE39645,IKZF5,1.023387,5.89E-08,7.2E-07,6.567179,Up
GSE39645,GPR82,1.636083,5.92E-08,7.23E-07,6.565944,Up
GSE39645,NPC2,0.955837,5.92E-08,7.23E-07,6.565807,Up
GSE39645,IGFBP2,1.509804,5.96E-08,7.27E-07,6.563677,Up
GSE39645,PAQR5,-0.639436,5.99E-08,7.29E-07,-6.562547,Down
GSE39645,NOL4,-0.790758,5.99E-08,7.3E-07,-6.56213,Down
GSE39645,EFNB3,-0.809219,6E-08,7.3E-07,-6.561626,Down
GSE39645,ARHGAP18,1.186746,6.01E-08,7.3E-07,6.561534,Up
GSE39645,ZNF24,0.947508,6.01E-08,7.31E-07,6.561281,Up
GSE39645,LYRM5,1.204883,6.02E-08,7.31E-07,6.560789,Up
GSE39645,SPECC1L-ADORA2A///ADORA2A,-0.602377,6.04E-08,7.32E-07,-6.559941,Down
GSE39645,ITPA,0.5416,6.04E-08,7.32E-07,6.559928,Up
GSE39645,MEAF6,0.783298,6.06E-08,7.34E-07,6.559032,Up
GSE39645,TOX3,-0.439925,6.09E-08,7.38E-07,-6.557302,Down
GSE39645,FAM175B,0.835431,6.1E-08,7.38E-07,6.55677,Up
GSE39645,NDFIP1,0.732529,6.21E-08,7.51E-07,6.551607,Up
GSE39645,SLC52A3,-0.594909,6.21E-08,7.51E-07,-6.55137,Down
GSE39645,CADPS,-1.221012,6.22E-08,7.51E-07,-6.551134,Down
GSE39645,TMEM44,-0.531249,6.22E-08,7.51E-07,-6.55072,Down
GSE39645,NOD1,0.914392,6.23E-08,7.52E-07,6.550389,Up
GSE39645,CHD6,0.716749,6.3E-08,7.59E-07,6.547261,Up
GSE39645,APOL6,0.848477,6.3E-08,7.59E-07,6.546904,Up
GSE39645,ARHGAP28,-0.941704,6.36E-08,7.66E-07,-6.544127,Down
GSE39645,CCDC53,1.280787,6.38E-08,7.67E-07,6.543449,Up
GSE39645,PLCB4,-1.225072,6.4E-08,7.69E-07,-6.542409,Down
GSE39645,AIF1,1.00241,6.41E-08,7.7E-07,6.541985,Up
GSE39645,NXN,-0.898951,6.42E-08,7.7E-07,-6.541623,Down
GSE39645,CLDN5,-0.586747,6.43E-08,7.72E-07,-6.540791,Down
GSE39645,STEAP2,-0.631644,6.47E-08,7.75E-07,-6.53927,Down
GSE39645,RELN,2.002079,6.47E-08,7.75E-07,6.539269,Up
GSE39645,VAMP5,0.569267,6.48E-08,7.76E-07,6.5385,Up
GSE39645,LILRB5,-0.59413,6.49E-08,7.76E-07,-6.538204,Down
GSE39645,VASH1,0.847557,6.49E-08,7.76E-07,6.538194,Up
GSE39645,TCEAL5,-0.823908,6.51E-08,7.78E-07,-6.537247,Down
GSE39645,S100P,-1.458245,6.54E-08,7.8E-07,-6.536036,Down
GSE39645,PTPRG,-0.884091,6.55E-08,7.81E-07,-6.535421,Down
GSE39645,ANO2,-0.608916,6.62E-08,7.89E-07,-6.532187,Down
GSE39645,LRG1,-1.092868,6.62E-08,7.89E-07,-6.532097,Down
GSE39645,EDNRA,-1.58542,6.63E-08,7.89E-07,-6.53187,Down
GSE39645,GALNT11,0.654595,6.68E-08,7.94E-07,6.529698,Up
GSE39645,TBC1D5,1.084775,6.69E-08,7.95E-07,6.52912,Up
GSE39645,TMEM130,-0.607242,6.74E-08,8.01E-07,-6.526892,Down
GSE39645,LCN6,-0.65822,6.76E-08,8.03E-07,-6.525776,Down
GSE39645,CXCR4,1.725861,6.77E-08,8.03E-07,6.525644,Up
GSE39645,STX18,0.6073,6.82E-08,8.09E-07,6.523309,Up
GSE39645,RIC1,0.869204,6.83E-08,8.09E-07,6.522998,Up
GSE39645,SEC22C,0.83974,6.83E-08,8.09E-07,6.522667,Up
GSE39645,FABP6,-0.946589,6.84E-08,8.09E-07,-6.522384,Down
GSE39645,KCNH4,-0.56255,6.84E-08,8.09E-07,-6.522298,Down
GSE39645,NTRK2,1.419634,6.85E-08,8.1E-07,6.521929,Up
GSE39645,ALDH1L1,-0.977542,6.9E-08,8.15E-07,-6.519709,Down
GSE39645,ABHD3,0.710862,6.91E-08,8.15E-07,6.519476,Up
GSE39645,CALN1,-0.800494,6.97E-08,8.22E-07,-6.516803,Down
GSE39645,DNASE1L1,0.743171,6.98E-08,8.23E-07,6.516323,Up
GSE39645,CDKN2A,1.032292,7.01E-08,8.25E-07,6.515156,Up
GSE39645,SVOPL,-0.542701,7.02E-08,8.27E-07,-6.514427,Down
GSE39645,EHD4,0.799749,7.05E-08,8.3E-07,6.513144,Up
GSE39645,RERG,-1.173534,7.07E-08,8.32E-07,-6.512221,Down
GSE39645,TEAD1,1.013335,7.09E-08,8.33E-07,6.511357,Up
GSE39645,KRT23,-1.283811,7.1E-08,8.33E-07,-6.511249,Down
GSE39645,HLA-DRA///HLA-DQA1,1.726177,7.17E-08,8.41E-07,6.508017,Up
GSE39645,ZNF106,1.007587,7.17E-08,8.41E-07,6.508003,Up
GSE39645,CDH8,-0.772576,7.26E-08,8.5E-07,-6.504493,Down
GSE39645,SYN2,-0.615453,7.3E-08,8.54E-07,-6.502873,Down
GSE39645,AEBP2,0.716328,7.3E-08,8.55E-07,6.502611,Up
GSE39645,HELZ,0.872927,7.32E-08,8.56E-07,6.502014,Up
GSE39645,ZMYM5,0.995579,7.38E-08,8.63E-07,6.499338,Up
GSE39645,AGPAT3,0.75172,7.4E-08,8.64E-07,6.498694,Up
GSE39645,SIX4,-0.585769,7.45E-08,8.68E-07,-6.496772,Down
GSE39645,BAG1,0.688123,7.45E-08,8.68E-07,6.496758,Up
GSE39645,STX7,1.07903,7.46E-08,8.69E-07,6.496365,Up
GSE39645,EXOSC10,1.119865,7.48E-08,8.71E-07,6.495549,Up
GSE39645,FBXO4,0.70103,7.5E-08,8.73E-07,6.494584,Up
GSE39645,RNF38,0.995156,7.55E-08,8.78E-07,6.492666,Up
GSE39645,MDFI,-0.580203,7.57E-08,8.8E-07,-6.491669,Down
GSE39645,C21orf33,0.512644,7.6E-08,8.82E-07,6.490803,Up
GSE39645,PRKCD,0.719503,7.61E-08,8.83E-07,6.490229,Up
GSE39645,FLRT3,2.04169,7.73E-08,8.96E-07,6.48562,Up
GSE39645,TIMP3,0.739123,7.75E-08,8.99E-07,6.484701,Up
GSE39645,MED14,1.011314,7.76E-08,8.99E-07,6.484271,Up
GSE39645,ZNF253,0.935593,7.77E-08,9E-07,6.483945,Up
GSE39645,CSDC2,-0.574685,7.88E-08,9.12E-07,-6.479738,Down
GSE39645,SREBF1,0.819654,7.89E-08,9.13E-07,6.479286,Up
GSE39645,HYPM,-0.698885,7.96E-08,9.2E-07,-6.476659,Down
GSE39645,CEP120,0.657732,7.97E-08,9.21E-07,6.476218,Up
GSE39645,SGPL1,0.902751,7.98E-08,9.21E-07,6.476035,Up
GSE39645,LRCH3,0.999362,8E-08,9.23E-07,6.475047,Up
GSE39645,GTF2IRD2B///GTF2IRD2,0.845327,8.05E-08,9.28E-07,6.473226,Up
GSE39645,P2RY13,1.537588,8.06E-08,9.28E-07,6.47311,Up
GSE39645,ATXN7L1,0.718624,8.06E-08,9.28E-07,6.472954,Up
GSE39645,HCAR2,-1.52324,8.08E-08,9.29E-07,-6.472255,Down
GSE39645,GUSB,0.984052,8.19E-08,9.42E-07,6.467962,Up
GSE39645,CLSTN2,1.304239,8.24E-08,9.47E-07,6.466274,Up
GSE39645,PIGB,0.995935,8.28E-08,9.5E-07,6.464854,Up
GSE39645,BTN3A3,1.331913,8.28E-08,9.5E-07,6.464735,Up
GSE39645,FGF14,-0.806784,8.31E-08,9.52E-07,-6.463881,Down
GSE39645,TGFBR2,0.801954,8.34E-08,9.55E-07,6.462739,Up
GSE39645,LPAR6,1.210766,8.34E-08,9.55E-07,6.462544,Up
GSE39645,ANO6,1.307366,8.35E-08,9.56E-07,6.462143,Up
GSE39645,GABRA2,-0.933401,8.36E-08,9.56E-07,-6.462004,Down
GSE39645,TRAPPC10,0.920937,8.38E-08,9.57E-07,6.461261,Up
GSE39645,ITCH,0.839184,8.39E-08,9.59E-07,6.460722,Up
GSE39645,SOX9,-0.547619,8.4E-08,9.59E-07,-6.460404,Down
GSE39645,VIM,0.438233,8.43E-08,9.61E-07,6.459527,Up
GSE39645,CSF2RA,1.345577,8.46E-08,9.65E-07,6.458234,Up
GSE39645,COCH,-0.465771,8.5E-08,9.68E-07,-6.456893,Down
GSE39645,GRIK3,1.875005,8.52E-08,9.7E-07,6.456222,Up
GSE39645,KCTD12,0.727661,8.53E-08,9.7E-07,6.456051,Up
GSE39645,PRDM1,1.188297,8.54E-08,9.71E-07,6.455556,Up
GSE39645,MICU1,0.8094,8.57E-08,9.74E-07,6.454453,Up
GSE39645,HEY1,1.213153,8.6E-08,9.76E-07,6.453537,Up
GSE39645,TTN,-0.662897,8.61E-08,9.77E-07,-6.452926,Down
GSE39645,MMP25,-0.782013,8.61E-08,9.77E-07,-6.45292,Down
GSE39645,DSCAML1,-0.534598,8.63E-08,9.78E-07,-6.452275,Down
GSE39645,ABCD4///ABCD4,0.501717,8.68E-08,9.83E-07,6.450709,Up
GSE39645,CAP1,0.444151,8.73E-08,9.88E-07,6.449007,Up
GSE39645,ADI1,1.388396,8.78E-08,9.93E-07,6.447282,Up
GSE39645,LAMA4,1.104272,8.79E-08,9.93E-07,6.446922,Up
GSE39645,BEND7,0.755421,8.79E-08,9.93E-07,6.446699,Up
GSE39645,GTF2IRD2B///GTF2IRD2,0.880886,8.8E-08,9.93E-07,6.446619,Up
GSE39645,SORT1,0.983862,8.86E-08,9.99E-07,6.444507,Up
GSE39645,BEX4,1.185206,8.92E-08,1.01E-06,6.442447,Up
GSE39645,GPR137C,-0.543437,8.93E-08,1.01E-06,-6.442113,Down
GSE39645,FNDC3A,1.005202,8.96E-08,1.01E-06,6.44102,Up
GSE39645,TMEM17,0.805551,8.97E-08,1.01E-06,6.440843,Up
GSE39645,ASIP,-0.622468,9.01E-08,1.01E-06,-6.439312,Down
GSE39645,HOXD4,-0.4267,9.01E-08,1.01E-06,-6.439288,Down
GSE39645,SSTR2,-0.810492,9.03E-08,1.01E-06,-6.4388,Down
GSE39645,SLU7,1.196258,9.11E-08,1.02E-06,6.436132,Up
GSE39645,ASAH1,0.886618,9.13E-08,1.02E-06,6.435561,Up
GSE39645,HAVCR2,1.289227,9.16E-08,1.03E-06,6.434504,Up
GSE39645,TNXB///ATF6B,0.617732,9.16E-08,1.03E-06,6.434422,Up
GSE39645,KCNA5,-0.921061,9.16E-08,1.03E-06,-6.434419,Down
GSE39645,TSNAX-DISC1///TSNAX,1.028707,9.21E-08,1.03E-06,6.432917,Up
GSE39645,C1QTNF3-AMACR///C1QTNF3,-1.099943,9.3E-08,1.04E-06,-6.429987,Down
GSE39645,CXCL2,-1.72847,9.33E-08,1.04E-06,-6.428889,Down
GSE39645,WSCD2,-0.684857,9.36E-08,1.05E-06,-6.427782,Down
GSE39645,ZDHHC7,0.930372,9.37E-08,1.05E-06,6.427579,Up
GSE39645,C12orf4,0.894461,9.38E-08,1.05E-06,6.427227,Up
GSE39645,KNDC1,-0.55293,9.41E-08,1.05E-06,-6.42638,Down
GSE39645,FBXW7,0.795655,9.43E-08,1.05E-06,6.425655,Up
GSE39645,UPF2,1.001068,9.46E-08,1.05E-06,6.424667,Up
GSE39645,CASP6,1.116418,9.48E-08,1.05E-06,6.424034,Up
GSE39645,SRBD1,0.76754,9.48E-08,1.05E-06,6.423965,Up
GSE39645,POP5,1.214674,9.49E-08,1.05E-06,6.423878,Up
GSE39645,MAFK,0.845617,9.52E-08,1.06E-06,6.422858,Up
GSE39645,KLHL5,1.437164,9.53E-08,1.06E-06,6.422468,Up
GSE39645,SLC9A6,0.897172,9.56E-08,1.06E-06,6.421712,Up
GSE39645,VIPR2,-0.572724,9.56E-08,1.06E-06,-6.421694,Down
GSE39645,HCAR3,-1.354827,9.57E-08,1.06E-06,-6.421323,Down
GSE39645,BIRC2,1.109317,9.61E-08,1.06E-06,6.420134,Up
GSE39645,ANXA7,0.879926,9.64E-08,1.07E-06,6.4192,Up
GSE39645,CNPY3,0.834729,9.76E-08,1.08E-06,6.415382,Up
GSE39645,RNF103,0.91139,9.84E-08,1.09E-06,6.412979,Up
GSE39645,SHTN1,1.5869,9.85E-08,1.09E-06,6.412492,Up
GSE39645,SDCCAG8,1.00748,9.87E-08,1.09E-06,6.412003,Up
GSE39645,TNMD,-0.925307,9.87E-08,1.09E-06,-6.411929,Down
GSE39645,CCDC85B,-0.521117,9.88E-08,1.09E-06,-6.411664,Down
GSE39645,SLC2A4,-0.622534,9.97E-08,1.1E-06,-6.408875,Down
GSE39645,TMEM135///CCDC174,0.819237,1E-07,1.1E-06,6.407864,Up
GSE39645,PDP1,0.72961,1E-07,1.1E-06,6.407496,Up
GSE39645,NEK9,0.771644,1E-07,1.1E-06,6.406729,Up
GSE39645,PLGRKT,0.847144,1.01E-07,1.1E-06,6.406249,Up
GSE39645,CHUK,1.049165,1.01E-07,1.1E-06,6.40601,Up
GSE39645,TMOD1,-1.307417,1.01E-07,1.1E-06,-6.40594,Down
GSE39645,RANBP3,0.700416,1.01E-07,1.1E-06,6.405882,Up
GSE39645,OSGEP,0.863086,1.01E-07,1.1E-06,6.405554,Up
GSE39645,HLA-C///HLA-B///HLA-A///HLA-B///HLA-A,0.521345,1.01E-07,1.11E-06,6.404681,Up
GSE39645,ADCY3,0.831431,1.01E-07,1.11E-06,6.403935,Up
GSE39645,VAMP3,0.866015,1.02E-07,1.11E-06,6.403317,Up
GSE39645,FAM118B,0.886789,1.02E-07,1.11E-06,6.403097,Up
GSE39645,CALCOCO2,1.048824,1.02E-07,1.11E-06,6.402725,Up
GSE39645,C15orf38-AP3S2///AP3S2,1.034918,1.02E-07,1.12E-06,6.401213,Up
GSE39645,GPT2,0.834035,1.03E-07,1.12E-06,6.400555,Up
GSE39645,RNF20,0.74301,1.03E-07,1.12E-06,6.400231,Up
GSE39645,TUBAL3,-0.782068,1.03E-07,1.12E-06,-6.399949,Down
GSE39645,NUDT17,0.463467,1.03E-07,1.12E-06,6.399218,Up
GSE39645,WDFY1///FAF2,0.611263,1.04E-07,1.13E-06,6.396876,Up
GSE39645,C6orf25,-0.66443,1.06E-07,1.15E-06,-6.390616,Down
GSE39645,PCLO,-0.74434,1.07E-07,1.16E-06,-6.38906,Down
GSE39645,DUSP26,-0.736996,1.07E-07,1.16E-06,-6.388535,Down
GSE39645,PCDH8,-0.506397,1.07E-07,1.16E-06,-6.38844,Down
GSE39645,2,1.125343,1.07E-07,1.16E-06,6.386823,Up
GSE39645,ACOT4,1.030489,1.08E-07,1.17E-06,6.386238,Up
GSE39645,FOXJ3,0.577043,1.08E-07,1.17E-06,6.385796,Up
GSE39645,SLCO1C1,-1.16798,1.08E-07,1.17E-06,-6.385764,Down
GSE39645,ITGAV,1.265691,1.08E-07,1.17E-06,6.385713,Up
GSE39645,CLYBL,0.633668,1.08E-07,1.17E-06,6.385183,Up
GSE39645,NCOA4,0.983434,1.08E-07,1.17E-06,6.384807,Up
GSE39645,FAHD1,0.842102,1.09E-07,1.17E-06,6.383257,Up
GSE39645,LRRCC1,1.27769,1.1E-07,1.19E-06,6.379867,Up
GSE39645,TCEAL2,-1.568989,1.1E-07,1.19E-06,-6.379251,Down
GSE39645,SNX31,-0.770483,1.1E-07,1.19E-06,-6.379175,Down
GSE39645,F5,-1.050757,1.1E-07,1.19E-06,-6.378484,Down
GSE39645,ZNF585B,0.82131,1.11E-07,1.19E-06,6.376924,Up
GSE39645,SH3RF1,0.881986,1.11E-07,1.19E-06,6.376753,Up
GSE39645,SERTAD4,-0.847762,1.12E-07,1.2E-06,-6.374643,Down
GSE39645,SMO,-0.572324,1.12E-07,1.21E-06,-6.37293,Down
GSE39645,SARAF,0.724967,1.13E-07,1.21E-06,6.372499,Up
GSE39645,RARRES2,1.12933,1.13E-07,1.21E-06,6.37207,Up
GSE39645,ZNF521,-1.291746,1.13E-07,1.21E-06,-6.371453,Down
GSE39645,FAM129A,0.944678,1.13E-07,1.21E-06,6.371413,Up
GSE39645,NSUN3,0.640519,1.13E-07,1.21E-06,6.370803,Up
GSE39645,MAPK11,-0.543742,1.13E-07,1.21E-06,-6.370228,Down
GSE39645,MORC3,0.937798,1.13E-07,1.21E-06,6.369963,Up
GSE39645,TRAPPC11,0.897341,1.14E-07,1.21E-06,6.369781,Up
GSE39645,GNG12,1.168688,1.14E-07,1.22E-06,6.36933,Up
GSE39645,SCRN1,1.034523,1.14E-07,1.22E-06,6.368768,Up
GSE39645,EYA4,-0.832017,1.14E-07,1.22E-06,-6.36845,Down
GSE39645,TAGLN,-1.428826,1.15E-07,1.22E-06,-6.367015,Down
GSE39645,MAGT1,0.88576,1.15E-07,1.22E-06,6.366906,Up
GSE39645,DCTN6,1.150243,1.16E-07,1.23E-06,6.363875,Up
GSE39645,RAB22A,0.597162,1.16E-07,1.24E-06,6.363331,Up
GSE39645,HEATR6,0.732353,1.16E-07,1.24E-06,6.36297,Up
GSE39645,BBS2,1.029406,1.16E-07,1.24E-06,6.3626,Up
GSE39645,FAM135A,0.974355,1.17E-07,1.24E-06,6.362014,Up
GSE39645,PPP2R2B,1.008054,1.17E-07,1.24E-06,6.361584,Up
GSE39645,ACY1,0.566338,1.17E-07,1.24E-06,6.360207,Up
GSE39645,YEATS4,1.151966,1.18E-07,1.25E-06,6.358505,Up
GSE39645,IMMP2L,0.788198,1.18E-07,1.25E-06,6.358066,Up
GSE39645,MCCC1,1.021033,1.18E-07,1.25E-06,6.35775,Up
GSE39645,GTF2H5,1.111309,1.18E-07,1.25E-06,6.357701,Up
GSE39645,ITGA2,1.165366,1.19E-07,1.26E-06,6.354721,Up
GSE39645,RDX,1.328623,1.2E-07,1.27E-06,6.354244,Up
GSE39645,ADAMTS16,-0.57571,1.2E-07,1.27E-06,-6.354132,Down
GSE39645,NIN,0.688542,1.2E-07,1.27E-06,6.352876,Up
GSE39645,IL17RB,-0.628501,1.2E-07,1.27E-06,-6.352529,Down
GSE39645,GGPS1,0.878958,1.2E-07,1.27E-06,6.352081,Up
GSE39645,EHBP1L1///SIPA1,0.502158,1.21E-07,1.27E-06,6.351348,Up
GSE39645,CCDC190,-0.889138,1.21E-07,1.27E-06,-6.351082,Down
GSE39645,C1GALT1C1,0.750934,1.23E-07,1.29E-06,6.346914,Up
GSE39645,KIAA1468,0.775507,1.23E-07,1.29E-06,6.346598,Up
GSE39645,PMEPA1,1.194964,1.25E-07,1.32E-06,6.340308,Up
GSE39645,CAPNS1,0.625203,1.26E-07,1.32E-06,6.338723,Up
GSE39645,NIPAL4,-0.783202,1.26E-07,1.33E-06,-6.338231,Down
GSE39645,MTFR1L,0.622155,1.26E-07,1.33E-06,6.338059,Up
GSE39645,ABCD2,-0.834467,1.26E-07,1.33E-06,-6.337511,Down
GSE39645,PELO///ITGA1,0.955636,1.26E-07,1.33E-06,6.337366,Up
GSE39645,ETAA1,1.424989,1.27E-07,1.33E-06,6.337164,Up
GSE39645,TMEM65,0.571396,1.27E-07,1.33E-06,6.335905,Up
GSE39645,TM2D1,0.692666,1.28E-07,1.34E-06,6.334365,Up
GSE39645,KLHL12,0.697781,1.28E-07,1.35E-06,6.332607,Up
GSE39645,MYO5C,-0.881216,1.29E-07,1.35E-06,-6.332225,Down
GSE39645,FKBP15,0.82273,1.3E-07,1.35E-06,6.330177,Up
GSE39645,HEATR5A,0.963877,1.3E-07,1.36E-06,6.329682,Up
GSE39645,FGF2,0.875699,1.3E-07,1.36E-06,6.329669,Up
GSE39645,ADAMTS1,-1.540347,1.3E-07,1.36E-06,-6.328016,Down
GSE39645,WDFY3,0.954869,1.31E-07,1.36E-06,6.327679,Up
GSE39645,CMTR1,0.731638,1.31E-07,1.37E-06,6.325654,Up
GSE39645,CES2,0.524549,1.32E-07,1.38E-06,6.324541,Up
GSE39645,RFX8,-0.611277,1.32E-07,1.38E-06,-6.323585,Down
GSE39645,FHL1,-1.087651,1.33E-07,1.38E-06,-6.322442,Down
GSE39645,GABBR2,-0.546171,1.33E-07,1.39E-06,-6.321316,Down
GSE39645,RRAGC,0.795642,1.34E-07,1.39E-06,6.320617,Up
GSE39645,TMED4,0.998758,1.34E-07,1.39E-06,6.320357,Up
GSE39645,KIDINS220,0.866089,1.34E-07,1.39E-06,6.319527,Up
GSE39645,ITFG1,1.243824,1.35E-07,1.4E-06,6.318522,Up
GSE39645,ZCCHC17,1.225895,1.35E-07,1.4E-06,6.318207,Up
GSE39645,TRIM29,-0.684085,1.35E-07,1.4E-06,-6.31802,Down
GSE39645,ADAM19,-1.167095,1.35E-07,1.4E-06,-6.317468,Down
GSE39645,TRIM8,0.901156,1.35E-07,1.4E-06,6.317411,Up
GSE39645,GNG4,-0.534147,1.35E-07,1.4E-06,-6.317113,Down
GSE39645,FRMPD4,-0.555388,1.35E-07,1.4E-06,-6.317104,Down
GSE39645,PRKG1,-0.938746,1.36E-07,1.4E-06,-6.316113,Down
GSE39645,VTI1B,0.774031,1.36E-07,1.41E-06,6.314569,Up
GSE39645,TMC4,-0.734616,1.36E-07,1.41E-06,-6.314442,Down
GSE39645,CHI3L2,-1.678519,1.36E-07,1.41E-06,-6.314437,Down
GSE39645,PPM1E,-0.632371,1.37E-07,1.41E-06,-6.314157,Down
GSE39645,TMEM242,0.862352,1.37E-07,1.41E-06,6.313707,Up
GSE39645,PHF19,0.644463,1.37E-07,1.41E-06,6.313432,Up
GSE39645,GSG1L,-0.510347,1.37E-07,1.41E-06,-6.312792,Down
GSE39645,ATP6AP2,0.842639,1.37E-07,1.41E-06,6.312571,Up
GSE39645,UNC13C///UNC13C,-0.68636,1.37E-07,1.41E-06,-6.31247,Down
GSE39645,SCP2,0.900489,1.37E-07,1.41E-06,6.312238,Up
GSE39645,ALPK1,0.760687,1.38E-07,1.41E-06,6.311978,Up
GSE39645,HEATR5B,0.856305,1.38E-07,1.41E-06,6.311772,Up
GSE39645,ROBO4,-0.522593,1.38E-07,1.41E-06,-6.311454,Down
GSE39645,ROPN1L,-0.553942,1.38E-07,1.41E-06,-6.311087,Down
GSE39645,ADAMTS6,-0.694124,1.38E-07,1.42E-06,-6.310408,Down
GSE39645,MEGF11,-0.496562,1.39E-07,1.42E-06,-6.310023,Down
GSE39645,HPSE2,-0.938677,1.39E-07,1.42E-06,-6.309897,Down
GSE39645,HLA-DQA1,1.887981,1.39E-07,1.42E-06,6.308382,Up
GSE39645,INPP5D,1.349855,1.39E-07,1.42E-06,6.308317,Up
GSE39645,SEMA6D,1.039842,1.4E-07,1.43E-06,6.30769,Up
GSE39645,C1orf198,0.995777,1.4E-07,1.43E-06,6.306838,Up
GSE39645,MRPS36,1.323273,1.4E-07,1.43E-06,6.306725,Up
GSE39645,DICER1,0.837224,1.4E-07,1.43E-06,6.305867,Up
GSE39645,KIF3C,0.74741,1.41E-07,1.43E-06,6.305592,Up
GSE39645,PTCHD1,-0.689043,1.41E-07,1.44E-06,-6.304483,Down
GSE39645,WHRN,-0.531622,1.42E-07,1.45E-06,-6.301585,Down
GSE39645,TNFSF11,-0.460144,1.43E-07,1.45E-06,-6.30092,Down
GSE39645,VPS45,0.980189,1.43E-07,1.46E-06,6.29967,Up
GSE39645,AAED1,1.309547,1.43E-07,1.46E-06,6.299481,Up
GSE39645,CDADC1,0.732982,1.44E-07,1.46E-06,6.299279,Up
GSE39645,TAB3,0.692915,1.44E-07,1.46E-06,6.298949,Up
GSE39645,CYP46A1,-0.519687,1.44E-07,1.46E-06,-6.298005,Down
GSE39645,MMP28,0.767147,1.44E-07,1.46E-06,6.297775,Up
GSE39645,RGS10,1.006759,1.45E-07,1.46E-06,6.297266,Up
GSE39645,ARMCX3,0.845333,1.45E-07,1.47E-06,6.296763,Up
GSE39645,PRUNE1,0.822132,1.45E-07,1.47E-06,6.29618,Up
GSE39645,GDA,-0.779528,1.45E-07,1.47E-06,-6.295855,Down
GSE39645,ZNF397,0.665372,1.46E-07,1.47E-06,6.294824,Up
GSE39645,CTSA,0.968986,1.46E-07,1.47E-06,6.294296,Up
GSE39645,CLEC18B///CLEC18A///CLEC18C,-0.567586,1.46E-07,1.47E-06,-6.294042,Down
GSE39645,RGS11,0.928319,1.46E-07,1.48E-06,6.293472,Up
GSE39645,SCARA5,-1.175352,1.47E-07,1.48E-06,-6.292889,Down
GSE39645,NSMCE2,1.015995,1.47E-07,1.48E-06,6.29278,Up
GSE39645,WDR38,-0.589957,1.47E-07,1.48E-06,-6.292412,Down
GSE39645,MPPED2,-0.889226,1.47E-07,1.48E-06,-6.292203,Down
GSE39645,BSDC1,0.572134,1.47E-07,1.48E-06,6.292093,Up
GSE39645,DHRS9,-0.775009,1.47E-07,1.48E-06,-6.29161,Down
GSE39645,CC2D1B,0.548982,1.48E-07,1.49E-06,6.289443,Up
GSE39645,HOXA7,-0.587114,1.49E-07,1.5E-06,-6.287141,Down
GSE39645,TAPBP,0.576424,1.5E-07,1.5E-06,6.286933,Up
GSE39645,TNFSF14,-0.735004,1.5E-07,1.51E-06,-6.285979,Down
GSE39645,ZCCHC13,-0.779868,1.5E-07,1.51E-06,-6.285651,Down
GSE39645,SUMF1,0.45868,1.5E-07,1.51E-06,6.285095,Up
GSE39645,RPS6KC1,0.900272,1.51E-07,1.51E-06,6.284632,Up
GSE39645,IQCB1,0.759462,1.52E-07,1.52E-06,6.282709,Up
GSE39645,ZNF277,0.798888,1.52E-07,1.52E-06,6.281683,Up
GSE39645,PSME2,0.830849,1.52E-07,1.52E-06,6.281105,Up
GSE39645,PHLDA2,-0.549875,1.54E-07,1.54E-06,-6.278114,Down
GSE39645,TMEM255A,1.384838,1.55E-07,1.55E-06,6.276605,Up
GSE39645,EXOC1,0.900032,1.56E-07,1.56E-06,6.274266,Up
GSE39645,PLCH2,-0.506783,1.56E-07,1.56E-06,-6.274076,Down
GSE39645,CXCL16,1.754534,1.56E-07,1.56E-06,6.273502,Up
GSE39645,PDCD4,1.083142,1.57E-07,1.56E-06,6.272275,Up
GSE39645,IPO8,1.170763,1.57E-07,1.56E-06,6.272123,Up
GSE39645,CECR2,-0.688235,1.57E-07,1.57E-06,-6.271571,Down
GSE39645,TTC37,1.270881,1.58E-07,1.57E-06,6.270251,Up
GSE39645,LEPROTL1,0.933759,1.59E-07,1.58E-06,6.269327,Up
GSE39645,INMT-FAM188B///FAM188B,-0.559237,1.59E-07,1.58E-06,-6.268496,Down
GSE39645,COL4A3BP,0.888014,1.6E-07,1.59E-06,6.266641,Up
GSE39645,UHMK1,0.783233,1.6E-07,1.59E-06,6.266257,Up
GSE39645,CACNA1C,-0.638415,1.61E-07,1.59E-06,-6.265673,Down
GSE39645,ABHD17C,-0.326453,1.61E-07,1.6E-06,-6.264735,Down
GSE39645,WDR44,1.010948,1.61E-07,1.6E-06,6.264579,Up
GSE39645,KIAA2026,1.06756,1.61E-07,1.6E-06,6.264086,Up
GSE39645,ANKS1A,0.908733,1.62E-07,1.6E-06,6.262742,Up
GSE39645,LRP12,1.006505,1.62E-07,1.6E-06,6.262646,Up
GSE39645,CCL23,-0.694323,1.62E-07,1.6E-06,-6.262255,Down
GSE39645,PRG2,-0.596629,1.63E-07,1.61E-06,-6.260815,Down
GSE39645,RABGGTB,1.235518,1.63E-07,1.61E-06,6.260777,Up
GSE39645,CYP4F2,-0.651972,1.64E-07,1.62E-06,-6.259353,Down
GSE39645,AKAP10,0.902624,1.64E-07,1.62E-06,6.258849,Up
GSE39645,MTM1,1.068938,1.64E-07,1.62E-06,6.258849,Up
GSE39645,LHX6,-0.621122,1.65E-07,1.63E-06,-6.256826,Down
GSE39645,KCTD18,0.601307,1.66E-07,1.63E-06,6.25585,Up
GSE39645,BAZ2A,0.679102,1.67E-07,1.64E-06,6.253761,Up
GSE39645,PDCD1LG2,1.112739,1.67E-07,1.65E-06,6.253043,Up
GSE39645,EDEM2,0.752583,1.68E-07,1.65E-06,6.251518,Up
GSE39645,TMED7-TICAM2///TICAM2///TMED7,0.694756,1.69E-07,1.66E-06,6.250539,Up
GSE39645,VSNL1,-1.084768,1.71E-07,1.68E-06,-6.246394,Down
GSE39645,SYT13,-0.481422,1.72E-07,1.69E-06,-6.245076,Down
GSE39645,TMEM107,0.727591,1.72E-07,1.69E-06,6.244757,Up
GSE39645,RNF130,1.086543,1.72E-07,1.69E-06,6.244361,Up
GSE39645,NUDT8,-0.520262,1.74E-07,1.7E-06,-6.242116,Down
GSE39645,CDK5RAP1,0.510475,1.74E-07,1.71E-06,6.240697,Up
GSE39645,CCDC47,0.987798,1.74E-07,1.71E-06,6.240599,Up
GSE39645,CRYZL1,1.050968,1.75E-07,1.71E-06,6.240498,Up
GSE39645,IAH1,0.974214,1.75E-07,1.71E-06,6.239198,Up
GSE39645,GATM,2.305354,1.75E-07,1.71E-06,6.239143,Up
GSE39645,EZH1,1.188248,1.75E-07,1.71E-06,6.238851,Up
GSE39645,XAGE2,-0.614515,1.76E-07,1.71E-06,-6.238706,Down
GSE39645,ATM,0.932191,1.76E-07,1.71E-06,6.238313,Up
GSE39645,DNAAF1,-0.596447,1.76E-07,1.71E-06,-6.238101,Down
GSE39645,ADD1,0.874429,1.78E-07,1.73E-06,6.234512,Up
GSE39645,RHBDD2,0.793856,1.79E-07,1.74E-06,6.23298,Up
GSE39645,KCNA2,1.24117,1.8E-07,1.75E-06,6.231928,Up
GSE39645,SPTBN1,0.670766,1.8E-07,1.75E-06,6.231565,Up
GSE39645,ADORA1,-0.518523,1.8E-07,1.75E-06,-6.231076,Down
GSE39645,CLCC1,0.709798,1.8E-07,1.75E-06,6.230906,Up
GSE39645,WIPF2,0.549353,1.8E-07,1.75E-06,6.230769,Up
GSE39645,RNMT,0.887463,1.81E-07,1.76E-06,6.229817,Up
GSE39645,RHBDL3,-0.568398,1.82E-07,1.77E-06,-6.227879,Down
GSE39645,DCLK1,-1.600792,1.82E-07,1.77E-06,-6.227629,Down
GSE39645,ZNF224,0.812111,1.84E-07,1.78E-06,6.224641,Up
GSE39645,RSU1,0.801477,1.85E-07,1.79E-06,6.222807,Up
GSE39645,PHF21B,-0.453018,1.86E-07,1.8E-06,-6.220787,Down
GSE39645,FAM214A,1.101365,1.87E-07,1.8E-06,6.220306,Up
GSE39645,SLC12A8,-0.733964,1.87E-07,1.8E-06,-6.220268,Down
GSE39645,SYT15,-0.730354,1.87E-07,1.81E-06,-6.219855,Down
GSE39645,KRT16,-0.645398,1.87E-07,1.81E-06,-6.219375,Down
GSE39645,BICD1,0.876135,1.88E-07,1.82E-06,6.217821,Up
GSE39645,ARHGAP5,1.016298,1.88E-07,1.82E-06,6.217574,Up
GSE39645,ARFGAP2,0.574619,1.88E-07,1.82E-06,6.217439,Up
GSE39645,MPZL1,-0.759598,1.89E-07,1.82E-06,-6.216718,Down
GSE39645,STXBP1,0.988624,1.89E-07,1.82E-06,6.216629,Up
GSE39645,SHISA5,0.51838,1.89E-07,1.82E-06,6.216627,Up
GSE39645,AZIN1,1.047058,1.91E-07,1.84E-06,6.212795,Up
GSE39645,QRSL1,0.718188,1.93E-07,1.86E-06,6.209742,Up
GSE39645,PKN2,0.967642,1.94E-07,1.86E-06,6.209317,Up
GSE39645,RASL10B,-0.572564,1.95E-07,1.87E-06,-6.207122,Down
GSE39645,LYRM9,1.405195,1.95E-07,1.87E-06,6.207065,Up
GSE39645,COL4A2,0.907655,1.96E-07,1.88E-06,6.205772,Up
GSE39645,LCNL1,-0.569562,1.96E-07,1.88E-06,-6.205027,Down
GSE39645,IL18RAP,-1.270459,1.97E-07,1.89E-06,-6.204541,Down
GSE39645,R3HDM2,0.565085,1.97E-07,1.89E-06,6.203562,Up
GSE39645,TMX3,0.847845,1.97E-07,1.89E-06,6.203366,Up
GSE39645,ST8SIA3,-0.514036,1.99E-07,1.91E-06,-6.200721,Down
GSE39645,PRLH,-0.661093,1.99E-07,1.91E-06,-6.200509,Down
GSE39645,ZNF362,0.79023,1.99E-07,1.91E-06,6.200487,Up
GSE39645,ZNF844,0.961487,2E-07,1.91E-06,6.199976,Up
GSE39645,SMIM11A,0.56897,2E-07,1.91E-06,6.19905,Up
GSE39645,TMEM50A,0.564935,2E-07,1.91E-06,6.19878,Up
GSE39645,FCHO2,1.093192,2.01E-07,1.91E-06,6.198493,Up
GSE39645,EREG,-0.636382,2.01E-07,1.92E-06,-6.197899,Down
GSE39645,TMEM86A,1.018693,2.01E-07,1.92E-06,6.197406,Up
GSE39645,STAMBP,0.793548,2.02E-07,1.92E-06,6.196987,Up
GSE39645,CLCN7,0.806135,2.02E-07,1.92E-06,6.196541,Up
GSE39645,EFCAB14,0.936384,2.03E-07,1.93E-06,6.194609,Up
GSE39645,PRKD3,0.587936,2.04E-07,1.94E-06,6.193108,Up
GSE39645,BCRP2///BCR,-0.505131,2.05E-07,1.95E-06,-6.192285,Down
GSE39645,HOXC6///HOXC4,-0.548036,2.06E-07,1.96E-06,-6.190271,Down
GSE39645,CYFIP1,1.036506,2.07E-07,1.97E-06,6.188932,Up
GSE39645,ARPP21,-0.678694,2.07E-07,1.97E-06,-6.188539,Down
GSE39645,PET117///KAT14,0.66752,2.08E-07,1.97E-06,6.188066,Up
GSE39645,ARHGEF11,0.536838,2.08E-07,1.97E-06,6.187732,Up
GSE39645,CD300E,-0.907886,2.08E-07,1.97E-06,-6.187306,Down
GSE39645,ZNF22,1.014837,2.09E-07,1.97E-06,6.1869,Up
GSE39645,ARMCX1,0.868285,2.09E-07,1.98E-06,6.185896,Up
GSE39645,ATRAID,0.786161,2.1E-07,1.99E-06,6.184739,Up
GSE39645,ERCC3,0.79272,2.1E-07,1.99E-06,6.18448,Up
GSE39645,CRABP2,-2.145962,2.11E-07,1.99E-06,-6.183204,Down
GSE39645,CRABP1,-1.839728,2.12E-07,2E-06,-6.1819,Down
GSE39645,GRN,0.913109,2.12E-07,2E-06,6.181733,Up
GSE39645,DEPTOR,1.037384,2.13E-07,2.01E-06,6.180755,Up
GSE39645,OPN3,0.823768,2.13E-07,2.01E-06,6.1805,Up
GSE39645,LIAS,0.659663,2.16E-07,2.03E-06,6.177027,Up
GSE39645,GCAT,-0.588712,2.16E-07,2.03E-06,-6.1767,Down
GSE39645,RBM48,1.018298,2.17E-07,2.04E-06,6.175347,Up
GSE39645,PYGM,-1.182835,2.18E-07,2.05E-06,-6.173943,Down
GSE39645,FOLR3,-0.726103,2.19E-07,2.06E-06,-6.171669,Down
GSE39645,SNX1,0.990524,2.2E-07,2.07E-06,6.170916,Up
GSE39645,KIAA0319L,0.729222,2.2E-07,2.07E-06,6.170899,Up
GSE39645,ZNF227,0.511746,2.21E-07,2.07E-06,6.169482,Up
GSE39645,TMEM87A,0.978077,2.23E-07,2.09E-06,6.166823,Up
GSE39645,PLCXD3,-0.909794,2.24E-07,2.1E-06,-6.1654,Down
GSE39645,AEBP1,0.84256,2.24E-07,2.1E-06,6.165342,Up
GSE39645,SIDT1,-0.687818,2.24E-07,2.1E-06,-6.165146,Down
GSE39645,SLC29A2,-0.484274,2.24E-07,2.1E-06,-6.164907,Down
GSE39645,ZNF780A,0.550583,2.25E-07,2.1E-06,6.164616,Up
GSE39645,FAM134C,0.652182,2.25E-07,2.1E-06,6.163956,Up
GSE39645,C1QTNF2,-0.579134,2.27E-07,2.12E-06,-6.161998,Down
GSE39645,DES,-0.59634,2.27E-07,2.12E-06,-6.161701,Down
GSE39645,COG4,0.933081,2.27E-07,2.12E-06,6.161203,Up
GSE39645,LTBR,0.594451,2.28E-07,2.13E-06,6.160288,Up
GSE39645,CDKAL1,0.654654,2.3E-07,2.14E-06,6.157928,Up
GSE39645,DDI2///RSC1A1,0.544021,2.3E-07,2.14E-06,6.157797,Up
GSE39645,TMEM30B,-0.631105,2.3E-07,2.14E-06,-6.157779,Down
GSE39645,BCAN,-0.931286,2.3E-07,2.15E-06,-6.156884,Down
GSE39645,STON2,-0.848563,2.31E-07,2.15E-06,-6.15638,Down
GSE39645,GPRC5C,-0.618754,2.32E-07,2.15E-06,-6.155243,Down
GSE39645,LTB,-0.678577,2.33E-07,2.16E-06,-6.153977,Down
GSE39645,VAMP8,1.284531,2.34E-07,2.17E-06,6.152586,Up
GSE39645,CIDEC,-1.347677,2.34E-07,2.17E-06,-6.152148,Down
GSE39645,WNK2,-0.625591,2.34E-07,2.18E-06,-6.151822,Down
GSE39645,RUNX1T1,-1.274998,2.35E-07,2.18E-06,-6.150822,Down
GSE39645,QKI,0.973902,2.35E-07,2.18E-06,6.15076,Up
GSE39645,GCGR,-0.45027,2.36E-07,2.19E-06,-6.149629,Down
GSE39645,COL7A1,-0.584528,2.37E-07,2.19E-06,-6.148771,Down
GSE39645,CXCL3,-0.538931,2.37E-07,2.19E-06,-6.148765,Down
GSE39645,PALB2,0.702216,2.39E-07,2.21E-06,6.14645,Up
GSE39645,TVP23C-CDRT4///CDRT4,0.883581,2.4E-07,2.22E-06,6.144364,Up
GSE39645,RCOR3,0.776402,2.41E-07,2.23E-06,6.143611,Up
GSE39645,SRPX2,1.206456,2.43E-07,2.24E-06,6.141464,Up
GSE39645,KRT12,-0.502284,2.44E-07,2.25E-06,-6.139775,Down
GSE39645,CCDC150,-0.541941,2.45E-07,2.26E-06,-6.138017,Down
GSE39645,DRAXIN,-0.658625,2.45E-07,2.26E-06,-6.137929,Down
GSE39645,FPR2,-1.206958,2.46E-07,2.26E-06,-6.137746,Down
GSE39645,NUB1,0.729318,2.48E-07,2.28E-06,6.134973,Up
GSE39645,CD74///ROS1,1.359669,2.48E-07,2.28E-06,6.134949,Up
GSE39645,ZNF484,0.82879,2.49E-07,2.29E-06,6.133729,Up
GSE39645,CPNE2,0.754847,2.52E-07,2.32E-06,6.129656,Up
GSE39645,RERGL,-1.210011,2.53E-07,2.33E-06,-6.128598,Down
GSE39645,P3H3,-0.616666,2.54E-07,2.33E-06,-6.128051,Down
GSE39645,PYCR1,-0.583918,2.55E-07,2.34E-06,-6.126667,Down
GSE39645,VPS39,0.731452,2.56E-07,2.35E-06,6.125569,Up
GSE39645,STRIP1,0.544544,2.56E-07,2.35E-06,6.125511,Up
GSE39645,MFHAS1,-0.861082,2.56E-07,2.35E-06,-6.125196,Down
GSE39645,IGF2BP1,-0.782059,2.57E-07,2.35E-06,-6.124462,Down
GSE39645,GLB1,1.148888,2.57E-07,2.36E-06,6.123931,Up
GSE39645,SLC1A2,-1.377455,2.57E-07,2.36E-06,-6.123569,Down
GSE39645,ZNFX1,0.838963,2.58E-07,2.36E-06,6.123449,Up
GSE39645,ZBTB41,1.034314,2.58E-07,2.36E-06,6.123381,Up
GSE39645,MYO9B,0.764522,2.58E-07,2.36E-06,6.123291,Up
GSE39645,SMYD2,0.756458,2.59E-07,2.36E-06,6.121945,Up
GSE39645,GRK3,0.970686,2.6E-07,2.38E-06,6.120352,Up
GSE39645,STAU2,0.649207,2.6E-07,2.38E-06,6.120101,Up
GSE39645,ABCA1,1.490717,2.6E-07,2.38E-06,6.1201,Up
GSE39645,PRDM6,-0.510974,2.61E-07,2.38E-06,-6.119573,Down
GSE39645,RAB10,1.365009,2.63E-07,2.4E-06,6.116981,Up
GSE39645,KIAA1462,-0.86215,2.64E-07,2.4E-06,-6.116274,Down
GSE39645,MYEF2,0.871337,2.64E-07,2.4E-06,6.116014,Up
GSE39645,MX2,1.539565,2.65E-07,2.41E-06,6.115377,Up
GSE39645,CCKBR,-0.478452,2.65E-07,2.41E-06,-6.114712,Down
GSE39645,PLAC1,-0.743677,2.66E-07,2.41E-06,-6.114213,Down
GSE39645,KCNH1,-0.748579,2.66E-07,2.42E-06,-6.113331,Down
GSE39645,CHN1,1.052137,2.67E-07,2.42E-06,6.112772,Up
GSE39645,SDAD1,1.021161,2.67E-07,2.42E-06,6.112447,Up
GSE39645,EFCAB7,0.72551,2.69E-07,2.44E-06,6.110805,Up
GSE39645,TBRG1,0.733592,2.69E-07,2.44E-06,6.110588,Up
GSE39645,LNPEP,0.795067,2.7E-07,2.45E-06,6.109193,Up
GSE39645,CNN3,0.776268,2.71E-07,2.46E-06,6.107904,Up
GSE39645,KIF13B,1.141601,2.72E-07,2.46E-06,6.107546,Up
GSE39645,OSBPL3,0.819817,2.72E-07,2.46E-06,6.107377,Up
GSE39645,RMND1,0.789666,2.72E-07,2.46E-06,6.107015,Up
GSE39645,TMEM25,0.680947,2.74E-07,2.47E-06,6.10508,Up
GSE39645,PARD3B,0.933157,2.74E-07,2.47E-06,6.104984,Up
GSE39645,SLC2A14,-0.839401,2.75E-07,2.48E-06,-6.103691,Down
GSE39645,SPG20,1.216985,2.75E-07,2.48E-06,6.103369,Up
GSE39645,ORMDL1,0.895852,2.75E-07,2.48E-06,6.103267,Up
GSE39645,CDK15,-0.745179,2.76E-07,2.49E-06,-6.102859,Down
GSE39645,GGNBP2,0.792641,2.76E-07,2.49E-06,6.102111,Up
GSE39645,NMB,-0.566998,2.77E-07,2.49E-06,-6.101944,Down
GSE39645,DUSP6,1.252964,2.78E-07,2.5E-06,6.100334,Up
GSE39645,TCAIM,0.812713,2.78E-07,2.5E-06,6.099925,Up
GSE39645,FAM188A,1.01475,2.79E-07,2.5E-06,6.099869,Up
GSE39645,PIGO,0.446277,2.8E-07,2.51E-06,6.098467,Up
GSE39645,AGO4,0.605572,2.81E-07,2.52E-06,6.097191,Up
GSE39645,DNM3,1.024431,2.82E-07,2.53E-06,6.09618,Up
GSE39645,GABRA3,-0.874491,2.82E-07,2.53E-06,-6.096004,Down
GSE39645,FAM178B,-0.540508,2.83E-07,2.54E-06,-6.09469,Down
GSE39645,GNRH2,-0.541067,2.84E-07,2.54E-06,-6.094251,Down
GSE39645,CACNA2D3,-0.575696,2.85E-07,2.55E-06,-6.093375,Down
GSE39645,MYO1C,0.949412,2.85E-07,2.56E-06,6.092608,Up
GSE39645,OTUD1,1.141275,2.86E-07,2.56E-06,6.091965,Up
GSE39645,ADCY8,-1.133618,2.86E-07,2.56E-06,-6.091444,Down
GSE39645,SLC5A11,-1.018651,2.87E-07,2.56E-06,-6.09132,Down
GSE39645,EHF,-1.224354,2.87E-07,2.57E-06,-6.090746,Down
GSE39645,HEMGN,-0.795386,2.89E-07,2.58E-06,-6.088473,Down
GSE39645,NTNG2,-0.456618,2.89E-07,2.58E-06,-6.088432,Down
GSE39645,SNX2,1.205056,2.9E-07,2.59E-06,6.087964,Up
GSE39645,CNTNAP3B///CNTNAP3P2///CNTNAP3,-1.237515,2.91E-07,2.59E-06,-6.087021,Down
GSE39645,CERS2,0.81894,2.93E-07,2.61E-06,6.084962,Up
GSE39645,IGFBP1,-0.722183,2.93E-07,2.61E-06,-6.084869,Down
GSE39645,GTF2H1,0.757063,2.96E-07,2.63E-06,6.081845,Up
GSE39645,OPTN,0.684621,2.96E-07,2.63E-06,6.081721,Up
GSE39645,CPNE6,-0.765568,2.97E-07,2.64E-06,-6.080267,Down
GSE39645,CFB,1.159267,2.98E-07,2.65E-06,6.079952,Up
GSE39645,ZNF654,1.007521,2.98E-07,2.65E-06,6.079478,Up
GSE39645,TMIE,-0.833196,2.98E-07,2.65E-06,-6.079179,Down
GSE39645,PTGFRN,-0.95339,3E-07,2.66E-06,-6.077968,Down
GSE39645,SEPT7,0.991005,3.01E-07,2.67E-06,6.076935,Up
GSE39645,ARFGEF3,-1.079314,3.02E-07,2.67E-06,-6.075949,Down
GSE39645,FMNL2,1.037482,3.02E-07,2.68E-06,6.075717,Up
GSE39645,SFN,-1.077979,3.04E-07,2.7E-06,-6.073314,Down
GSE39645,CBFB,1.03621,3.05E-07,2.7E-06,6.072856,Up
GSE39645,CLIC4,0.82508,3.05E-07,2.7E-06,6.0728,Up
GSE39645,CDS2,0.851664,3.05E-07,2.7E-06,6.072765,Up
GSE39645,INPP5B,0.544365,3.06E-07,2.71E-06,6.071155,Up
GSE39645,PCDH7,-0.580246,3.07E-07,2.71E-06,-6.070771,Down
GSE39645,PLXNA4,-0.809797,3.08E-07,2.72E-06,-6.069651,Down
GSE39645,ITPRIPL2,0.865713,3.1E-07,2.73E-06,6.068154,Up
GSE39645,MMGT1,0.924119,3.11E-07,2.74E-06,6.066693,Up
GSE39645,CKMT1A///CKMT1B///CKMT1A///CKMT1B,-0.742773,3.12E-07,2.75E-06,-6.065761,Down
GSE39645,WTH3DI///RAB6C///RAB6A,0.334738,3.13E-07,2.76E-06,6.065078,Up
GSE39645,ELOVL3,-0.568122,3.14E-07,2.77E-06,-6.063532,Down
GSE39645,INSRR,-0.549832,3.15E-07,2.77E-06,-6.062886,Down
GSE39645,DPH3,0.937992,3.16E-07,2.78E-06,6.062378,Up
GSE39645,METTL6,0.971736,3.17E-07,2.79E-06,6.06117,Up
GSE39645,CPQ,0.957501,3.18E-07,2.8E-06,6.060067,Up
GSE39645,CD1C,-1.333606,3.19E-07,2.8E-06,-6.059274,Down
GSE39645,FAM69B,-0.503159,3.19E-07,2.8E-06,-6.059062,Down
GSE39645,ACTC1,-0.721345,3.2E-07,2.81E-06,-6.057922,Down
GSE39645,MYT1,-0.53276,3.2E-07,2.81E-06,-6.057659,Down
GSE39645,PTCD3,1.004895,3.21E-07,2.81E-06,6.057329,Up
GSE39645,TREML2,-0.622099,3.22E-07,2.82E-06,-6.05654,Down
GSE39645,ZCCHC18,-0.426746,3.23E-07,2.83E-06,-6.055023,Down
GSE39645,SIX1,-1.171822,3.25E-07,2.85E-06,-6.053423,Down
GSE39645,DCAF7,0.735725,3.26E-07,2.85E-06,6.052945,Up
GSE39645,TTLL7,1.007863,3.26E-07,2.85E-06,6.052652,Up
GSE39645,ATCAY,-0.615867,3.26E-07,2.85E-06,-6.052372,Down
GSE39645,CDS1,-0.523308,3.28E-07,2.87E-06,-6.050781,Down
GSE39645,TSPAN9,0.86681,3.28E-07,2.87E-06,6.050583,Up
GSE39645,SNAPC5,0.700345,3.28E-07,2.87E-06,6.050423,Up
GSE39645,RAB3GAP1,0.837648,3.29E-07,2.87E-06,6.049824,Up
GSE39645,CCDC28A,0.946104,3.3E-07,2.88E-06,6.048811,Up
GSE39645,CLEC1B,-0.696572,3.3E-07,2.88E-06,-6.04858,Down
GSE39645,TEKT1,-0.710648,3.35E-07,2.92E-06,-6.044047,Down
GSE39645,BNIP2,1.006045,3.37E-07,2.93E-06,6.042813,Up
GSE39645,TGFA,1.283651,3.38E-07,2.95E-06,6.041414,Up
GSE39645,AK5,1.356785,3.42E-07,2.97E-06,6.038316,Up
GSE39645,BOC,-1.028752,3.43E-07,2.98E-06,-6.037515,Down
GSE39645,VAPA,0.763635,3.43E-07,2.98E-06,6.036949,Up
GSE39645,RLN3,-0.635881,3.46E-07,3.01E-06,-6.034635,Down
GSE39645,ERICH1,0.663896,3.47E-07,3.01E-06,6.033658,Up
GSE39645,GPR85,-0.674612,3.47E-07,3.02E-06,-6.033405,Down
GSE39645,BTN2A1,0.525695,3.49E-07,3.03E-06,6.031609,Up
GSE39645,MRAP2,-1.102177,3.5E-07,3.03E-06,-6.031355,Down
GSE39645,CYTH3,1.095022,3.51E-07,3.04E-06,6.03072,Up
GSE39645,RND1,-1.808117,3.51E-07,3.04E-06,-6.030241,Down
GSE39645,TPRG1L,0.694671,3.51E-07,3.04E-06,6.03003,Up
GSE39645,ADIPOR2,0.89262,3.54E-07,3.06E-06,6.028122,Up
GSE39645,ARNTL2,-0.646894,3.54E-07,3.07E-06,-6.027374,Down
GSE39645,NEDD8-MDP1///MDP1,0.832419,3.55E-07,3.07E-06,6.026987,Up
GSE39645,TAOK1,1.019763,3.55E-07,3.07E-06,6.026638,Up
GSE39645,CRBN,0.941004,3.57E-07,3.08E-06,6.025558,Up
GSE39645,TBCE,1.007808,3.59E-07,3.1E-06,6.023384,Up
GSE39645,ABCF3,0.858108,3.6E-07,3.1E-06,6.022788,Up
GSE39645,PLEKHM3,0.70143,3.6E-07,3.1E-06,6.022719,Up
GSE39645,FBXO3,0.855394,3.61E-07,3.11E-06,6.022067,Up
GSE39645,TALDO1,0.660931,3.62E-07,3.12E-06,6.021124,Up
GSE39645,MFSD12,0.634418,3.62E-07,3.12E-06,6.020754,Up
GSE39645,PTBP2,1.094016,3.63E-07,3.13E-06,6.019861,Up
GSE39645,VPS18,0.740658,3.63E-07,3.13E-06,6.019791,Up
GSE39645,FCAR,-0.887831,3.64E-07,3.13E-06,-6.019752,Down
GSE39645,ST5,0.961394,3.64E-07,3.13E-06,6.019701,Up
GSE39645,TXNDC15,0.773869,3.66E-07,3.14E-06,6.01798,Up
GSE39645,PF4V1,-0.481935,3.66E-07,3.14E-06,-6.017646,Down
GSE39645,GNPTG,0.858762,3.67E-07,3.15E-06,6.01706,Up
GSE39645,CD163,1.694767,3.67E-07,3.15E-06,6.016776,Up
GSE39645,TTC7B,0.466856,3.68E-07,3.15E-06,6.016099,Up
GSE39645,FAM229B,1.417425,3.68E-07,3.15E-06,6.015927,Up
GSE39645,ITGB1BP2,-0.628464,3.68E-07,3.15E-06,-6.015883,Down
GSE39645,SLC39A8,-0.773141,3.68E-07,3.15E-06,-6.015863,Down
GSE39645,HFE,0.605335,3.69E-07,3.16E-06,6.015344,Up
GSE39645,FCF1,0.790635,3.69E-07,3.16E-06,6.015216,Up
GSE39645,ARHGAP44,-0.486422,3.7E-07,3.16E-06,-6.014772,Down
GSE39645,VIPAS39,0.765196,3.7E-07,3.16E-06,6.014631,Up
GSE39645,FRYL,1.115703,3.71E-07,3.17E-06,6.013709,Up
GSE39645,PRPSAP2,0.989876,3.73E-07,3.18E-06,6.012015,Up
GSE39645,PIK3R2,0.735713,3.73E-07,3.18E-06,6.011811,Up
GSE39645,ARMC3,-0.941345,3.74E-07,3.19E-06,-6.011378,Down
GSE39645,KATNAL1,1.109382,3.74E-07,3.19E-06,6.011073,Up
GSE39645,DPP7,0.578229,3.74E-07,3.19E-06,6.010996,Up
GSE39645,PPP2R5B,0.49706,3.76E-07,3.2E-06,6.009398,Up
GSE39645,NUCB1,0.679776,3.76E-07,3.2E-06,6.009197,Up
GSE39645,SELPLG,1.291415,3.77E-07,3.21E-06,6.008698,Up
GSE39645,ARSJ,-1.011242,3.78E-07,3.22E-06,-6.00785,Down
GSE39645,TMEM161B,0.585092,3.78E-07,3.22E-06,6.007794,Up
GSE39645,SLC17A6,-0.646214,3.81E-07,3.23E-06,-6.005969,Down
GSE39645,CEP89,0.619697,3.81E-07,3.24E-06,6.005518,Up
GSE39645,TSKU,-0.941464,3.84E-07,3.26E-06,-6.003452,Down
GSE39645,TBX3,-0.610184,3.86E-07,3.28E-06,-6.001379,Down
GSE39645,IP6K2,0.92214,3.87E-07,3.28E-06,6.001086,Up
GSE39645,ABLIM2,-0.528449,3.89E-07,3.29E-06,-5.999652,Down
GSE39645,LIN52,0.530226,3.89E-07,3.29E-06,5.999558,Up
GSE39645,TMEM63C,-0.635923,3.91E-07,3.31E-06,-5.998004,Down
GSE39645,MESP1,-0.405501,3.91E-07,3.31E-06,-5.998002,Down
GSE39645,SAMD12,0.801926,3.91E-07,3.31E-06,5.997679,Up
GSE39645,MBTPS2///MBTPS2,0.61686,3.95E-07,3.34E-06,5.99467,Up
GSE39645,VEZF1,0.558361,3.95E-07,3.34E-06,5.994665,Up
GSE39645,MRPL44,0.869053,3.97E-07,3.35E-06,5.993346,Up
GSE39645,SCAPER,1.079057,3.97E-07,3.35E-06,5.993183,Up
GSE39645,KAZALD1,-0.499223,4.02E-07,3.39E-06,-5.989762,Down
GSE39645,CPED1,1.151799,4.02E-07,3.39E-06,5.98971,Up
GSE39645,RBAK,0.775616,4.03E-07,3.4E-06,5.988659,Up
GSE39645,RNF145,0.629782,4.03E-07,3.4E-06,5.988396,Up
GSE39645,SNX14,1.168062,4.04E-07,3.4E-06,5.988258,Up
GSE39645,KIAA0196,1.056888,4.06E-07,3.42E-06,5.986565,Up
GSE39645,CMA1,-0.940826,4.06E-07,3.42E-06,-5.98624,Down
GSE39645,XPA,0.82245,4.09E-07,3.44E-06,5.984128,Up
GSE39645,RBM24,-0.564695,4.09E-07,3.44E-06,-5.983913,Down
GSE39645,ABCB7,0.951365,4.1E-07,3.45E-06,5.983513,Up
GSE39645,ANKRD44,0.807631,4.1E-07,3.45E-06,5.983255,Up
GSE39645,ZNF649,0.991871,4.11E-07,3.45E-06,5.982707,Up
GSE39645,S1PR5,-0.387153,4.12E-07,3.46E-06,-5.98207,Down
GSE39645,ARL5A,0.666162,4.12E-07,3.46E-06,5.981946,Up
GSE39645,RMDN1,1.38737,4.13E-07,3.46E-06,5.981478,Up
GSE39645,SNTG1,-0.5415,4.13E-07,3.46E-06,-5.981263,Down
GSE39645,SPPL3///SPPL3,0.734348,4.14E-07,3.46E-06,5.980938,Up
GSE39645,SLC19A3,-1.053885,4.15E-07,3.48E-06,-5.979643,Down
GSE39645,KIAA0232,0.855485,4.16E-07,3.48E-06,5.979207,Up
GSE39645,EEA1,1.474191,4.17E-07,3.49E-06,5.978534,Up
GSE39645,ACYP2,0.914881,4.17E-07,3.49E-06,5.978255,Up
GSE39645,SHANK2,-0.674238,4.18E-07,3.5E-06,-5.977406,Down
GSE39645,PPP1R7,0.739319,4.19E-07,3.5E-06,5.976967,Up
GSE39645,CASP8AP2,0.818921,4.2E-07,3.51E-06,5.976138,Up
GSE39645,PCDH19,-0.968602,4.2E-07,3.51E-06,-5.976001,Down
GSE39645,KIF21A,1.373054,4.22E-07,3.52E-06,5.974715,Up
GSE39645,UBXN8,0.657536,4.22E-07,3.52E-06,5.974504,Up
GSE39645,AUP1,0.483687,4.23E-07,3.52E-06,5.974373,Up
GSE39645,CEPT1,0.944076,4.23E-07,3.52E-06,5.974368,Up
GSE39645,POLR3C,0.619779,4.23E-07,3.52E-06,5.974315,Up
GSE39645,MTHFR,0.69708,4.23E-07,3.52E-06,5.973945,Up
GSE39645,IKZF2,1.359468,4.25E-07,3.53E-06,5.972953,Up
GSE39645,EPC1///ASXL2,0.662915,4.28E-07,3.55E-06,5.970707,Up
GSE39645,RIMS2,-0.582951,4.28E-07,3.55E-06,-5.970686,Down
GSE39645,HPS1,0.545301,4.28E-07,3.56E-06,5.970399,Up
GSE39645,TM2D2,1.093753,4.29E-07,3.56E-06,5.970174,Up
GSE39645,RAPGEF4,-0.600968,4.31E-07,3.57E-06,-5.968742,Down
GSE39645,SDK1,0.801666,4.31E-07,3.57E-06,5.968556,Up
GSE39645,OGFRL1,1.306412,4.34E-07,3.59E-06,5.966687,Up
GSE39645,WDR62,-0.510734,4.34E-07,3.59E-06,-5.966664,Down
GSE39645,KLK8,-0.537969,4.34E-07,3.59E-06,-5.966399,Down
GSE39645,RNF41,0.732848,4.34E-07,3.6E-06,5.966094,Up
GSE39645,ARL2BP,0.971424,4.36E-07,3.61E-06,5.965093,Up
GSE39645,KRT6C///KRT6B///KRT6A///KRT5,-0.957528,4.36E-07,3.61E-06,-5.964962,Down
GSE39645,CLTCL1,-0.507152,4.36E-07,3.61E-06,-5.964748,Down
GSE39645,RIBC2,-0.548428,4.37E-07,3.61E-06,-5.964051,Down
GSE39645,ZNF510,0.704354,4.39E-07,3.62E-06,5.963063,Up
GSE39645,WDR53,0.449244,4.4E-07,3.63E-06,5.962181,Up
GSE39645,SLC9A8,0.704054,4.4E-07,3.63E-06,5.962086,Up
GSE39645,PCNX2,0.548998,4.4E-07,3.63E-06,5.962032,Up
GSE39645,FOXC2,-0.418028,4.43E-07,3.65E-06,-5.960534,Down
GSE39645,PCNP,0.683397,4.43E-07,3.65E-06,5.96041,Up
GSE39645,TSR2,0.930599,4.44E-07,3.66E-06,5.959448,Up
GSE39645,POLK,1.014868,4.45E-07,3.66E-06,5.958703,Up
GSE39645,PYROXD1,1.135351,4.45E-07,3.66E-06,5.958615,Up
GSE39645,CEP104,0.789664,4.46E-07,3.67E-06,5.958149,Up
GSE39645,ABCB4,1.038229,4.46E-07,3.67E-06,5.95812,Up
GSE39645,GNG7,1.1043,4.47E-07,3.67E-06,5.957397,Up
GSE39645,MAP2,1.433186,4.49E-07,3.69E-06,5.955987,Up
GSE39645,SLC25A53,-0.561518,4.5E-07,3.69E-06,-5.955492,Down
GSE39645,HHIPL1,-0.42781,4.51E-07,3.7E-06,-5.955096,Down
GSE39645,WDR48,0.945277,4.53E-07,3.72E-06,5.953276,Up
GSE39645,LGALS9C///LGALS9B///LGALS9,0.893683,4.54E-07,3.72E-06,5.95307,Up
GSE39645,RPN2,0.786524,4.54E-07,3.72E-06,5.952729,Up
GSE39645,FXYD1,1.436088,4.56E-07,3.73E-06,5.951793,Up
GSE39645,TTF1,0.633528,4.59E-07,3.76E-06,5.949595,Up
GSE39645,ZNF57,0.595331,4.6E-07,3.76E-06,5.94876,Up
GSE39645,BMPER,-0.806988,4.62E-07,3.78E-06,-5.947713,Down
GSE39645,CAMP,-0.772619,4.62E-07,3.78E-06,-5.947499,Down
GSE39645,FARS2,0.838232,4.63E-07,3.78E-06,5.946841,Up
GSE39645,EPHA5,1.209663,4.63E-07,3.78E-06,5.946829,Up
GSE39645,TBK1,0.835676,4.64E-07,3.79E-06,5.946418,Up
GSE39645,ALG8,1.039993,4.65E-07,3.8E-06,5.945404,Up
GSE39645,TMEM132C,-0.999094,4.66E-07,3.8E-06,-5.944901,Down
GSE39645,ASXL2///ASXL2,0.738923,4.66E-07,3.8E-06,5.94483,Up
GSE39645,HINFP,0.490939,4.67E-07,3.8E-06,5.944619,Up
GSE39645,EBAG9,0.830366,4.68E-07,3.81E-06,5.943919,Up
GSE39645,SECISBP2,0.936852,4.68E-07,3.81E-06,5.9439,Up
GSE39645,PTGER2,-0.989901,4.69E-07,3.81E-06,-5.943075,Down
GSE39645,THPO,-0.628072,4.69E-07,3.82E-06,-5.942794,Down
GSE39645,ST8SIA2,-0.679206,4.73E-07,3.84E-06,-5.940628,Down
GSE39645,ZNF480,0.631234,4.75E-07,3.86E-06,5.93893,Up
GSE39645,ITGA2B,-0.605611,4.76E-07,3.86E-06,-5.938884,Down
GSE39645,DACT1,-1.237219,4.76E-07,3.86E-06,-5.938668,Down
GSE39645,SLC25A48,-0.593806,4.79E-07,3.88E-06,-5.936845,Down
GSE39645,SBF2,0.875694,4.79E-07,3.89E-06,5.936534,Up
GSE39645,CLC,-1.363885,4.81E-07,3.9E-06,-5.935637,Down
GSE39645,FBXW2,0.677664,4.83E-07,3.91E-06,5.934059,Up
GSE39645,HDAC9,0.754794,4.86E-07,3.93E-06,5.932361,Up
GSE39645,HIST1H4A,-0.607523,4.86E-07,3.93E-06,-5.932238,Down
GSE39645,ADTRP,-0.685823,4.86E-07,3.93E-06,-5.93222,Down
GSE39645,MEFV,-0.65095,4.89E-07,3.95E-06,-5.930549,Down
GSE39645,PIGU///PIGU,0.872769,4.89E-07,3.95E-06,5.930436,Up
GSE39645,CAPN6,-1.646877,4.9E-07,3.96E-06,-5.92976,Down
GSE39645,PLPPR1,-0.654563,4.91E-07,3.96E-06,-5.929336,Down
GSE39645,TMEM26,-0.637622,4.92E-07,3.97E-06,-5.928506,Down
GSE39645,TMEM125,-0.554561,4.92E-07,3.97E-06,-5.928501,Down
GSE39645,CREB3L2,0.794316,4.94E-07,3.98E-06,5.927497,Up
GSE39645,DNAJB2,0.787673,4.94E-07,3.98E-06,5.927177,Up
GSE39645,BRI3BP,0.785002,4.95E-07,3.99E-06,5.926591,Up
GSE39645,RIMS4,-0.60409,4.96E-07,4E-06,-5.925923,Down
GSE39645,C10orf90,-0.905732,4.98E-07,4.01E-06,-5.924829,Down
GSE39645,DLL1,-0.561135,4.99E-07,4.01E-06,-5.924422,Down
GSE39645,PRKCDBP,0.973465,5.01E-07,4.03E-06,5.923256,Up
GSE39645,BTD,0.849723,5.03E-07,4.04E-06,5.921984,Up
GSE39645,SH3BP4,-0.794029,5.07E-07,4.07E-06,-5.919833,Down
GSE39645,MED29,0.82156,5.07E-07,4.07E-06,5.919496,Up
GSE39645,SIRPB1,-0.863012,5.08E-07,4.08E-06,-5.918823,Down
GSE39645,CACNA1D,0.968603,5.09E-07,4.08E-06,5.918436,Up
GSE39645,MXD3,-0.492365,5.1E-07,4.09E-06,-5.918052,Down
GSE39645,ZNF124,0.9831,5.1E-07,4.09E-06,5.917657,Up
GSE39645,HOXA5,-0.502704,5.12E-07,4.1E-06,-5.916823,Down
GSE39645,ZNF791,0.853803,5.15E-07,4.13E-06,5.9148,Up
GSE39645,CNGA3,-0.84419,5.16E-07,4.13E-06,-5.914369,Down
GSE39645,RHBDF2,1.030735,5.16E-07,4.13E-06,5.914066,Up
GSE39645,ARHGAP35,0.891776,5.18E-07,4.15E-06,5.912871,Up
GSE39645,DSCR3,1.026484,5.2E-07,4.16E-06,5.912096,Up
GSE39645,KIF1BP,1.056158,5.21E-07,4.17E-06,5.911241,Up
GSE39645,LRRN2,-0.672141,5.23E-07,4.18E-06,-5.910111,Down
GSE39645,NTRK1///NTRK1,-0.490765,5.26E-07,4.2E-06,-5.90865,Down
GSE39645,MEDAG,-1.444106,5.27E-07,4.2E-06,-5.908026,Down
GSE39645,THYN1,0.583719,5.29E-07,4.22E-06,5.90693,Up
GSE39645,HERC5,1.11988,5.3E-07,4.22E-06,5.906372,Up
GSE39645,ERGIC2,1.028322,5.31E-07,4.23E-06,5.905478,Up
GSE39645,ZNF461,0.489742,5.33E-07,4.25E-06,5.90449,Up
GSE39645,TINAGL1,-0.741768,5.35E-07,4.26E-06,-5.903468,Down
GSE39645,GAPVD1,0.85113,5.37E-07,4.28E-06,5.902122,Up
GSE39645,EME1,-0.687505,5.38E-07,4.28E-06,-5.901858,Down
GSE39645,IGFBP4,0.768381,5.4E-07,4.29E-06,5.900501,Up
GSE39645,CSGALNACT2,0.774496,5.41E-07,4.29E-06,5.900294,Up
GSE39645,ZNF615,0.946836,5.41E-07,4.29E-06,5.90028,Up
GSE39645,SEMA3F,-0.515485,5.43E-07,4.31E-06,-5.899208,Down
GSE39645,FUCA1,1.100736,5.43E-07,4.31E-06,5.899163,Up
GSE39645,PAK2,1.098575,5.43E-07,4.31E-06,5.898686,Up
GSE39645,PJA2,0.953463,5.44E-07,4.31E-06,5.898533,Up
GSE39645,SMARCAL1,0.630343,5.45E-07,4.31E-06,5.898094,Up
GSE39645,RIT1,0.984583,5.45E-07,4.31E-06,5.898029,Up
GSE39645,OAS3,1.323242,5.47E-07,4.33E-06,5.896841,Up
GSE39645,DTX1,-0.645727,5.52E-07,4.37E-06,-5.89411,Down
GSE39645,RP2,0.874513,5.52E-07,4.37E-06,5.8939,Up
GSE39645,KEL,-0.645409,5.53E-07,4.37E-06,-5.893649,Down
GSE39645,AHNAK,0.736421,5.54E-07,4.38E-06,5.893075,Up
GSE39645,RAD50,1.047533,5.55E-07,4.39E-06,5.89232,Up
GSE39645,NSRP1,0.86321,5.58E-07,4.41E-06,5.890831,Up
GSE39645,ARPP19,0.797332,5.59E-07,4.41E-06,5.890468,Up
GSE39645,NPTX1,-0.497103,5.59E-07,4.41E-06,-5.890036,Down
GSE39645,PLPP3,-0.774863,5.6E-07,4.41E-06,-5.88977,Down
GSE39645,NOX1,-0.630451,5.61E-07,4.42E-06,-5.889253,Down
GSE39645,PAXBP1,0.665718,5.61E-07,4.42E-06,5.889096,Up
GSE39645,RGMA,-0.931484,5.61E-07,4.42E-06,-5.88907,Down
GSE39645,MAN2A1,1.167621,5.62E-07,4.43E-06,5.888382,Up
GSE39645,VPS28,0.760961,5.64E-07,4.44E-06,5.887368,Up
GSE39645,ASPRV1,-0.519951,5.65E-07,4.44E-06,-5.887001,Down
GSE39645,NA,-0.547291,5.65E-07,4.44E-06,-5.886917,Down
GSE39645,SLC39A12,-0.961673,5.65E-07,4.44E-06,-5.886852,Down
GSE39645,CFAP97,0.654739,5.66E-07,4.45E-06,5.8862,Up
GSE39645,GRIK1,-0.685581,5.68E-07,4.46E-06,-5.885145,Down
GSE39645,TBC1D15,0.806657,5.69E-07,4.47E-06,5.884753,Up
GSE39645,BEND2,-0.570243,5.7E-07,4.47E-06,-5.884329,Down
GSE39645,EDA2R,0.819033,5.7E-07,4.47E-06,5.88425,Up
GSE39645,PTEN,0.656209,5.72E-07,4.48E-06,5.883222,Up
GSE39645,FBLIM1,-0.682992,5.74E-07,4.49E-06,-5.882446,Down
GSE39645,MMD2,-0.734507,5.76E-07,4.51E-06,-5.881206,Down
GSE39645,AKTIP,1.095255,5.78E-07,4.52E-06,5.880347,Up
GSE39645,B4GALNT1,1.046293,5.78E-07,4.52E-06,5.880164,Up
GSE39645,CCDC81,-0.609485,5.8E-07,4.53E-06,-5.87923,Down
GSE39645,FOXD2,-0.524125,5.8E-07,4.54E-06,-5.878892,Down
GSE39645,SMIM7,0.811638,5.81E-07,4.54E-06,5.878651,Up
GSE39645,ESYT3,-0.585034,5.82E-07,4.54E-06,-5.878087,Down
GSE39645,OPRD1,-0.461917,5.83E-07,4.55E-06,-5.877705,Down
GSE39645,SYT16,-0.601339,5.86E-07,4.57E-06,-5.875834,Down
GSE39645,MCEMP1,-1.008354,5.86E-07,4.57E-06,-5.875803,Down
GSE39645,MTMR12,0.691711,5.87E-07,4.57E-06,5.875565,Up
GSE39645,NDRG3,1.04202,5.89E-07,4.59E-06,5.874571,Up
GSE39645,FEZ2,0.734412,5.89E-07,4.59E-06,5.874504,Up
GSE39645,CD300LG,-0.847875,5.9E-07,4.59E-06,-5.87399,Down
GSE39645,VDR,-0.781165,5.9E-07,4.59E-06,-5.873893,Down
GSE39645,NUP133,0.855578,5.93E-07,4.61E-06,5.872629,Up
GSE39645,KLK7,-0.528305,5.94E-07,4.62E-06,-5.872078,Down
GSE39645,LBP,-0.771192,5.94E-07,4.62E-06,-5.871678,Down
GSE39645,PTPRS,0.861139,5.95E-07,4.62E-06,5.871584,Up
GSE39645,SNX27,0.747439,5.97E-07,4.63E-06,5.870466,Up
GSE39645,ELMO2,0.745218,5.99E-07,4.65E-06,5.869611,Up
GSE39645,CHD9,0.819176,6E-07,4.65E-06,5.868932,Up
GSE39645,SPOCD1,-0.64195,6.03E-07,4.68E-06,-5.867317,Down
GSE39645,C1orf27,1.117928,6.04E-07,4.68E-06,5.866713,Up
GSE39645,OCA2,-0.61869,6.09E-07,4.72E-06,-5.864332,Down
GSE39645,ZNF691,0.554656,6.12E-07,4.74E-06,5.863082,Up
GSE39645,ESYT1,0.920446,6.14E-07,4.75E-06,5.861999,Up
GSE39645,ATG14,0.716023,6.14E-07,4.75E-06,5.861856,Up
GSE39645,KIF1C,0.707438,6.16E-07,4.76E-06,5.8611,Up
GSE39645,ZNF226,0.478813,6.18E-07,4.78E-06,5.860006,Up
GSE39645,FBXL13,-0.435197,6.19E-07,4.78E-06,-5.859676,Down
GSE39645,FYB,1.360938,6.19E-07,4.78E-06,5.859303,Up
GSE39645,ADIPOQ,-1.98155,6.21E-07,4.79E-06,-5.858578,Down
GSE39645,C16orf89,-0.966075,6.21E-07,4.79E-06,-5.858469,Down
GSE39645,GIN1,0.742277,6.22E-07,4.8E-06,5.858169,Up
GSE39645,CENPBD1,0.76241,6.23E-07,4.8E-06,5.857691,Up
GSE39645,CIR1,1.015303,6.23E-07,4.8E-06,5.857309,Up
GSE39645,TBC1D19,0.842926,6.24E-07,4.8E-06,5.857228,Up
GSE39645,CXorf36,-0.805309,6.24E-07,4.8E-06,-5.857178,Down
GSE39645,ANO10,0.732636,6.25E-07,4.81E-06,5.856646,Up
GSE39645,C5orf22,0.800741,6.25E-07,4.81E-06,5.856347,Up
GSE39645,XIRP1,-0.77557,6.26E-07,4.81E-06,-5.856043,Down
GSE39645,MTO1,0.962793,6.27E-07,4.82E-06,5.855721,Up
GSE39645,PHF6,0.988058,6.3E-07,4.84E-06,5.854021,Up
GSE39645,VCPIP1,0.549125,6.31E-07,4.85E-06,5.85373,Up
GSE39645,CLVS1,-0.701851,6.33E-07,4.86E-06,-5.852832,Down
GSE39645,CMC4///MTCP1,0.637987,6.34E-07,4.86E-06,5.852416,Up
GSE39645,LGR5,-0.744712,6.34E-07,4.86E-06,-5.852264,Down
GSE39645,HSBP1,0.85623,6.36E-07,4.87E-06,5.851464,Up
GSE39645,GABRG2,-0.709593,6.39E-07,4.9E-06,-5.849786,Down
GSE39645,C2orf69///C2orf47,0.886125,6.4E-07,4.9E-06,5.849397,Up
GSE39645,SLC17A5,0.529114,6.44E-07,4.93E-06,5.847599,Up
GSE39645,CACNG7,-0.8467,6.47E-07,4.95E-06,-5.84634,Down
GSE39645,ZNF627///ZNF627,0.83569,6.47E-07,4.95E-06,5.846216,Up
GSE39645,USP11,0.842481,6.48E-07,4.95E-06,5.845738,Up
GSE39645,MBD2,0.490832,6.5E-07,4.96E-06,5.844967,Up
GSE39645,EPSTI1,1.283066,6.53E-07,4.99E-06,5.843288,Up
GSE39645,ZNF197,0.546637,6.54E-07,5E-06,5.842731,Up
GSE39645,AATF,0.578854,6.54E-07,5E-06,5.842728,Up
GSE39645,FCN2,-0.588803,6.55E-07,5E-06,-5.842585,Down
GSE39645,RAP2A,0.992008,6.61E-07,5.04E-06,5.839734,Up
GSE39645,C8orf34,-0.983595,6.63E-07,5.06E-06,-5.83871,Down
GSE39645,DGKG,-0.958087,6.65E-07,5.07E-06,-5.837831,Down
GSE39645,CYBA,0.872632,6.67E-07,5.08E-06,5.836892,Up
GSE39645,SLAMF1,-0.674114,6.68E-07,5.08E-06,-5.836726,Down
GSE39645,MICAL3,0.938672,6.68E-07,5.08E-06,5.836599,Up
GSE39645,ENTPD3,-0.742626,6.68E-07,5.08E-06,-5.836546,Down
GSE39645,MYBL1,1.333482,6.7E-07,5.1E-06,5.835494,Up
GSE39645,FBXO38,0.822337,6.71E-07,5.1E-06,5.835274,Up
GSE39645,TSPEAR,-0.583002,6.72E-07,5.1E-06,-5.834726,Down
GSE39645,RPH3A,-0.593958,6.72E-07,5.1E-06,-5.834676,Down
GSE39645,ABHD12,0.828569,6.73E-07,5.11E-06,5.834423,Up
GSE39645,ACTR3C,0.669979,6.73E-07,5.11E-06,5.834127,Up
GSE39645,GPBP1L1,0.807993,6.74E-07,5.11E-06,5.833892,Up
GSE39645,DHRS1,0.508336,6.75E-07,5.11E-06,5.833591,Up
GSE39645,KLF8,-0.655986,6.8E-07,5.15E-06,-5.83127,Down
GSE39645,TTC1,1.007152,6.81E-07,5.16E-06,5.830804,Up
GSE39645,TMEM56-RWDD3///RWDD3,0.613752,6.82E-07,5.16E-06,5.830459,Up
GSE39645,HAPLN2,-0.784794,6.82E-07,5.16E-06,-5.830122,Down
GSE39645,GM2A,0.840843,6.85E-07,5.18E-06,5.828899,Up
GSE39645,CYP2A13///CYP2A7P1///CYP2A7///CYP2A6///CYP2A7,-0.524193,6.85E-07,5.18E-06,-5.828861,Down
GSE39645,ZNF235,0.493616,6.85E-07,5.18E-06,5.828787,Up
GSE39645,PARM1,-0.906585,6.86E-07,5.19E-06,-5.828332,Down
GSE39645,EFCAB1,-0.709137,6.87E-07,5.19E-06,-5.828197,Down
GSE39645,DNAJC17,0.545382,6.88E-07,5.19E-06,5.82785,Up
GSE39645,C3,1.641765,6.88E-07,5.19E-06,5.827532,Up
GSE39645,GAS8,0.499208,6.91E-07,5.21E-06,5.826513,Up
GSE39645,MTR,1.026379,6.92E-07,5.22E-06,5.82572,Up
GSE39645,RUFY1,0.735066,6.94E-07,5.23E-06,5.824847,Up
GSE39645,ENOPH1,0.503982,6.97E-07,5.25E-06,5.823572,Up
GSE39645,SLC7A10,-0.516505,6.99E-07,5.26E-06,-5.823051,Down
GSE39645,NPNT,-0.885817,7.03E-07,5.29E-06,-5.82121,Down
GSE39645,ZFYVE26,0.537419,7.04E-07,5.3E-06,5.820652,Up
GSE39645,CCSER2,0.71332,7.04E-07,5.3E-06,5.820619,Up
GSE39645,LRP10,0.747939,7.06E-07,5.3E-06,5.819955,Up
GSE39645,TULP3,1.026452,7.06E-07,5.3E-06,5.819808,Up
GSE39645,EIF2AK3,0.689563,7.07E-07,5.31E-06,5.819566,Up
GSE39645,SMG8,0.749251,7.08E-07,5.31E-06,5.819027,Up
GSE39645,RMND5B,0.543622,7.1E-07,5.33E-06,5.818154,Up
GSE39645,RORC,-0.569966,7.12E-07,5.34E-06,-5.817185,Down
GSE39645,FAM120AOS,0.493303,7.15E-07,5.36E-06,5.815908,Up
GSE39645,GRIK5,0.731389,7.16E-07,5.37E-06,5.815574,Up
GSE39645,XRCC4,0.897296,7.18E-07,5.38E-06,5.814746,Up
GSE39645,ITGA11,-0.923755,7.25E-07,5.43E-06,-5.811939,Down
GSE39645,NTPCR,0.635071,7.28E-07,5.45E-06,5.810464,Up
GSE39645,SORBS2,1.021768,7.3E-07,5.46E-06,5.809958,Up
GSE39645,HEXIM1,0.6814,7.3E-07,5.46E-06,5.809769,Up
GSE39645,ATF6,0.876383,7.31E-07,5.46E-06,5.80941,Up
GSE39645,UNC50,0.662015,7.33E-07,5.47E-06,5.808712,Up
GSE39645,PLEKHG6,-0.576806,7.33E-07,5.47E-06,-5.808574,Down
GSE39645,HAPLN3,-0.559338,7.34E-07,5.48E-06,-5.808164,Down
GSE39645,RCOR2,-0.517581,7.34E-07,5.48E-06,-5.808151,Down
GSE39645,CAMK4,-0.598078,7.35E-07,5.48E-06,-5.807611,Down
GSE39645,WDR7,0.869875,7.38E-07,5.5E-06,5.806418,Up
GSE39645,KIAA1210,-0.527589,7.39E-07,5.5E-06,-5.806277,Down
GSE39645,SLC33A1,0.78679,7.49E-07,5.58E-06,5.802055,Up
GSE39645,PIGS,0.769143,7.51E-07,5.59E-06,5.801407,Up
GSE39645,ALX1,-0.477838,7.51E-07,5.59E-06,-5.801289,Down
GSE39645,ZNF684,0.725099,7.54E-07,5.61E-06,5.800074,Up
GSE39645,CSF1,0.741767,7.55E-07,5.61E-06,5.799636,Up
GSE39645,AP5M1,0.846092,7.57E-07,5.63E-06,5.798881,Up
GSE39645,2,-0.577283,7.58E-07,5.63E-06,-5.798356,Down
GSE39645,RFTN2,1.413461,7.59E-07,5.64E-06,5.798113,Up
GSE39645,TMEM267,0.521929,7.6E-07,5.64E-06,5.797707,Up
GSE39645,PDPN,0.909853,7.6E-07,5.64E-06,5.797569,Up
GSE39645,TRMT1L,1.047752,7.63E-07,5.65E-06,5.796642,Up
GSE39645,LRRTM4,1.401159,7.63E-07,5.65E-06,5.796626,Up
GSE39645,MAN2B2,0.868631,7.63E-07,5.65E-06,5.79662,Up
GSE39645,VPS33A,0.860452,7.64E-07,5.66E-06,5.796161,Up
GSE39645,CASD1,0.981126,7.64E-07,5.66E-06,5.796106,Up
GSE39645,ICAM3,-0.874246,7.65E-07,5.66E-06,-5.795679,Down
GSE39645,PIGH,0.8548,7.65E-07,5.66E-06,5.795606,Up
GSE39645,S100B,1.380171,7.68E-07,5.68E-06,5.794629,Up
GSE39645,PDE9A,0.960916,7.7E-07,5.69E-06,5.79364,Up
GSE39645,AMN1,0.66633,7.7E-07,5.69E-06,5.793577,Up
GSE39645,SNRNP27,0.868163,7.77E-07,5.74E-06,5.791127,Up
GSE39645,VEGFC,-0.96287,7.8E-07,5.76E-06,-5.789787,Down
GSE39645,MAP7D2,-0.665257,7.8E-07,5.76E-06,-5.789702,Down
GSE39645,DOCK2,1.010795,7.82E-07,5.77E-06,5.789215,Up
GSE39645,DOPEY2,0.670029,7.83E-07,5.77E-06,5.788594,Up
GSE39645,LRRC4C,0.737545,7.85E-07,5.78E-06,5.787973,Up
GSE39645,SAA1,-1.633606,7.86E-07,5.79E-06,-5.787388,Down
GSE39645,ACTA2-AS1,-0.708551,7.87E-07,5.79E-06,-5.787215,Down
GSE39645,CIITA,0.881787,7.9E-07,5.82E-06,5.785985,Up
GSE39645,SLC38A9,0.938619,7.94E-07,5.84E-06,5.784626,Up
GSE39645,SOCS6,0.887391,7.96E-07,5.86E-06,5.783581,Up
GSE39645,ZNF763,0.654552,7.97E-07,5.86E-06,5.783327,Up
GSE39645,E2F2,-0.523785,7.98E-07,5.87E-06,-5.782793,Down
GSE39645,SBDS,0.695621,7.99E-07,5.87E-06,5.78244,Up
GSE39645,NHLRC2///NHLRC2,0.906532,8.04E-07,5.9E-06,5.780622,Up
GSE39645,ZNF382,0.988608,8.12E-07,5.96E-06,5.777629,Up
GSE39645,CCDC82,0.866468,8.13E-07,5.96E-06,5.777379,Up
GSE39645,CDO1,-1.489105,8.14E-07,5.97E-06,-5.776888,Down
GSE39645,TXNL4B,1.019561,8.14E-07,5.97E-06,5.776871,Up
GSE39645,GPR50,-0.537003,8.14E-07,5.97E-06,-5.776828,Down
GSE39645,FAM114A2,0.641921,8.16E-07,5.98E-06,5.776204,Up
GSE39645,HOXC8,-0.901975,8.17E-07,5.98E-06,-5.775978,Down
GSE39645,DNAJC16,0.505664,8.17E-07,5.98E-06,5.775823,Up
GSE39645,ADAR,0.766363,8.17E-07,5.98E-06,5.775711,Up
GSE39645,RAB6A,0.624777,8.18E-07,5.98E-06,5.775498,Up
GSE39645,PSMB8,0.774029,8.21E-07,6E-06,5.774543,Up
GSE39645,ANOS1,1.267011,8.23E-07,6.01E-06,5.773495,Up
GSE39645,NRIP2,1.284303,8.23E-07,6.01E-06,5.773455,Up
GSE39645,OLFM2,-0.507265,8.24E-07,6.01E-06,-5.773381,Down
GSE39645,NDST1,0.838441,8.26E-07,6.03E-06,5.772501,Up
GSE39645,PPP2R3C,0.787858,8.26E-07,6.03E-06,5.772392,Up
GSE39645,MVP,0.666137,8.27E-07,6.03E-06,5.772065,Up
GSE39645,CLEC4A,0.850038,8.29E-07,6.04E-06,5.771527,Up
GSE39645,NCAN,-0.927371,8.29E-07,6.04E-06,-5.771486,Down
GSE39645,HSD17B8,0.656453,8.29E-07,6.04E-06,5.771452,Up
GSE39645,INSC,1.27234,8.32E-07,6.05E-06,5.770509,Up
GSE39645,ELAC1,0.529174,8.32E-07,6.05E-06,5.770449,Up
GSE39645,GPR101,-0.630833,8.33E-07,6.06E-06,-5.769836,Down
GSE39645,ZNF470,0.798332,8.35E-07,6.07E-06,5.769128,Up
GSE39645,PPP4R1,0.822762,8.39E-07,6.1E-06,5.767652,Up
GSE39645,AHSP,-0.648505,8.42E-07,6.11E-06,-5.766907,Down
GSE39645,CPNE3,0.84494,8.45E-07,6.14E-06,5.76566,Up
GSE39645,USP5,0.602761,8.47E-07,6.15E-06,5.765035,Up
GSE39645,DUOX1,0.875543,8.51E-07,6.18E-06,5.763363,Up
GSE39645,MSC,-1.110765,8.52E-07,6.18E-06,-5.763055,Down
GSE39645,CNOT6,0.803695,8.53E-07,6.18E-06,5.762869,Up
GSE39645,ERLIN1,1.040767,8.54E-07,6.19E-06,5.762553,Up
GSE39645,CHP2,-0.686109,8.54E-07,6.19E-06,-5.76245,Down
GSE39645,GCSAM,-0.675317,8.57E-07,6.2E-06,-5.761502,Down
GSE39645,ERI2,0.70362,8.57E-07,6.2E-06,5.761339,Up
GSE39645,ENDOU,-0.687993,8.58E-07,6.21E-06,-5.761029,Down
GSE39645,MPPE1,0.658364,8.61E-07,6.22E-06,5.760168,Up
GSE39645,ERRFI1,-1.143954,8.63E-07,6.24E-06,-5.759224,Down
GSE39645,DGKK,-0.638452,8.66E-07,6.25E-06,-5.758383,Down
GSE39645,TTC39A,-0.624239,8.66E-07,6.25E-06,-5.75829,Down
GSE39645,FREM1,-1.178043,8.66E-07,6.25E-06,-5.758214,Down
GSE39645,C11orf24,1.123065,8.67E-07,6.25E-06,5.758051,Up
GSE39645,ABHD16A,0.565613,8.67E-07,6.25E-06,5.757893,Up
GSE39645,PLPP2,-0.649898,8.69E-07,6.27E-06,-5.75725,Down
GSE39645,POGK,0.568371,8.7E-07,6.27E-06,5.756829,Up
GSE39645,RAB3B,-0.95517,8.71E-07,6.28E-06,-5.756455,Down
GSE39645,ADAMTSL4,-0.749207,8.76E-07,6.31E-06,-5.754823,Down
GSE39645,TNNC1,-1.453618,8.83E-07,6.36E-06,-5.752329,Down
GSE39645,WBP4,0.997444,8.88E-07,6.39E-06,5.750817,Up
GSE39645,MFSD8,0.803901,8.9E-07,6.41E-06,5.74986,Up
GSE39645,CD59,0.60081,8.92E-07,6.41E-06,5.749393,Up
GSE39645,TRMT13,0.917353,8.94E-07,6.42E-06,5.748694,Up
GSE39645,EPT1,1.193262,8.97E-07,6.44E-06,5.747709,Up
GSE39645,ANXA13,-0.659551,9.01E-07,6.47E-06,-5.746273,Down
GSE39645,UBA3,1.015849,9.08E-07,6.52E-06,5.744049,Up
GSE39645,2,0.54475,9.08E-07,6.52E-06,5.743967,Up
GSE39645,HFM1,-0.446021,9.11E-07,6.53E-06,-5.74308,Down
GSE39645,ARMC8,0.995149,9.13E-07,6.55E-06,5.742312,Up
GSE39645,NFE2L1,0.981267,9.14E-07,6.55E-06,5.742086,Up
GSE39645,FYTTD1,0.87957,9.15E-07,6.56E-06,5.741533,Up
GSE39645,ACTR1B,0.722915,9.17E-07,6.57E-06,5.740856,Up
GSE39645,RGS3,-0.509043,9.21E-07,6.59E-06,-5.739849,Down
GSE39645,DTD1,0.450798,9.22E-07,6.6E-06,5.739248,Up
GSE39645,CDK6,1.041181,9.24E-07,6.61E-06,5.738781,Up
GSE39645,CAMSAP2,0.850091,9.28E-07,6.64E-06,5.737367,Up
GSE39645,PKP2,1.22288,9.3E-07,6.65E-06,5.736638,Up
GSE39645,EGF,-1.013696,9.32E-07,6.66E-06,-5.735997,Down
GSE39645,GUCA2B,-0.479613,9.34E-07,6.67E-06,-5.735431,Down
GSE39645,DGKI,-0.601008,9.38E-07,6.69E-06,-5.734269,Down
GSE39645,CRLF3,0.683485,9.42E-07,6.72E-06,5.732735,Up
GSE39645,CRYBB3,-0.503935,9.43E-07,6.73E-06,-5.73255,Down
GSE39645,SUPT3H,0.854015,9.49E-07,6.77E-06,5.730576,Up
GSE39645,TIAM2,-0.457051,9.52E-07,6.78E-06,-5.729779,Down
GSE39645,FAM46C,-1.204145,9.53E-07,6.79E-06,-5.729375,Down
GSE39645,PEX19,0.620541,9.56E-07,6.81E-06,5.728397,Up
GSE39645,CAB39,0.806708,9.57E-07,6.81E-06,5.728053,Up
GSE39645,GABRE,1.156034,9.59E-07,6.82E-06,5.727402,Up
GSE39645,OSTN,-0.613874,9.6E-07,6.83E-06,-5.727092,Down
GSE39645,CCL13,-0.923955,9.68E-07,6.88E-06,-5.724631,Down
GSE39645,LRRC37A2///LRRC37A6P///LRRC37A3///LRRC37A4P///LRRC37A///LRRC37A2,0.794237,9.69E-07,6.89E-06,5.724291,Up
GSE39645,CBL,0.679873,9.7E-07,6.89E-06,5.724073,Up
GSE39645,C5orf51,1.145184,9.73E-07,6.91E-06,5.723167,Up
GSE39645,PLA2G16,1.04337,9.74E-07,6.91E-06,5.722719,Up
GSE39645,SLC35A2,0.498188,9.76E-07,6.92E-06,5.722306,Up
GSE39645,NWD1,-0.724101,9.77E-07,6.93E-06,-5.721841,Down
GSE39645,MGC20647,-0.680345,9.79E-07,6.94E-06,-5.721145,Down
GSE39645,FN3KRP,0.748586,9.84E-07,6.97E-06,5.719862,Up
GSE39645,CCDC93,0.664743,9.86E-07,6.98E-06,5.719103,Up
GSE39645,KIAA1191,0.963061,9.9E-07,7.01E-06,5.717772,Up
GSE39645,ARMC10,1.124532,9.92E-07,7.02E-06,5.717373,Up
GSE39645,MSH3,0.70145,9.94E-07,7.03E-06,5.716694,Up
GSE39645,FAM192A,0.738748,9.95E-07,7.03E-06,5.716442,Up
GSE39645,RTKN2,-0.754645,9.96E-07,7.04E-06,-5.716183,Down
GSE39645,FAM184B,-0.507453,9.98E-07,7.05E-06,-5.715565,Down
GSE39645,ANO3,-0.677057,9.98E-07,7.05E-06,-5.715406,Down
GSE39645,RGS4,-1.473865,9.98E-07,7.05E-06,-5.715398,Down
GSE39645,SLC35F3,0.661285,9.99E-07,7.05E-06,5.715222,Up
GSE39645,METTL10,0.940572,1E-06,7.08E-06,5.713957,Up
GSE39645,GLOD4,0.841004,1E-06,7.09E-06,5.713383,Up
GSE39645,ZNF613,0.556765,1.01E-06,7.11E-06,5.712366,Up
GSE39645,DDRGK1,0.582062,1.01E-06,7.11E-06,5.712076,Up
GSE39645,UBE3B,0.660536,1.01E-06,7.14E-06,5.71096,Up
GSE39645,FAM177A1,1.21833,1.02E-06,7.15E-06,5.710071,Up
GSE39645,ASH2L,0.585891,1.02E-06,7.16E-06,5.709474,Up
GSE39645,EPHB1,-0.578717,1.02E-06,7.18E-06,-5.708634,Down
GSE39645,TTYH1,1.002182,1.03E-06,7.24E-06,5.705973,Up
GSE39645,KLK14,-0.577985,1.03E-06,7.25E-06,-5.705357,Down
GSE39645,IL1R1,-1.497156,1.03E-06,7.26E-06,-5.705003,Down
GSE39645,BBS5,1.153778,1.03E-06,7.26E-06,5.70474,Up
GSE39645,SVBP,0.983009,1.04E-06,7.29E-06,5.703574,Up
GSE39645,CCDC89,-0.531579,1.04E-06,7.31E-06,-5.702481,Down
GSE39645,ZNF511-PRAP1///PRAP1,-0.649719,1.04E-06,7.31E-06,-5.702387,Down
GSE39645,SPATA12,-0.677407,1.04E-06,7.31E-06,-5.702064,Down
GSE39645,ZNF660,0.769799,1.04E-06,7.31E-06,5.702052,Up
GSE39645,G6PC3,0.753701,1.05E-06,7.34E-06,5.700879,Up
GSE39645,TRPM7,1.046695,1.05E-06,7.35E-06,5.700298,Up
GSE39645,CDH20,-1.089747,1.05E-06,7.36E-06,-5.699987,Down
GSE39645,KCNA4,-0.477167,1.05E-06,7.36E-06,-5.699749,Down
GSE39645,MRPS18B///MRPS18B,0.705845,1.05E-06,7.36E-06,5.699535,Up
GSE39645,SUPT7L,0.784918,1.06E-06,7.39E-06,5.698371,Up
GSE39645,CA10,-0.639882,1.06E-06,7.4E-06,-5.697715,Down
GSE39645,CD46,0.79311,1.06E-06,7.41E-06,5.697234,Up
GSE39645,BDP1,0.890349,1.06E-06,7.42E-06,5.696504,Up
GSE39645,CCL7,-1.117217,1.07E-06,7.47E-06,-5.694393,Down
GSE39645,PDLIM4,0.814612,1.07E-06,7.47E-06,5.694222,Up
GSE39645,CLCN3,1.102391,1.07E-06,7.49E-06,5.693321,Up
GSE39645,RELL1,-0.596214,1.08E-06,7.53E-06,-5.6915,Down
GSE39645,ISCU,0.605873,1.09E-06,7.57E-06,5.690032,Up
GSE39645,ZNF148,0.698996,1.09E-06,7.57E-06,5.68982,Up
GSE39645,MTIF3,0.818487,1.09E-06,7.58E-06,5.6893,Up
GSE39645,MBOAT2,1.196982,1.09E-06,7.58E-06,5.689296,Up
GSE39645,KAT5,0.58052,1.09E-06,7.6E-06,5.688435,Up
GSE39645,LCE1E,-0.723341,1.09E-06,7.61E-06,-5.687789,Down
GSE39645,SEPT5-GP1BB///SEPT5///GP1BB,-0.400774,1.09E-06,7.61E-06,-5.687637,Down
GSE39645,KLF6,0.765942,1.1E-06,7.61E-06,5.687449,Up
GSE39645,BASP1,-0.710021,1.1E-06,7.61E-06,-5.687383,Down
GSE39645,BRI3,0.419039,1.1E-06,7.62E-06,5.687052,Up
GSE39645,SH3BGRL,0.946496,1.1E-06,7.64E-06,5.686013,Up
GSE39645,DUSP21,-0.636406,1.11E-06,7.67E-06,-5.684578,Down
GSE39645,SOAT1,0.981255,1.11E-06,7.68E-06,5.684141,Up
GSE39645,PRKAG1,0.794206,1.11E-06,7.7E-06,5.6832,Up
GSE39645,INPP5F,1.0016,1.12E-06,7.74E-06,5.681435,Up
GSE39645,ULK2,0.94564,1.12E-06,7.76E-06,5.680765,Up
GSE39645,KIAA1671,-0.652823,1.13E-06,7.79E-06,-5.679203,Down
GSE39645,UNC13A,-0.620789,1.13E-06,7.79E-06,-5.679086,Down
GSE39645,ADRB3,-0.594423,1.13E-06,7.79E-06,-5.678958,Down
GSE39645,OSGIN2,1.12053,1.13E-06,7.79E-06,5.678912,Up
GSE39645,MPV17,0.776466,1.13E-06,7.79E-06,5.678822,Up
GSE39645,FUT1,-0.503085,1.13E-06,7.8E-06,-5.678357,Down
GSE39645,C14orf180,-0.567973,1.13E-06,7.81E-06,-5.677816,Down
GSE39645,TCEAL6///TCEAL2///TCEAL3,0.619159,1.14E-06,7.85E-06,5.676389,Up
GSE39645,ZNF564,0.749482,1.14E-06,7.85E-06,5.676277,Up
GSE39645,ADAMTS8,1.005698,1.15E-06,7.94E-06,5.672688,Up
GSE39645,PPIE,0.777681,1.15E-06,7.94E-06,5.672655,Up
GSE39645,SLC35F2,-0.859878,1.15E-06,7.94E-06,-5.672347,Down
GSE39645,LAMA2,1.439556,1.15E-06,7.95E-06,5.67164,Up
GSE39645,HSF4,-0.433176,1.15E-06,7.95E-06,-5.671629,Down
GSE39645,ORM2,-0.510731,1.15E-06,7.96E-06,-5.671368,Down
GSE39645,TMEM198B///TMEM198B,0.778647,1.16E-06,7.96E-06,5.671045,Up
GSE39645,TWIST1,-0.755509,1.16E-06,7.98E-06,-5.670113,Down
GSE39645,PRKAB1,0.694792,1.16E-06,8.01E-06,5.668971,Up
GSE39645,LOC101060524///DRD5P2///DRD5,-0.500462,1.16E-06,8.01E-06,-5.668863,Down
GSE39645,APCDD1L,-0.443005,1.17E-06,8.01E-06,-5.668625,Down
GSE39645,LRRC37A2///LRRC37A6P///LRRC37A3///LRRC37A4P///LRRC37A///LRRC37A2,0.644106,1.17E-06,8.02E-06,5.668287,Up
GSE39645,FPGT-TNNI3K///FPGT,0.916982,1.17E-06,8.02E-06,5.667961,Up
GSE39645,CLN3,0.448353,1.17E-06,8.04E-06,5.667276,Up
GSE39645,SHISA4,0.487419,1.17E-06,8.04E-06,5.667146,Up
GSE39645,CYP24A1,-0.93073,1.17E-06,8.06E-06,-5.666383,Down
GSE39645,PARL,0.635351,1.18E-06,8.07E-06,5.66586,Up
GSE39645,RNF214,0.790683,1.18E-06,8.08E-06,5.665446,Up
GSE39645,GPR4,-0.95661,1.18E-06,8.09E-06,-5.664846,Down
GSE39645,SCGB1D2,-0.786745,1.18E-06,8.09E-06,-5.664554,Down
GSE39645,C2orf88,0.89343,1.18E-06,8.09E-06,5.664544,Up
GSE39645,ADGRG4,-0.784825,1.19E-06,8.11E-06,-5.663469,Down
GSE39645,MAP1B,1.035839,1.19E-06,8.11E-06,5.663438,Up
GSE39645,PCMT1,1.135114,1.19E-06,8.12E-06,5.66304,Up
GSE39645,KIAA2022,-0.450579,1.19E-06,8.15E-06,-5.661808,Down
GSE39645,KCNJ3,-0.505195,1.19E-06,8.17E-06,-5.661153,Down
GSE39645,JMJD8,0.628974,1.2E-06,8.17E-06,5.660849,Up
GSE39645,KCNK1,1.459651,1.21E-06,8.28E-06,5.656849,Up
GSE39645,CDK8///ADRA1B,0.893461,1.21E-06,8.28E-06,5.656698,Up
GSE39645,UEVLD,0.574972,1.22E-06,8.29E-06,5.655985,Up
GSE39645,KRTAP4-5,-0.730643,1.22E-06,8.3E-06,-5.655695,Down
GSE39645,CLIP2,0.80627,1.22E-06,8.32E-06,5.654796,Up
GSE39645,ESF1,0.917535,1.22E-06,8.34E-06,5.654076,Up
GSE39645,COMMD3-BMI1///COMMD3,0.93029,1.23E-06,8.35E-06,5.653588,Up
GSE39645,GPAT2,-0.551392,1.23E-06,8.36E-06,-5.652996,Down
GSE39645,RAB32,0.743218,1.23E-06,8.36E-06,5.652886,Up
GSE39645,SLAIN1,-1.396134,1.23E-06,8.37E-06,-5.652518,Down
GSE39645,ATP6V1B2,0.814211,1.23E-06,8.37E-06,5.652258,Up
GSE39645,ACTN2,-1.053523,1.24E-06,8.43E-06,-5.650183,Down
GSE39645,C1orf210,-0.555455,1.24E-06,8.43E-06,-5.649948,Down
GSE39645,HK1,0.506457,1.25E-06,8.47E-06,5.6484,Up
GSE39645,PPP1R1C,1.557038,1.25E-06,8.47E-06,5.64832,Up
GSE39645,GNA14,-0.584871,1.25E-06,8.47E-06,-5.647958,Down
GSE39645,KIRREL,0.952552,1.25E-06,8.48E-06,5.647824,Up
GSE39645,YIF1B,-0.59242,1.26E-06,8.53E-06,-5.645722,Down
GSE39645,RAB2B,0.763633,1.26E-06,8.53E-06,5.64549,Up
GSE39645,LCN15,-0.522732,1.26E-06,8.54E-06,-5.64516,Down
GSE39645,VPS35,1.062659,1.26E-06,8.54E-06,5.644969,Up
GSE39645,DIS3L,0.7316,1.26E-06,8.54E-06,5.644774,Up
GSE39645,SULT4A1,-0.563181,1.26E-06,8.55E-06,-5.644397,Down
GSE39645,CEACAM3,-0.680639,1.26E-06,8.55E-06,-5.64419,Down
GSE39645,LARP7///ZGRF1///LARP7,1.174303,1.26E-06,8.56E-06,5.643937,Up
GSE39645,METTL14,0.896995,1.27E-06,8.57E-06,5.643519,Up
GSE39645,SLC7A7,1.251538,1.27E-06,8.59E-06,5.642625,Up
GSE39645,NOC3L,0.942411,1.27E-06,8.59E-06,5.642273,Up
GSE39645,CNPY2,0.707973,1.27E-06,8.59E-06,5.642223,Up
GSE39645,NETO1,-0.995034,1.27E-06,8.59E-06,-5.642154,Down
GSE39645,CHRM5,-1.012237,1.27E-06,8.59E-06,-5.642068,Down
GSE39645,NEDD1,1.045691,1.27E-06,8.59E-06,5.641976,Up
GSE39645,REEP2,0.683895,1.27E-06,8.59E-06,5.641931,Up
GSE39645,AP4B1,0.675236,1.27E-06,8.59E-06,5.641859,Up
GSE39645,ZNF675,0.853708,1.28E-06,8.62E-06,5.640767,Up
GSE39645,CELSR1,-0.474473,1.28E-06,8.62E-06,-5.640668,Down
GSE39645,HTR1D,-1.122549,1.28E-06,8.64E-06,-5.639726,Down
GSE39645,ZNF671,0.759322,1.28E-06,8.64E-06,5.639437,Up
GSE39645,SCN4B,-0.596763,1.28E-06,8.65E-06,-5.639174,Down
GSE39645,NLGN3,1.317047,1.29E-06,8.65E-06,5.639081,Up
GSE39645,ZKSCAN8,1.001397,1.29E-06,8.66E-06,5.638449,Up
GSE39645,MUM1L1,-0.99154,1.29E-06,8.7E-06,-5.637019,Down
GSE39645,IDO1,1.822203,1.29E-06,8.7E-06,5.636828,Up
GSE39645,CGRRF1,0.766249,1.3E-06,8.71E-06,5.636546,Up
GSE39645,MRPS18C,1.299054,1.3E-06,8.76E-06,5.634721,Up
GSE39645,EVI2A,1.378056,1.31E-06,8.76E-06,5.634444,Up
GSE39645,FGF18,-0.621317,1.31E-06,8.77E-06,-5.633947,Down
GSE39645,ADGRL3,1.905912,1.31E-06,8.81E-06,5.632666,Up
GSE39645,STMN2,-1.769287,1.31E-06,8.81E-06,-5.632382,Down
GSE39645,C14orf28,0.615054,1.32E-06,8.81E-06,5.63211,Up
GSE39645,KDM5A,0.749383,1.32E-06,8.81E-06,5.632102,Up
GSE39645,LYVE1,-1.545276,1.32E-06,8.85E-06,-5.630829,Down
GSE39645,TRIP4,0.688542,1.32E-06,8.85E-06,5.630575,Up
GSE39645,ZNF449,0.635378,1.32E-06,8.86E-06,5.630107,Up
GSE39645,PI3,-0.951778,1.32E-06,8.86E-06,-5.630076,Down
GSE39645,BACE2,0.68995,1.32E-06,8.86E-06,5.629942,Up
GSE39645,LSM14A,0.632234,1.33E-06,8.87E-06,5.629593,Up
GSE39645,TRDN,-0.987322,1.33E-06,8.88E-06,-5.629087,Down
GSE39645,MTMR7,-0.753668,1.33E-06,8.88E-06,-5.628654,Down
GSE39645,ZNF33A,0.677706,1.33E-06,8.88E-06,5.628642,Up
GSE39645,ANKRD13A,0.626185,1.33E-06,8.9E-06,5.62805,Up
GSE39645,VIMP,0.675385,1.33E-06,8.9E-06,5.628022,Up
GSE39645,TMEM60,0.966593,1.33E-06,8.9E-06,5.627812,Up
GSE39645,ALKBH8,0.62165,1.34E-06,8.9E-06,5.627466,Up
GSE39645,ETV5,1.064366,1.34E-06,8.93E-06,5.626589,Up
GSE39645,IRX3,-0.50189,1.34E-06,8.93E-06,-5.626544,Down
GSE39645,USH1C,-0.499399,1.34E-06,8.94E-06,-5.625905,Down
GSE39645,TMBIM4///TMBIM4,0.620412,1.35E-06,8.96E-06,5.625092,Up
GSE39645,MFSD14B,0.933822,1.35E-06,8.96E-06,5.624954,Up
GSE39645,FLJ44635,-0.390821,1.35E-06,8.97E-06,-5.624514,Down
GSE39645,ATE1,0.849168,1.35E-06,8.97E-06,5.624496,Up
GSE39645,CPEB3,0.949291,1.36E-06,9.02E-06,5.622551,Up
GSE39645,PCDH18,-1.647768,1.36E-06,9.03E-06,-5.622218,Down
GSE39645,OSTF1,0.694324,1.36E-06,9.03E-06,5.62214,Up
GSE39645,PNMA3,-0.554443,1.36E-06,9.03E-06,-5.621947,Down
GSE39645,PRKAR2B,-1.000196,1.36E-06,9.03E-06,-5.621578,Down
GSE39645,ZFAND5,0.816598,1.36E-06,9.03E-06,5.621468,Up
GSE39645,APH1A,0.606399,1.36E-06,9.03E-06,5.621365,Up
GSE39645,ZNF134,0.85918,1.36E-06,9.03E-06,5.621312,Up
GSE39645,CCDC91,0.940588,1.36E-06,9.03E-06,5.621267,Up
GSE39645,GRAMD3,1.147174,1.36E-06,9.03E-06,5.621142,Up
GSE39645,ANGPT4,-0.590867,1.36E-06,9.03E-06,-5.62108,Down
GSE39645,CXCL8,-1.83918,1.37E-06,9.04E-06,-5.620849,Down
GSE39645,PER3,1.017956,1.37E-06,9.08E-06,5.619214,Up
GSE39645,SVIL,-0.908123,1.37E-06,9.09E-06,-5.618982,Down
GSE39645,CAPSL,-0.387675,1.38E-06,9.12E-06,-5.617717,Down
GSE39645,PRIMPOL,0.841015,1.39E-06,9.16E-06,5.616182,Up
GSE39645,ZNF385B,-0.66423,1.39E-06,9.17E-06,-5.615808,Down
GSE39645,CCL22,-0.558877,1.39E-06,9.2E-06,-5.614757,Down
GSE39645,STIM1,0.628897,1.4E-06,9.23E-06,5.613809,Up
GSE39645,ZDHHC6,0.986414,1.4E-06,9.23E-06,5.61371,Up
GSE39645,RAI14,1.148166,1.4E-06,9.23E-06,5.613461,Up
GSE39645,GGT2///GGT8P///GGTLC1///GGTLC2///GGT3P///GGT1,-0.524958,1.4E-06,9.23E-06,-5.613216,Down
GSE39645,CLVS2,-0.817371,1.4E-06,9.24E-06,-5.612935,Down
GSE39645,TROVE2,1.176288,1.4E-06,9.24E-06,5.612803,Up
GSE39645,ZNF83,0.896308,1.4E-06,9.24E-06,5.612726,Up
GSE39645,STOML3,-0.624173,1.4E-06,9.25E-06,-5.612351,Down
GSE39645,SH3GL2,-0.797762,1.4E-06,9.25E-06,-5.612206,Down
GSE39645,YWHAH,0.69545,1.41E-06,9.29E-06,5.610797,Up
GSE39645,CNTNAP2,-0.733194,1.42E-06,9.33E-06,-5.609399,Down
GSE39645,HLA-C///HLA-B///HLA-B,0.524154,1.42E-06,9.33E-06,5.60895,Up
GSE39645,EFHD1,-0.941513,1.42E-06,9.33E-06,-5.608941,Down
GSE39645,CCDC136,-0.522745,1.42E-06,9.33E-06,-5.608818,Down
GSE39645,SRFBP1,0.804033,1.42E-06,9.33E-06,5.608758,Up
GSE39645,FN3K,0.960313,1.43E-06,9.38E-06,5.607014,Up
GSE39645,C16orf71,-0.491244,1.43E-06,9.4E-06,-5.606473,Down
GSE39645,PARG,0.431101,1.43E-06,9.41E-06,5.605903,Up
GSE39645,CANX,0.723578,1.44E-06,9.44E-06,5.604779,Up
GSE39645,ARV1///ARV1,0.85496,1.44E-06,9.44E-06,5.604645,Up
GSE39645,APOPT1,0.67174,1.44E-06,9.44E-06,5.604461,Up
GSE39645,PAPPA2,-0.794188,1.45E-06,9.47E-06,-5.603502,Down
GSE39645,DNAJC18,0.558355,1.45E-06,9.47E-06,5.603321,Up
GSE39645,ADAM30,-0.545486,1.45E-06,9.49E-06,-5.602678,Down
GSE39645,RIOK3,0.68607,1.45E-06,9.51E-06,5.60202,Up
GSE39645,SLC25A20,0.574036,1.46E-06,9.56E-06,5.600291,Up
GSE39645,ARPC1A,0.5764,1.47E-06,9.6E-06,5.598852,Up
GSE39645,NFE2L2,0.82128,1.47E-06,9.6E-06,5.59869,Up
GSE39645,IL33,-1.35243,1.47E-06,9.62E-06,-5.598019,Down
GSE39645,KCNK2,-1.291527,1.47E-06,9.63E-06,-5.597559,Down
GSE39645,OXR1,1.111432,1.48E-06,9.65E-06,5.59669,Up
GSE39645,SH3PXD2B,0.980313,1.48E-06,9.67E-06,5.595854,Up
GSE39645,POFUT1,0.420804,1.48E-06,9.67E-06,5.595842,Up
GSE39645,CFAP45,-0.536781,1.49E-06,9.68E-06,-5.595427,Down
GSE39645,UBL3,0.879706,1.49E-06,9.69E-06,5.595243,Up
GSE39645,RHOC,0.597293,1.49E-06,9.7E-06,5.594733,Up
GSE39645,CYP7A1,-0.551284,1.49E-06,9.7E-06,-5.594634,Down
GSE39645,MYH15,-0.671158,1.49E-06,9.7E-06,-5.594321,Down
GSE39645,ANAPC16,0.653263,1.49E-06,9.72E-06,5.593703,Up
GSE39645,CLEC10A,-0.754152,1.5E-06,9.73E-06,-5.593361,Down
GSE39645,PTPN18,0.639887,1.5E-06,9.73E-06,5.593356,Up
GSE39645,BCL6B,-0.652599,1.5E-06,9.73E-06,-5.593005,Down
GSE39645,CDC25C,-0.884216,1.5E-06,9.73E-06,-5.592898,Down
GSE39645,DNAJC13,0.964712,1.5E-06,9.74E-06,5.592682,Up
GSE39645,MANBAL,0.538706,1.5E-06,9.74E-06,5.592502,Up
GSE39645,ATP11C,0.775249,1.5E-06,9.74E-06,5.592332,Up
GSE39645,VSTM2B,-0.371143,1.51E-06,9.78E-06,-5.591026,Down
GSE39645,ZNF420,0.774159,1.51E-06,9.82E-06,5.589558,Up
GSE39645,BMP3///BMP3,-1.001143,1.51E-06,9.82E-06,-5.589456,Down
GSE39645,KRT14,-0.937239,1.52E-06,9.83E-06,-5.589227,Down
GSE39645,MOG,-1.325353,1.52E-06,9.84E-06,-5.588774,Down
GSE39645,LTF,-0.709415,1.52E-06,9.86E-06,-5.588019,Down
GSE39645,URM1,0.763594,1.52E-06,9.87E-06,5.587498,Up
GSE39645,RAB8B,0.893236,1.53E-06,9.89E-06,5.586969,Up
GSE39645,DNAJC21,0.862608,1.53E-06,9.9E-06,5.58647,Up
GSE39645,SULT1B1,-0.755981,1.53E-06,9.9E-06,-5.58636,Down
GSE39645,HAUS3,0.741522,1.53E-06,9.9E-06,5.586329,Up
GSE39645,BLID,-0.783164,1.53E-06,9.9E-06,-5.585933,Down
GSE39645,SULT1C4,0.940106,1.54E-06,9.94E-06,5.584623,Up
GSE39645,KLK4,-0.457003,1.54E-06,9.96E-06,-5.583935,Down
GSE39645,HIST1H3C,-0.460449,1.54E-06,9.96E-06,-5.583875,Down
GSE39645,CLEC4C,-0.595107,1.55E-06,9.98E-06,-5.583318,Down
GSE39645,KCTD15,-0.577657,1.56E-06,1.01E-05,-5.580862,Down
GSE39645,SEPSECS,0.745079,1.57E-06,1.01E-05,5.579493,Up
GSE39645,IL6ST,0.808023,1.57E-06,1.01E-05,5.579425,Up
GSE39645,PTH1R,-0.427449,1.57E-06,1.01E-05,-5.579247,Down
GSE39645,BMP4,-0.598535,1.57E-06,1.01E-05,-5.579223,Down
GSE39645,RBM43,0.914546,1.57E-06,1.01E-05,5.57909,Up
GSE39645,TRAPPC8,0.987483,1.58E-06,1.01E-05,5.577316,Up
GSE39645,RAB26,-0.403537,1.58E-06,1.02E-05,-5.575852,Down
GSE39645,VTN,-0.503419,1.59E-06,1.02E-05,-5.574668,Down
GSE39645,PRPSAP1,0.688855,1.59E-06,1.02E-05,5.574089,Up
GSE39645,FADS2,1.503181,1.6E-06,1.03E-05,5.572442,Up
GSE39645,SCAMP5,0.684181,1.61E-06,1.03E-05,5.571866,Up
GSE39645,ADIRF,-1.629659,1.61E-06,1.04E-05,-5.570149,Down
GSE39645,HINT2,0.781455,1.62E-06,1.04E-05,5.570018,Up
GSE39645,C14orf80,-0.502288,1.62E-06,1.04E-05,-5.569758,Down
GSE39645,NF1,0.908596,1.62E-06,1.04E-05,5.569511,Up
GSE39645,GTF3A,0.865058,1.63E-06,1.04E-05,5.568108,Up
GSE39645,ADORA2B,-0.485085,1.63E-06,1.04E-05,-5.567746,Down
GSE39645,ASCC1,1.056143,1.63E-06,1.04E-05,5.567251,Up
GSE39645,COL4A6,-0.713379,1.63E-06,1.04E-05,-5.567143,Down
GSE39645,IYD,-0.658442,1.63E-06,1.04E-05,-5.567059,Down
GSE39645,OSER1,0.806083,1.64E-06,1.05E-05,5.566129,Up
GSE39645,RALGAPB,0.703558,1.64E-06,1.05E-05,5.565997,Up
GSE39645,VPS26A,1.052491,1.64E-06,1.05E-05,5.565825,Up
GSE39645,RBFOX1,-0.742464,1.64E-06,1.05E-05,-5.565547,Down
GSE39645,PRR5L,-0.655419,1.64E-06,1.05E-05,-5.565087,Down
GSE39645,LRRC17,-1.329576,1.64E-06,1.05E-05,-5.565024,Down
GSE39645,IL17D,-0.388592,1.64E-06,1.05E-05,-5.564959,Down
GSE39645,PKHD1L1,-0.521602,1.65E-06,1.05E-05,-5.563237,Down
GSE39645,THUMPD1,0.797789,1.66E-06,1.06E-05,5.562101,Up
GSE39645,STRIP2,-0.515473,1.66E-06,1.06E-05,-5.562033,Down
GSE39645,ASB11,-0.58454,1.67E-06,1.06E-05,-5.560625,Down
GSE39645,LRCH1,0.885296,1.67E-06,1.06E-05,5.559915,Up
GSE39645,DCHS1,-0.697533,1.67E-06,1.07E-05,-5.559684,Down
GSE39645,SLC18A2,-0.517092,1.68E-06,1.07E-05,-5.558887,Down
GSE39645,ZSCAN26,0.681679,1.69E-06,1.07E-05,5.556838,Up
GSE39645,HCRTR1,-0.465293,1.69E-06,1.08E-05,-5.556546,Down
GSE39645,VGLL4,0.679958,1.69E-06,1.08E-05,5.556491,Up
GSE39645,ARHGEF40,0.64379,1.69E-06,1.08E-05,5.556178,Up
GSE39645,MAN2A2,1.044147,1.69E-06,1.08E-05,5.555498,Up
GSE39645,PXN,-0.428034,1.69E-06,1.08E-05,-5.555447,Down
GSE39645,ATP13A5,-0.869578,1.7E-06,1.08E-05,-5.555253,Down
GSE39645,SYNPO2,-1.402554,1.7E-06,1.08E-05,-5.55498,Down
GSE39645,FDX1L,0.354406,1.7E-06,1.08E-05,5.554692,Up
GSE39645,FAM81B,-0.803092,1.7E-06,1.08E-05,-5.554259,Down
GSE39645,PDE6G,-0.678966,1.7E-06,1.08E-05,-5.55411,Down
GSE39645,TREX2,-0.487748,1.71E-06,1.09E-05,-5.552625,Down
GSE39645,FAM53A,-0.398731,1.71E-06,1.09E-05,-5.552248,Down
GSE39645,SPIRE1,0.897908,1.71E-06,1.09E-05,5.552238,Up
GSE39645,ADRA1B,-0.545629,1.72E-06,1.09E-05,-5.551737,Down
GSE39645,IRF8,1.273961,1.72E-06,1.09E-05,5.55163,Up
GSE39645,MRPL33///MRPL33,0.804856,1.72E-06,1.09E-05,5.551396,Up
GSE39645,PRR5-ARHGAP8///PRR5///ARHGAP8,-0.410097,1.72E-06,1.09E-05,-5.551362,Down
GSE39645,LHFPL1,-0.799886,1.72E-06,1.09E-05,-5.550941,Down
GSE39645,LCN10,-0.642454,1.72E-06,1.09E-05,-5.550414,Down
GSE39645,USP14,0.871306,1.72E-06,1.09E-05,5.550296,Up
GSE39645,BAIAP3,-0.42976,1.73E-06,1.09E-05,-5.549693,Down
GSE39645,KDM4A,0.629348,1.73E-06,1.09E-05,5.549516,Up
GSE39645,GTPBP10,0.811017,1.73E-06,1.09E-05,5.548812,Up
GSE39645,LCE3A,-0.464803,1.75E-06,1.1E-05,-5.546203,Down
GSE39645,TAOK3,0.804431,1.75E-06,1.1E-05,5.546013,Up
GSE39645,HOXD8,-0.509421,1.75E-06,1.1E-05,-5.545971,Down
GSE39645,CYP11B1,-0.451203,1.75E-06,1.11E-05,-5.545448,Down
GSE39645,SLC44A5,-0.61436,1.76E-06,1.11E-05,-5.544744,Down
GSE39645,SOX3,-0.390891,1.76E-06,1.11E-05,-5.54435,Down
GSE39645,RCAN1,0.810689,1.76E-06,1.11E-05,5.543855,Up
GSE39645,ICMT,0.4909,1.76E-06,1.11E-05,5.543418,Up
GSE39645,COQ7,0.688215,1.77E-06,1.11E-05,5.542717,Up
GSE39645,TNR,-1.232575,1.78E-06,1.12E-05,-5.54133,Down
GSE39645,DPF2,0.890867,1.78E-06,1.12E-05,5.540323,Up
GSE39645,SCUBE1,-0.703806,1.79E-06,1.12E-05,-5.539778,Down
GSE39645,FAM134A///FAM134A,0.355405,1.79E-06,1.13E-05,5.538646,Up
GSE39645,NSL1,0.948759,1.8E-06,1.13E-05,5.537704,Up
GSE39645,VASH2,-0.578225,1.8E-06,1.13E-05,-5.537615,Down
GSE39645,SLTM,0.832935,1.8E-06,1.13E-05,5.537582,Up
GSE39645,SFMBT1,0.549344,1.8E-06,1.13E-05,5.537128,Up
GSE39645,LNX2,0.81639,1.8E-06,1.13E-05,5.536624,Up
GSE39645,LCE1C,-0.471493,1.81E-06,1.13E-05,-5.53579,Down
GSE39645,RHO,-0.484074,1.81E-06,1.13E-05,-5.535655,Down
GSE39645,CCDC141,-0.57028,1.81E-06,1.13E-05,-5.535567,Down
GSE39645,UBLCP1,1.1017,1.81E-06,1.14E-05,5.535096,Up
GSE39645,AREL1,0.543413,1.82E-06,1.14E-05,5.53463,Up
GSE39645,HOXA10-HOXA9///HOXA9,-0.682113,1.82E-06,1.14E-05,-5.534083,Down
GSE39645,SLC22A6,-0.552283,1.82E-06,1.14E-05,-5.534018,Down
GSE39645,MESDC1,-0.401359,1.82E-06,1.14E-05,-5.533862,Down
GSE39645,FAM13B,0.864033,1.82E-06,1.14E-05,5.533492,Up
GSE39645,USP40,0.656208,1.83E-06,1.14E-05,5.533011,Up
GSE39645,EFTUD1P1///EFL1,1.026811,1.83E-06,1.14E-05,5.533001,Up
GSE39645,PPM1M,0.515164,1.83E-06,1.14E-05,5.532151,Up
GSE39645,JKAMP,0.999215,1.83E-06,1.14E-05,5.532069,Up
GSE39645,RHOT1,0.894121,1.83E-06,1.15E-05,5.531638,Up
GSE39645,RASGEF1A,0.948596,1.84E-06,1.15E-05,5.531296,Up
GSE39645,JAKMIP1,-0.56796,1.84E-06,1.15E-05,-5.530882,Down
GSE39645,UBE2D4,0.346944,1.84E-06,1.15E-05,5.530212,Up
GSE39645,FAM9C,-0.396241,1.84E-06,1.15E-05,-5.529862,Down
GSE39645,EGFL7,-0.567906,1.84E-06,1.15E-05,-5.529785,Down
GSE39645,TNFRSF8,-0.509227,1.85E-06,1.15E-05,-5.529464,Down
GSE39645,TM7SF2,-0.451734,1.85E-06,1.15E-05,-5.529245,Down
GSE39645,MRPS28///TPD52,1.345289,1.86E-06,1.16E-05,5.527568,Up
GSE39645,EAF2,0.636031,1.86E-06,1.16E-05,5.527518,Up
GSE39645,ATP1A2,1.455201,1.86E-06,1.16E-05,5.527189,Up
GSE39645,ZNF175,0.7301,1.86E-06,1.16E-05,5.526996,Up
GSE39645,BAG2,-0.85181,1.86E-06,1.16E-05,-5.526942,Down
GSE39645,FAM43A,-0.471101,1.86E-06,1.16E-05,-5.526882,Down
GSE39645,MITD1,0.86347,1.88E-06,1.17E-05,5.524876,Up
GSE39645,VEGFB,0.836802,1.88E-06,1.17E-05,5.524675,Up
GSE39645,GLIS2,-0.601734,1.88E-06,1.17E-05,-5.524558,Down
GSE39645,PCDH11Y///PCDH11X,-0.465302,1.88E-06,1.17E-05,-5.523736,Down
GSE39645,ACTN1,-0.987863,1.88E-06,1.17E-05,-5.52358,Down
GSE39645,DTWD2,0.792111,1.88E-06,1.17E-05,5.523505,Up
GSE39645,PCYT1A,0.667052,1.89E-06,1.17E-05,5.522853,Up
GSE39645,GPD2,0.917812,1.89E-06,1.17E-05,5.521849,Up
GSE39645,FGD4,0.909971,1.9E-06,1.18E-05,5.520926,Up
GSE39645,PDE5A,1.705313,1.91E-06,1.18E-05,5.519902,Up
GSE39645,STAM,0.854428,1.91E-06,1.18E-05,5.519096,Up
GSE39645,WDR86,0.638984,1.91E-06,1.18E-05,5.5188,Up
GSE39645,ILKAP,0.465172,1.92E-06,1.19E-05,5.518478,Up
GSE39645,NUP205,0.934153,1.92E-06,1.19E-05,5.517049,Up
GSE39645,MAP3K11,0.807734,1.93E-06,1.19E-05,5.51686,Up
GSE39645,AMH,-0.410402,1.93E-06,1.19E-05,-5.516055,Down
GSE39645,WFDC1,-0.666658,1.94E-06,1.2E-05,-5.515353,Down
GSE39645,TBC1D23,0.735192,1.94E-06,1.2E-05,5.515075,Up
GSE39645,CA3,-0.533264,1.94E-06,1.2E-05,-5.515033,Down
GSE39645,PCDH10,0.975692,1.94E-06,1.2E-05,5.514959,Up
GSE39645,LGALS9C///LGALS9B///LGALS9,0.841942,1.94E-06,1.2E-05,5.514681,Up
GSE39645,FAM111A,0.718107,1.96E-06,1.21E-05,5.511959,Up
GSE39645,EXOC6B,0.924554,1.96E-06,1.21E-05,5.511367,Up
GSE39645,SLC2A9,0.634177,1.96E-06,1.21E-05,5.51127,Up
GSE39645,NMUR2,-0.695559,1.99E-06,1.22E-05,-5.507426,Down
GSE39645,KLC1,0.68333,1.99E-06,1.23E-05,5.506957,Up
GSE39645,TMBIM1,0.601131,1.99E-06,1.23E-05,5.506186,Up
GSE39645,ATG4C,1.013433,2E-06,1.23E-05,5.505756,Up
GSE39645,PRPF40B,0.420647,2E-06,1.23E-05,5.505614,Up
GSE39645,TRAPPC1,0.80224,2E-06,1.23E-05,5.504939,Up
GSE39645,PPP4R4,-0.420073,2.01E-06,1.24E-05,-5.504011,Down
GSE39645,HBP1,0.805536,2.01E-06,1.24E-05,5.50387,Up
GSE39645,SCUBE2,-0.732061,2.01E-06,1.24E-05,-5.503855,Down
GSE39645,VMO1,0.840069,2.02E-06,1.24E-05,5.503084,Up
GSE39645,PINLYP,0.58862,2.02E-06,1.24E-05,5.50307,Up
GSE39645,NAA11,-0.781356,2.02E-06,1.24E-05,-5.502244,Down
GSE39645,CIPC,0.867295,2.03E-06,1.25E-05,5.5008,Up
GSE39645,RPUSD3,0.501663,2.04E-06,1.25E-05,5.499792,Up
GSE39645,GNPDA1,0.871419,2.04E-06,1.25E-05,5.499142,Up
GSE39645,XAGE3,-0.796124,2.04E-06,1.25E-05,-5.498685,Down
GSE39645,FAM114A1,0.963883,2.05E-06,1.26E-05,5.497842,Up
GSE39645,TMEM230,1.05602,2.05E-06,1.26E-05,5.497547,Up
GSE39645,TIMP4,-0.993844,2.05E-06,1.26E-05,-5.497494,Down
GSE39645,PIK3CG,0.981464,2.06E-06,1.26E-05,5.49666,Up
GSE39645,E2F8,-0.533704,2.06E-06,1.26E-05,-5.49653,Down
GSE39645,PLEKHA4,1.159084,2.06E-06,1.26E-05,5.49645,Up
GSE39645,AQP1///AQP1,-1.399993,2.06E-06,1.26E-05,-5.496261,Down
GSE39645,SNX4,0.863687,2.07E-06,1.26E-05,5.495538,Up
GSE39645,CERS1///GDF1///CERS1///GDF1,0.598144,2.07E-06,1.26E-05,5.495263,Up
GSE39645,CYP4Z1,-1.199206,2.07E-06,1.26E-05,-5.49511,Down
GSE39645,SDR39U1,0.719928,2.08E-06,1.27E-05,5.493963,Up
GSE39645,ARHGEF12,1.060265,2.08E-06,1.27E-05,5.493543,Up
GSE39645,MTMR14,0.500754,2.09E-06,1.28E-05,5.491946,Up
GSE39645,FAM83D,-0.625567,2.09E-06,1.28E-05,-5.491596,Down
GSE39645,FAM234A,0.691885,2.1E-06,1.28E-05,5.49081,Up
GSE39645,BHLHE41,1.134305,2.1E-06,1.28E-05,5.49077,Up
GSE39645,TCEAL9,1.032528,2.11E-06,1.29E-05,5.489221,Up
GSE39645,SLC4A3,0.650771,2.11E-06,1.29E-05,5.489034,Up
GSE39645,ABCG4,-0.530007,2.11E-06,1.29E-05,-5.488945,Down
GSE39645,LHFPL3,-0.991554,2.12E-06,1.29E-05,-5.487627,Down
GSE39645,COL4A5,-0.488938,2.12E-06,1.29E-05,-5.487289,Down
GSE39645,C2CD3,0.538558,2.13E-06,1.3E-05,5.48642,Up
GSE39645,LY75-CD302///LY75,0.954651,2.13E-06,1.3E-05,5.486173,Up
GSE39645,ZNF570,0.617578,2.13E-06,1.3E-05,5.485888,Up
GSE39645,BBS4,0.731046,2.14E-06,1.3E-05,5.485343,Up
GSE39645,GOLGA5,0.943962,2.14E-06,1.3E-05,5.485098,Up
GSE39645,KANSL2,0.565422,2.14E-06,1.3E-05,5.48507,Up
GSE39645,SEPT10,0.955053,2.14E-06,1.3E-05,5.484988,Up
GSE39645,ZNHIT6,0.808196,2.14E-06,1.3E-05,5.484624,Up
GSE39645,PAX9,-0.922194,2.14E-06,1.3E-05,-5.484542,Down
GSE39645,DDIAS,-0.585922,2.14E-06,1.3E-05,-5.484414,Down
GSE39645,ZFR,0.761849,2.15E-06,1.3E-05,5.484122,Up
GSE39645,MAP1A,0.994793,2.15E-06,1.3E-05,5.484099,Up
GSE39645,CLUL1,-0.676268,2.15E-06,1.3E-05,-5.483517,Down
GSE39645,NIT2,0.923151,2.15E-06,1.3E-05,5.483185,Up
GSE39645,SYK,1.098674,2.16E-06,1.31E-05,5.482661,Up
GSE39645,TMEM104,0.693004,2.16E-06,1.31E-05,5.482192,Up
GSE39645,MESDC2,0.465146,2.16E-06,1.31E-05,5.481484,Up
GSE39645,FAM131B,-0.581812,2.17E-06,1.31E-05,-5.481011,Down
GSE39645,LONRF3,-0.714139,2.17E-06,1.31E-05,-5.480245,Down
GSE39645,TMED5,0.902817,2.18E-06,1.32E-05,5.47912,Up
GSE39645,PMS2,0.878186,2.19E-06,1.32E-05,5.478544,Up
GSE39645,BST2,1.558377,2.2E-06,1.33E-05,5.476995,Up
GSE39645,DCAF11,0.777169,2.21E-06,1.33E-05,5.475501,Up
GSE39645,DMRTC1B///DMRTC1,-0.776426,2.21E-06,1.33E-05,-5.475444,Down
GSE39645,ACTR8,0.627404,2.21E-06,1.33E-05,5.475333,Up
GSE39645,S100A9,-2.087411,2.21E-06,1.33E-05,-5.475198,Down
GSE39645,TNFRSF19,1.108275,2.22E-06,1.34E-05,5.474253,Up
GSE39645,EXOC7,0.720414,2.22E-06,1.34E-05,5.4742,Up
GSE39645,SLC35A4,0.715511,2.22E-06,1.34E-05,5.473611,Up
GSE39645,MMP17,0.696343,2.23E-06,1.34E-05,5.472743,Up
GSE39645,PIK3R1,0.949765,2.23E-06,1.34E-05,5.472384,Up
GSE39645,ENTPD6,0.605696,2.23E-06,1.34E-05,5.472082,Up
GSE39645,ADAM22,-1.09513,2.23E-06,1.34E-05,-5.472044,Down
GSE39645,RAB19,-0.780801,2.24E-06,1.35E-05,-5.471173,Down
GSE39645,TCEAL8,0.653925,2.24E-06,1.35E-05,5.470423,Up
GSE39645,SUCLA2,0.953614,2.25E-06,1.35E-05,5.469581,Up
GSE39645,NMNAT1,0.554548,2.26E-06,1.36E-05,5.467717,Up
GSE39645,SLC26A9,-0.689806,2.27E-06,1.36E-05,-5.466803,Down
GSE39645,ZBTB20,1.411775,2.27E-06,1.36E-05,5.46677,Up
GSE39645,CDK5RAP2,0.552202,2.27E-06,1.37E-05,5.466439,Up
GSE39645,TMEM185A,0.473829,2.28E-06,1.37E-05,5.466051,Up
GSE39645,DMXL1,0.921117,2.28E-06,1.37E-05,5.465963,Up
GSE39645,SPARC,0.47762,2.29E-06,1.37E-05,5.464881,Up
GSE39645,BCKDHA,0.630178,2.29E-06,1.37E-05,5.464643,Up
GSE39645,FFAR1,-0.610798,2.29E-06,1.37E-05,-5.46436,Down
GSE39645,RFPL4B,-0.578511,2.29E-06,1.37E-05,-5.464091,Down
GSE39645,PLPPR2,0.80661,2.3E-06,1.38E-05,5.462463,Up
GSE39645,HARS2,0.523078,2.31E-06,1.38E-05,5.461349,Up
GSE39645,CLDN16,-0.806638,2.32E-06,1.39E-05,-5.460148,Down
GSE39645,POF1B,-0.382876,2.33E-06,1.39E-05,-5.45902,Down
GSE39645,TDO2,-0.552333,2.33E-06,1.39E-05,-5.458824,Down
GSE39645,NRBP2,0.865316,2.33E-06,1.39E-05,5.458651,Up
GSE39645,DRAM2///DRAM2,1.150109,2.34E-06,1.4E-05,5.457471,Up
GSE39645,MADD,0.653141,2.34E-06,1.4E-05,5.45719,Up
GSE39645,PRDM8,-0.419424,2.34E-06,1.4E-05,-5.457169,Down
GSE39645,UQCC1,0.582134,2.35E-06,1.4E-05,5.456843,Up
GSE39645,PTGES,-0.582709,2.35E-06,1.4E-05,-5.456358,Down
GSE39645,NA,-0.737247,2.36E-06,1.41E-05,-5.455498,Down
GSE39645,RBMS3,1.038822,2.36E-06,1.41E-05,5.455248,Up
GSE39645,ZNF34,0.496603,2.36E-06,1.41E-05,5.45489,Up
GSE39645,THBS3,1.239403,2.36E-06,1.41E-05,5.454708,Up
GSE39645,TTC27,0.775767,2.37E-06,1.41E-05,5.454177,Up
GSE39645,SERPINB2,-1.00234,2.37E-06,1.41E-05,-5.453778,Down
GSE39645,ZAK,0.792234,2.38E-06,1.42E-05,5.452616,Up
GSE39645,DENND4C,0.814393,2.38E-06,1.42E-05,5.45249,Up
GSE39645,WASF2,0.717278,2.38E-06,1.42E-05,5.452137,Up
GSE39645,DBX2,-0.692833,2.39E-06,1.42E-05,-5.451157,Down
GSE39645,GLG1,0.756446,2.4E-06,1.43E-05,5.450277,Up
GSE39645,CWF19L2,0.723632,2.4E-06,1.43E-05,5.449543,Up
GSE39645,CAPRIN1,0.635836,2.41E-06,1.43E-05,5.449101,Up
GSE39645,DCTN4,0.903944,2.41E-06,1.43E-05,5.448726,Up
GSE39645,ZDHHC17,0.721006,2.41E-06,1.43E-05,5.448653,Up
GSE39645,KRTAP10-10,-0.60065,2.41E-06,1.43E-05,-5.448482,Down
GSE39645,NMT1,0.823351,2.42E-06,1.43E-05,5.44792,Up
GSE39645,LRRC55,-0.705755,2.42E-06,1.44E-05,-5.447411,Down
GSE39645,ROBO1,-1.069467,2.42E-06,1.44E-05,-5.447158,Down
GSE39645,KCTD20,0.761724,2.42E-06,1.44E-05,5.447064,Up
GSE39645,TM9SF1,0.528266,2.42E-06,1.44E-05,5.446979,Up
GSE39645,UBE2W,0.611473,2.43E-06,1.44E-05,5.446768,Up
GSE39645,ATRNL1,-0.680443,2.43E-06,1.44E-05,-5.446143,Down
GSE39645,RGS13,-0.655295,2.43E-06,1.44E-05,-5.446098,Down
GSE39645,CNGB1,-0.583098,2.44E-06,1.44E-05,-5.445647,Down
GSE39645,ATP6V1A,0.845246,2.44E-06,1.45E-05,5.444563,Up
GSE39645,GRID2,-0.89347,2.45E-06,1.45E-05,-5.443565,Down
GSE39645,JAG2,-0.42079,2.46E-06,1.45E-05,-5.442553,Down
GSE39645,STMN4,-1.148556,2.47E-06,1.46E-05,-5.441866,Down
GSE39645,FAM220A,0.557244,2.47E-06,1.46E-05,5.441863,Up
GSE39645,WDR35,0.96429,2.47E-06,1.46E-05,5.441845,Up
GSE39645,SPINK4,-0.511852,2.47E-06,1.46E-05,-5.441791,Down
GSE39645,TXNDC12,0.671116,2.47E-06,1.46E-05,5.441762,Up
GSE39645,THAP6,0.644652,2.47E-06,1.46E-05,5.441256,Up
GSE39645,TMEM126A,0.847054,2.49E-06,1.47E-05,5.439494,Up
GSE39645,BLM,-0.882706,2.49E-06,1.47E-05,-5.439035,Down
GSE39645,SORL1,1.325193,2.5E-06,1.47E-05,5.438096,Up
GSE39645,INO80D,0.579087,2.5E-06,1.47E-05,5.437881,Up
GSE39645,NAGK,0.652089,2.5E-06,1.47E-05,5.437769,Up
GSE39645,CCM2L,-0.479687,2.51E-06,1.48E-05,-5.436828,Down
GSE39645,SYT2,-0.534838,2.51E-06,1.48E-05,-5.4366,Down
GSE39645,STXBP6,-0.622433,2.51E-06,1.48E-05,-5.436104,Down
GSE39645,TROAP,-0.681679,2.52E-06,1.48E-05,-5.43571,Down
GSE39645,CACNG6,-0.542615,2.52E-06,1.48E-05,-5.435645,Down
GSE39645,GNGT2,0.894858,2.52E-06,1.48E-05,5.43499,Up
GSE39645,GPR89A///GPR89B,0.912144,2.53E-06,1.48E-05,5.434521,Up
GSE39645,TUBA3D///TUBA3E///TUBA3C,-0.395171,2.53E-06,1.49E-05,-5.433813,Down
GSE39645,GRINA,0.659611,2.54E-06,1.49E-05,5.433324,Up
GSE39645,RPRD1A,0.857244,2.54E-06,1.49E-05,5.433177,Up
GSE39645,RAB29,0.882569,2.54E-06,1.49E-05,5.432927,Up
GSE39645,CNNM3,0.623731,2.54E-06,1.49E-05,5.432882,Up
GSE39645,SERF2-C15ORF63///HYPK,0.424615,2.55E-06,1.5E-05,5.431279,Up
GSE39645,OBP2B,-0.507209,2.56E-06,1.5E-05,-5.430225,Down
GSE39645,GIT1,0.774136,2.57E-06,1.5E-05,5.4298,Up
GSE39645,PGRMC1,0.603173,2.57E-06,1.51E-05,5.429347,Up
GSE39645,C17orf80,0.653841,2.57E-06,1.51E-05,5.428942,Up
GSE39645,OLIG2,-0.442699,2.58E-06,1.51E-05,-5.428413,Down
GSE39645,KRTAP10-7,-0.729244,2.61E-06,1.53E-05,-5.42505,Down
GSE39645,STK4,0.532917,2.61E-06,1.53E-05,5.424097,Up
GSE39645,APOE,1.402202,2.62E-06,1.53E-05,5.423658,Up
GSE39645,BLOC1S1-RDH5///BLOC1S1,0.724233,2.62E-06,1.53E-05,5.423343,Up
GSE39645,MTIF2,0.964713,2.64E-06,1.54E-05,5.421496,Up
GSE39645,CEP170,1.661393,2.64E-06,1.54E-05,5.421477,Up
GSE39645,SNAI1,-0.816647,2.64E-06,1.54E-05,-5.421476,Down
GSE39645,ACTR6,0.719516,2.65E-06,1.55E-05,5.419803,Up
GSE39645,ADCY4,-0.765604,2.67E-06,1.56E-05,-5.418128,Down
GSE39645,MUC21,-0.690651,2.67E-06,1.56E-05,-5.417966,Down
GSE39645,KIAA0430,0.739944,2.67E-06,1.56E-05,5.417411,Up
GSE39645,CHMP5,0.966896,2.68E-06,1.56E-05,5.417134,Up
GSE39645,TRIM6-TRIM34///TRIM6///TRIM34,0.512724,2.68E-06,1.57E-05,5.416101,Up
GSE39645,DCTN5,0.822286,2.69E-06,1.57E-05,5.415187,Up
GSE39645,ITGAD,-0.481709,2.7E-06,1.57E-05,-5.414232,Down
GSE39645,CELF4,-0.515823,2.71E-06,1.58E-05,-5.413796,Down
GSE39645,ADRA2B,-0.482013,2.71E-06,1.58E-05,-5.413327,Down
GSE39645,ANK2,1.234363,2.71E-06,1.58E-05,5.413214,Up
GSE39645,ENTPD8,-0.552854,2.71E-06,1.58E-05,-5.412732,Down
GSE39645,LINGO1,-0.396963,2.72E-06,1.58E-05,-5.41246,Down
GSE39645,STX16-NPEPL1///STX16,0.574751,2.72E-06,1.58E-05,5.412456,Up
GSE39645,FBXL20,0.595323,2.72E-06,1.58E-05,5.41212,Up
GSE39645,NR2E1,-0.559378,2.72E-06,1.58E-05,-5.411836,Down
GSE39645,NT5C1A,-0.478095,2.72E-06,1.58E-05,-5.411753,Down
GSE39645,ZNF506,0.790951,2.73E-06,1.58E-05,5.411416,Up
GSE39645,LRRC58,0.760757,2.74E-06,1.59E-05,5.409904,Up
GSE39645,HID1,-0.58226,2.74E-06,1.59E-05,-5.409626,Down
GSE39645,IMPACT,0.802466,2.74E-06,1.59E-05,5.409621,Up
GSE39645,HCN2,-0.354198,2.75E-06,1.59E-05,-5.409325,Down
GSE39645,FAM43B,-0.426428,2.75E-06,1.6E-05,-5.408493,Down
GSE39645,MS4A4A,1.610767,2.76E-06,1.6E-05,5.407449,Up
GSE39645,ANKRD10,0.802334,2.76E-06,1.6E-05,5.407411,Up
GSE39645,MTFMT,0.725974,2.76E-06,1.6E-05,5.407291,Up
GSE39645,LY6G6C,-0.598952,2.77E-06,1.6E-05,-5.406714,Down
GSE39645,HERPUD1,0.72159,2.78E-06,1.61E-05,5.40576,Up
GSE39645,HDHD2,0.883455,2.78E-06,1.61E-05,5.405056,Up
GSE39645,CD2AP,0.786253,2.79E-06,1.61E-05,5.404666,Up
GSE39645,SLC30A6,0.938405,2.79E-06,1.61E-05,5.404463,Up
GSE39645,PIGQ,0.629119,2.79E-06,1.61E-05,5.404354,Up
GSE39645,CNDP2,0.908201,2.79E-06,1.61E-05,5.404164,Up
GSE39645,SACM1L,0.763532,2.8E-06,1.62E-05,5.403078,Up
GSE39645,FRS2,1.139712,2.81E-06,1.62E-05,5.402461,Up
GSE39645,NTSR2,-0.470539,2.81E-06,1.62E-05,-5.402341,Down
GSE39645,MOSPD3,0.340457,2.81E-06,1.62E-05,5.40234,Up
GSE39645,UGT3A2,-0.694425,2.81E-06,1.62E-05,-5.401941,Down
GSE39645,QRFP,-0.447971,2.81E-06,1.62E-05,-5.401827,Down
GSE39645,FLRT2,-1.375775,2.82E-06,1.63E-05,-5.401247,Down
GSE39645,NVL,0.659492,2.82E-06,1.63E-05,5.401054,Up
GSE39645,WDR19,0.951946,2.82E-06,1.63E-05,5.400746,Up
GSE39645,LZIC,0.773688,2.83E-06,1.63E-05,5.400316,Up
GSE39645,TCL1A,-0.536321,2.83E-06,1.63E-05,-5.399768,Down
GSE39645,NUP160,0.651449,2.85E-06,1.64E-05,5.398496,Up
GSE39645,ATG5,0.667146,2.85E-06,1.64E-05,5.398018,Up
GSE39645,3,0.771426,2.85E-06,1.64E-05,5.397925,Up
GSE39645,SUPV3L1,0.611256,2.86E-06,1.64E-05,5.39712,Up
GSE39645,ATP6V1H,0.675634,2.86E-06,1.64E-05,5.396937,Up
GSE39645,GPC6,-1.190638,2.86E-06,1.64E-05,-5.396669,Down
GSE39645,JPH4,-0.38789,2.86E-06,1.65E-05,-5.396468,Down
GSE39645,YIPF4,0.490762,2.87E-06,1.65E-05,5.396333,Up
GSE39645,RNF13,0.611477,2.87E-06,1.65E-05,5.39554,Up
GSE39645,PHYKPL,0.435115,2.88E-06,1.65E-05,5.395088,Up
GSE39645,LOC105369230///HLA-DRB6///HLA-DRB5///HLA-DRB4///HLA-DRB3///HLA-DRB1///LOC105369230///HLA-DRB5///HLA-DRB4///HLA-DRB3///HLA-DRB1///HLA-DQB1,1.372612,2.88E-06,1.65E-05,5.395006,Up
GSE39645,CPSF2,0.943761,2.88E-06,1.65E-05,5.394685,Up
GSE39645,GPR3,-0.574729,2.89E-06,1.66E-05,-5.393245,Down
GSE39645,IFT52,0.700793,2.9E-06,1.66E-05,5.392678,Up
GSE39645,ANAPC4,0.730067,2.9E-06,1.66E-05,5.392516,Up
GSE39645,TNFAIP8L3,-0.609472,2.9E-06,1.66E-05,-5.392314,Down
GSE39645,SLC25A12,0.700091,2.92E-06,1.67E-05,5.39072,Up
GSE39645,KIF25,-0.506291,2.92E-06,1.67E-05,-5.390474,Down
GSE39645,EXOC3,0.55328,2.93E-06,1.67E-05,5.39001,Up
GSE39645,CRIP3///CRIP3,-0.584965,2.93E-06,1.67E-05,-5.389909,Down
GSE39645,CNTRL,0.73061,2.93E-06,1.67E-05,5.389568,Up
GSE39645,ZFP57,-0.661764,2.93E-06,1.67E-05,-5.389539,Down
GSE39645,FAM96A,0.927394,2.93E-06,1.67E-05,5.389457,Up
GSE39645,OLFM1,0.651194,2.93E-06,1.68E-05,5.389216,Up
GSE39645,RAD54L,-0.592243,2.96E-06,1.69E-05,-5.386906,Down
GSE39645,SHANK1,-0.405132,2.96E-06,1.69E-05,-5.386484,Down
GSE39645,GP5,-0.360991,2.96E-06,1.69E-05,-5.386465,Down
GSE39645,MED4,0.981407,2.96E-06,1.69E-05,5.386379,Up
GSE39645,ZNF528,0.643064,2.97E-06,1.69E-05,5.385901,Up
GSE39645,PLA2G4D,-0.537171,2.97E-06,1.69E-05,-5.385782,Down
GSE39645,COMMD1,0.592506,2.97E-06,1.69E-05,5.385772,Up
GSE39645,DNMT3B,-0.398625,2.97E-06,1.69E-05,-5.385608,Down
GSE39645,TMEM179B,0.402265,2.98E-06,1.7E-05,5.384628,Up
GSE39645,PCGF5,0.838923,2.98E-06,1.7E-05,5.384424,Up
GSE39645,KCNG3,-0.430685,2.98E-06,1.7E-05,-5.384126,Down
GSE39645,TMEM241,0.495837,2.99E-06,1.7E-05,5.383798,Up
GSE39645,HLA-F///HLA-B,0.80278,2.99E-06,1.7E-05,5.383652,Up
GSE39645,MRPS6///SLC5A3,0.749825,2.99E-06,1.7E-05,5.383073,Up
GSE39645,SOWAHA,-0.37955,3E-06,1.7E-05,-5.382826,Down
GSE39645,SNX19,0.684073,3E-06,1.7E-05,5.382604,Up
GSE39645,PRAME,-0.585944,3E-06,1.7E-05,-5.38233,Down
GSE39645,ATP1B2,1.366805,3E-06,1.71E-05,5.382061,Up
GSE39645,FRMD7,-0.711241,3.01E-06,1.71E-05,-5.381242,Down
GSE39645,FRMD8,0.749947,3.02E-06,1.71E-05,5.380724,Up
GSE39645,CCDC90B,0.713596,3.02E-06,1.71E-05,5.38058,Up
GSE39645,TIGD3,-0.40709,3.02E-06,1.71E-05,-5.380474,Down
GSE39645,FAM50B,0.415389,3.02E-06,1.71E-05,5.380055,Up
GSE39645,CITED1,-0.528668,3.02E-06,1.71E-05,-5.379935,Down
GSE39645,PARVG,1.311118,3.02E-06,1.71E-05,5.37989,Up
GSE39645,FAM198A,-0.544558,3.03E-06,1.71E-05,-5.379784,Down
GSE39645,SPRY3,-0.512864,3.04E-06,1.72E-05,-5.378844,Down
GSE39645,KAZN,-0.482966,3.04E-06,1.72E-05,-5.378488,Down
GSE39645,DEFA5,-0.567488,3.05E-06,1.72E-05,-5.377707,Down
GSE39645,GNPAT,1.005184,3.05E-06,1.73E-05,5.377064,Up
GSE39645,EFCC1,-0.521615,3.06E-06,1.73E-05,-5.376551,Down
GSE39645,SNAPC3,0.768228,3.07E-06,1.74E-05,5.375339,Up
GSE39645,PHOX2B,-0.449195,3.07E-06,1.74E-05,-5.374971,Down
GSE39645,SETDB1,0.73249,3.08E-06,1.74E-05,5.374878,Up
GSE39645,CRYM,-0.54712,3.08E-06,1.74E-05,-5.374816,Down
GSE39645,COQ5,0.687547,3.08E-06,1.74E-05,5.374657,Up
GSE39645,HRK,-0.470222,3.08E-06,1.74E-05,-5.374653,Down
GSE39645,TNNT1,-0.596093,3.08E-06,1.74E-05,-5.374381,Down
GSE39645,LMX1A,-0.615527,3.09E-06,1.74E-05,-5.373871,Down
GSE39645,MID1IP1,0.869593,3.09E-06,1.74E-05,5.373613,Up
GSE39645,ARAP2,1.362591,3.09E-06,1.74E-05,5.373375,Up
GSE39645,NR1D2,0.901593,3.09E-06,1.74E-05,5.37318,Up
GSE39645,TAF12,0.795544,3.1E-06,1.75E-05,5.372597,Up
GSE39645,REST,0.521963,3.1E-06,1.75E-05,5.372058,Up
GSE39645,TNFAIP8L2-SCNM1///SCNM1,0.489404,3.11E-06,1.75E-05,5.371817,Up
GSE39645,CAPN7,0.799969,3.11E-06,1.75E-05,5.371383,Up
GSE39645,PPM1H,-0.459,3.11E-06,1.75E-05,-5.371352,Down
GSE39645,MYBL2,-0.73506,3.11E-06,1.75E-05,-5.371003,Down
GSE39645,HLCS,0.718374,3.12E-06,1.75E-05,5.37056,Up
GSE39645,CAPN13,-0.567443,3.14E-06,1.76E-05,-5.368966,Down
GSE39645,CROT,0.750718,3.14E-06,1.76E-05,5.368723,Up
GSE39645,HSPB3,-0.745172,3.14E-06,1.76E-05,-5.36858,Down
GSE39645,DSC3,-0.510917,3.14E-06,1.76E-05,-5.368478,Down
GSE39645,ZSCAN30,0.52304,3.15E-06,1.77E-05,5.367381,Up
GSE39645,NUDT10,-0.490898,3.16E-06,1.77E-05,-5.366887,Down
GSE39645,MAP3K12,0.789513,3.16E-06,1.77E-05,5.366856,Up
GSE39645,DNAJC6,0.938653,3.16E-06,1.77E-05,5.36615,Up
GSE39645,HSPE1-MOB4///MOB4,0.808636,3.17E-06,1.78E-05,5.36597,Up
GSE39645,MEGF9,0.91345,3.17E-06,1.78E-05,5.365217,Up
GSE39645,KIF2C,-0.79267,3.18E-06,1.78E-05,-5.365032,Down
GSE39645,GPR107,0.579469,3.18E-06,1.78E-05,5.364891,Up
GSE39645,YTHDF3,0.782737,3.18E-06,1.78E-05,5.36488,Up
GSE39645,PRPF4B,0.756684,3.19E-06,1.78E-05,5.363912,Up
GSE39645,FGF5,-1.019153,3.19E-06,1.79E-05,-5.363675,Down
GSE39645,ARMCX6,0.934955,3.19E-06,1.79E-05,5.36332,Up
GSE39645,CCK,-0.564486,3.2E-06,1.79E-05,-5.363116,Down
GSE39645,SUSD1,0.756214,3.2E-06,1.79E-05,5.363035,Up
GSE39645,VAT1,0.465019,3.2E-06,1.79E-05,5.362392,Up
GSE39645,C12orf60,0.7515,3.22E-06,1.8E-05,5.361384,Up
GSE39645,NXNL2,-0.48141,3.22E-06,1.8E-05,-5.361288,Down
GSE39645,ENTPD4,0.653815,3.22E-06,1.8E-05,5.361245,Up
GSE39645,GBA2,0.527131,3.22E-06,1.8E-05,5.360843,Up
GSE39645,AHCTF1P1///AHCTF1,0.77166,3.23E-06,1.8E-05,5.360135,Up
GSE39645,KRT32,-0.529942,3.23E-06,1.8E-05,-5.359669,Down
GSE39645,ZSCAN9,0.497188,3.25E-06,1.81E-05,5.357787,Up
GSE39645,ZFP69,0.557652,3.26E-06,1.81E-05,5.357594,Up
GSE39645,SLC38A7,0.468533,3.26E-06,1.82E-05,5.35691,Up
GSE39645,GATA2,0.80853,3.27E-06,1.82E-05,5.356056,Up
GSE39645,RAB5A,0.771461,3.28E-06,1.83E-05,5.354906,Up
GSE39645,LAMTOR1,0.732305,3.29E-06,1.83E-05,5.354657,Up
GSE39645,PMVK,0.540126,3.29E-06,1.83E-05,5.35442,Up
GSE39645,DHX29,1.059476,3.29E-06,1.83E-05,5.354349,Up
GSE39645,ZDHHC19,-0.487104,3.3E-06,1.83E-05,-5.353868,Down
GSE39645,ZCCHC5,-0.576733,3.3E-06,1.83E-05,-5.35378,Down
GSE39645,PPIL3,0.822469,3.3E-06,1.83E-05,5.353705,Up
GSE39645,DMBX1,-0.519072,3.31E-06,1.84E-05,-5.3527,Down
GSE39645,UBE2E1,0.660818,3.31E-06,1.84E-05,5.352515,Up
GSE39645,PARN,0.896733,3.32E-06,1.84E-05,5.351837,Up
GSE39645,NECAB2,-0.491921,3.32E-06,1.84E-05,-5.351593,Down
GSE39645,COPS2,0.949817,3.32E-06,1.84E-05,5.3515,Up
GSE39645,MYOF,1.055431,3.32E-06,1.84E-05,5.351177,Up
GSE39645,TBC1D9B,0.807775,3.33E-06,1.85E-05,5.351012,Up
GSE39645,MALSU1,0.617715,3.33E-06,1.85E-05,5.350769,Up
GSE39645,GPR139,-0.59292,3.33E-06,1.85E-05,-5.350764,Down
GSE39645,CACNA1G,-0.411312,3.33E-06,1.85E-05,-5.350378,Down
GSE39645,NME9,-0.619862,3.34E-06,1.85E-05,-5.349482,Down
GSE39645,IPO13,0.740344,3.35E-06,1.85E-05,5.349189,Up
GSE39645,LCN12,-0.51117,3.36E-06,1.86E-05,-5.348326,Down
GSE39645,SAMD11,-0.485567,3.37E-06,1.86E-05,-5.347468,Down
GSE39645,TMC1,-0.666758,3.37E-06,1.87E-05,-5.346719,Down
GSE39645,DAP3,0.870819,3.38E-06,1.87E-05,5.345918,Up
GSE39645,ASIC4,-0.478274,3.39E-06,1.87E-05,-5.345638,Down
GSE39645,ING3,0.679614,3.39E-06,1.87E-05,5.345502,Up
GSE39645,LIPG,-0.730319,3.39E-06,1.87E-05,-5.345163,Down
GSE39645,GH2,-0.600269,3.39E-06,1.87E-05,-5.345141,Down
GSE39645,ANKFY1,0.854417,3.39E-06,1.87E-05,5.344947,Up
GSE39645,ST14,1.599668,3.4E-06,1.88E-05,5.344261,Up
GSE39645,JOSD2,0.393967,3.4E-06,1.88E-05,5.344229,Up
GSE39645,MPI,0.541531,3.4E-06,1.88E-05,5.344206,Up
GSE39645,SCNN1A,-0.486393,3.4E-06,1.88E-05,-5.344172,Down
GSE39645,CAPZA2,1.012296,3.41E-06,1.88E-05,5.343349,Up
GSE39645,SLC22A11,-0.487227,3.41E-06,1.88E-05,-5.343304,Down
GSE39645,OXGR1,-0.386068,3.42E-06,1.88E-05,-5.342952,Down
GSE39645,CREBRF,0.627124,3.42E-06,1.88E-05,5.342549,Up
GSE39645,NRSN1,-0.573389,3.43E-06,1.89E-05,-5.341986,Down
GSE39645,STAB2,-0.704453,3.43E-06,1.89E-05,-5.341875,Down
GSE39645,COG5,0.664299,3.45E-06,1.9E-05,5.339918,Up
GSE39645,DEFA1B///DEFA3///DEFA1,-1.319339,3.46E-06,1.9E-05,-5.339013,Down
GSE39645,ZNF616,0.577705,3.46E-06,1.9E-05,5.338737,Up
GSE39645,CLEC7A,0.938899,3.47E-06,1.91E-05,5.338576,Up
GSE39645,ZNF562,0.688687,3.48E-06,1.91E-05,5.337166,Up
GSE39645,EFS,0.645445,3.49E-06,1.91E-05,5.336766,Up
GSE39645,C11orf63,0.881335,3.49E-06,1.91E-05,5.336749,Up
GSE39645,CCDC13,-0.492061,3.49E-06,1.92E-05,-5.336093,Down
GSE39645,TSPAN12,-0.892853,3.5E-06,1.92E-05,-5.335905,Down
GSE39645,MED7,0.747352,3.5E-06,1.92E-05,5.335343,Up
GSE39645,FOXL1,-0.425247,3.51E-06,1.93E-05,-5.334654,Down
GSE39645,MFSD5,0.886762,3.51E-06,1.93E-05,5.334652,Up
GSE39645,LMO4,0.975298,3.51E-06,1.93E-05,5.334286,Up
GSE39645,PCNX4,1.02143,3.52E-06,1.93E-05,5.333976,Up
GSE39645,SMIM15,1.038709,3.54E-06,1.94E-05,5.33249,Up
GSE39645,CEACAM4,-0.519532,3.55E-06,1.94E-05,-5.331573,Down
GSE39645,NDUFA9,0.621681,3.55E-06,1.94E-05,5.331259,Up
GSE39645,TUBA8,-0.451527,3.56E-06,1.95E-05,-5.330622,Down
GSE39645,UPB1,-0.399416,3.56E-06,1.95E-05,-5.330129,Down
GSE39645,HLA-H///HLA-G///HLA-C///HLA-A///HLA-A,0.421002,3.56E-06,1.95E-05,5.330115,Up
GSE39645,ZNF343,0.565055,3.57E-06,1.95E-05,5.329963,Up
GSE39645,AIP,0.745743,3.57E-06,1.95E-05,5.329884,Up
GSE39645,MYBPC3,-0.446102,3.57E-06,1.95E-05,-5.329485,Down
GSE39645,GTF2H3,0.838577,3.58E-06,1.95E-05,5.329091,Up
GSE39645,ZDHHC5,0.556548,3.58E-06,1.95E-05,5.329021,Up
GSE39645,EMC2,1.104145,3.6E-06,1.96E-05,5.327392,Up
GSE39645,SLC8A1,0.873755,3.6E-06,1.97E-05,5.326934,Up
GSE39645,PRM1,-0.786592,3.6E-06,1.97E-05,-5.326799,Down
GSE39645,ZBTB40,0.474139,3.6E-06,1.97E-05,5.326636,Up
GSE39645,ANKRD50,1.136645,3.61E-06,1.97E-05,5.325952,Up
GSE39645,SLC35F6,0.691681,3.62E-06,1.97E-05,5.325272,Up
GSE39645,MPO,-0.531036,3.63E-06,1.98E-05,-5.324517,Down
GSE39645,KLHL33,-0.579554,3.64E-06,1.98E-05,-5.323924,Down
GSE39645,WDR59,0.458692,3.64E-06,1.98E-05,5.323896,Up
GSE39645,MANEA,0.95113,3.65E-06,1.99E-05,5.323011,Up
GSE39645,SCYL1,0.590809,3.65E-06,1.99E-05,5.322513,Up
GSE39645,3,0.919483,3.66E-06,1.99E-05,5.322293,Up
GSE39645,GBP1P1///GBP3///GBP1,1.205771,3.66E-06,1.99E-05,5.322133,Up
GSE39645,ZNF211,0.61814,3.67E-06,1.99E-05,5.321427,Up
GSE39645,RNF111,0.594132,3.67E-06,2E-05,5.320761,Up
GSE39645,RNF186,-0.660626,3.68E-06,2E-05,-5.320582,Down
GSE39645,KRT73,-0.487772,3.68E-06,2E-05,-5.320384,Down
GSE39645,HAS1,-0.440124,3.68E-06,2E-05,-5.32016,Down
GSE39645,PURA,0.679986,3.68E-06,2E-05,5.320021,Up
GSE39645,WDR83OS,0.550983,3.69E-06,2E-05,5.319824,Up
GSE39645,AQP12B///AQP12A,-0.535484,3.69E-06,2E-05,-5.319413,Down
GSE39645,RAB7A,0.483126,3.7E-06,2.01E-05,5.318888,Up
GSE39645,PCDH11Y///PCDH11X,-0.444683,3.7E-06,2.01E-05,-5.318802,Down
GSE39645,BMP7,1.423099,3.7E-06,2.01E-05,5.318572,Up
GSE39645,SLF2,0.653621,3.71E-06,2.01E-05,5.318134,Up
GSE39645,FAM76B,0.66281,3.71E-06,2.01E-05,5.318093,Up
GSE39645,SEZ6L2,0.966284,3.71E-06,2.01E-05,5.318065,Up
GSE39645,HOXB8,-0.500825,3.72E-06,2.01E-05,-5.317213,Down
GSE39645,RABGAP1,0.737524,3.72E-06,2.02E-05,5.316814,Up
GSE39645,KRTAP10-11,-0.657481,3.72E-06,2.02E-05,-5.316703,Down
GSE39645,ZNF625-ZNF20///ZNF625,0.469095,3.73E-06,2.02E-05,5.316549,Up
GSE39645,CCIN,-0.570141,3.74E-06,2.02E-05,-5.315239,Down
GSE39645,MIA3,0.738529,3.75E-06,2.03E-05,5.314586,Up
GSE39645,PRSS22,-0.503876,3.75E-06,2.03E-05,-5.314351,Down
GSE39645,TMEM59,0.475505,3.76E-06,2.03E-05,5.313561,Up
GSE39645,ANKRD49,0.714959,3.77E-06,2.04E-05,5.312886,Up
GSE39645,PCDH1,0.484088,3.78E-06,2.04E-05,5.312073,Up
GSE39645,IL1RAPL1,0.945807,3.79E-06,2.04E-05,5.311634,Up
GSE39645,FAM45A///FAM45BP,0.649881,3.79E-06,2.04E-05,5.311603,Up
GSE39645,NUP188,0.773389,3.79E-06,2.04E-05,5.311446,Up
GSE39645,CHML,0.778297,3.79E-06,2.05E-05,5.311172,Up
GSE39645,MPP4,-0.887638,3.8E-06,2.05E-05,-5.310797,Down
GSE39645,ST6GALNAC1,-0.492805,3.8E-06,2.05E-05,-5.310585,Down
GSE39645,ACVRL1,-0.631927,3.8E-06,2.05E-05,-5.310569,Down
GSE39645,OASL,1.058258,3.8E-06,2.05E-05,5.310191,Up
GSE39645,CEP290,0.984301,3.81E-06,2.05E-05,5.30946,Up
GSE39645,SGK2,-0.766262,3.81E-06,2.05E-05,-5.309394,Down
GSE39645,FXR2,0.642248,3.83E-06,2.06E-05,5.307864,Up
GSE39645,RCN2,1.066544,3.84E-06,2.07E-05,5.307028,Up
GSE39645,ZNF114,-0.765964,3.86E-06,2.07E-05,-5.305944,Down
GSE39645,FCER1G,1.419838,3.86E-06,2.07E-05,5.305943,Up
GSE39645,OMA1,0.698156,3.86E-06,2.08E-05,5.305467,Up
GSE39645,MARCO,-0.89244,3.88E-06,2.08E-05,-5.304382,Down
GSE39645,MRVI1,-0.865162,3.88E-06,2.08E-05,-5.304343,Down
GSE39645,ZNF75A,0.618791,3.89E-06,2.09E-05,5.303553,Up
GSE39645,TTC17,0.606144,3.91E-06,2.1E-05,5.302268,Up
GSE39645,PPDPF,0.681818,3.91E-06,2.1E-05,5.302109,Up
GSE39645,CDH22,-0.39165,3.91E-06,2.1E-05,-5.301817,Down
GSE39645,KIF7,-0.371064,3.92E-06,2.1E-05,-5.301459,Down
GSE39645,PSMC1,0.43816,3.93E-06,2.11E-05,5.300418,Up
GSE39645,WBP1L,0.562718,3.93E-06,2.11E-05,5.30038,Up
GSE39645,CLCA4,-0.608096,3.93E-06,2.11E-05,-5.300005,Down
GSE39645,KIF26A,-0.415043,3.94E-06,2.11E-05,-5.299763,Down
GSE39645,PFKFB1,-0.701516,3.94E-06,2.11E-05,-5.2996,Down
GSE39645,MCTP1,-0.960181,3.95E-06,2.11E-05,-5.299025,Down
GSE39645,FGD1,-0.443348,3.95E-06,2.11E-05,-5.299013,Down
GSE39645,IL24,-0.627355,3.95E-06,2.11E-05,-5.298618,Down
GSE39645,PGLYRP1,-0.51982,3.97E-06,2.12E-05,-5.297586,Down
GSE39645,NINJ2,-0.484289,3.97E-06,2.12E-05,-5.297396,Down
GSE39645,ST8SIA4,1.014798,3.97E-06,2.12E-05,5.297244,Up
GSE39645,NLRP6,-0.44403,3.97E-06,2.12E-05,-5.296892,Down
GSE39645,KAT8,0.716351,3.98E-06,2.13E-05,5.296176,Up
GSE39645,LINC01600,-0.467769,4E-06,2.13E-05,-5.295168,Down
GSE39645,ALAD,0.70727,4E-06,2.14E-05,5.294698,Up
GSE39645,SCFD1,1.052926,4.02E-06,2.15E-05,5.293506,Up
GSE39645,PPIH,1.048063,4.03E-06,2.15E-05,5.292675,Up
GSE39645,CPE,-1.82381,4.03E-06,2.15E-05,-5.292641,Down
GSE39645,CCDC129,-0.647798,4.03E-06,2.15E-05,-5.292387,Down
GSE39645,HLA-H///HLA-C///HLA-B///HLA-A///HLA-A,0.516762,4.04E-06,2.15E-05,5.292248,Up
GSE39645,CEND1,-0.555195,4.04E-06,2.15E-05,-5.292084,Down
GSE39645,VMA21,0.407747,4.04E-06,2.15E-05,5.291968,Up
GSE39645,PIRT,-1.289586,4.05E-06,2.16E-05,-5.291202,Down
GSE39645,KRTAP4-2,-0.526392,4.05E-06,2.16E-05,-5.290945,Down
GSE39645,ST3GAL3,0.448479,4.06E-06,2.16E-05,5.290695,Up
GSE39645,TMEM205,0.640949,4.07E-06,2.16E-05,5.289926,Up
GSE39645,SYTL1,-0.484717,4.07E-06,2.16E-05,-5.289916,Down
GSE39645,TAPT1,0.73306,4.09E-06,2.17E-05,5.288219,Up
GSE39645,TGDS,0.775314,4.11E-06,2.19E-05,5.286699,Up
GSE39645,TMEM61,-0.506062,4.12E-06,2.19E-05,-5.286041,Down
GSE39645,WDR4,-0.463184,4.12E-06,2.19E-05,-5.285682,Down
GSE39645,HS6ST3,-0.604171,4.13E-06,2.19E-05,-5.285295,Down
GSE39645,LARP4,0.873198,4.13E-06,2.2E-05,5.284919,Up
GSE39645,DBT,0.546583,4.14E-06,2.2E-05,5.284533,Up
GSE39645,ADAM12,-1.320009,4.14E-06,2.2E-05,-5.284409,Down
GSE39645,CBR1,0.910755,4.16E-06,2.21E-05,5.282887,Up
GSE39645,SEMA6B,-0.647119,4.17E-06,2.21E-05,-5.282424,Down
GSE39645,CPB1,-0.706042,4.18E-06,2.21E-05,-5.281751,Down
GSE39645,DHRS2,-0.681226,4.18E-06,2.22E-05,-5.281281,Down
GSE39645,SUFU,0.534116,4.19E-06,2.22E-05,5.281127,Up
GSE39645,POMT1,0.498715,4.19E-06,2.22E-05,5.280991,Up
GSE39645,MSX1,-0.397002,4.2E-06,2.22E-05,-5.280249,Down
GSE39645,KIF24,-0.468453,4.2E-06,2.22E-05,-5.280216,Down
GSE39645,C5orf38,-0.535887,4.22E-06,2.24E-05,-5.27836,Down
GSE39645,NA,-0.427446,4.25E-06,2.25E-05,-5.276797,Down
GSE39645,GLYR1,0.587728,4.25E-06,2.25E-05,5.27679,Up
GSE39645,ACTR10,0.961367,4.25E-06,2.25E-05,5.276583,Up
GSE39645,FAM78A,0.91255,4.26E-06,2.25E-05,5.276126,Up
GSE39645,CAMK2D,1.044513,4.26E-06,2.25E-05,5.275976,Up
GSE39645,EMILIN3,-0.639508,4.26E-06,2.25E-05,-5.275622,Down
GSE39645,KLHL20,0.572029,4.28E-06,2.26E-05,5.2746,Up
GSE39645,PDHB,0.93157,4.28E-06,2.26E-05,5.274402,Up
GSE39645,RS1,-0.605714,4.28E-06,2.26E-05,-5.274244,Down
GSE39645,RNASE4///ANG,0.807808,4.28E-06,2.26E-05,5.274234,Up
GSE39645,SMG5,0.571802,4.28E-06,2.26E-05,5.274219,Up
GSE39645,IGSF5,-0.442162,4.29E-06,2.26E-05,-5.273388,Down
GSE39645,CHRNA6,1.330583,4.3E-06,2.27E-05,5.273013,Up
GSE39645,AOC3,-1.470571,4.32E-06,2.28E-05,-5.271356,Down
GSE39645,DIRAS1,-0.372358,4.33E-06,2.28E-05,-5.271086,Down
GSE39645,HNF4A,-0.431214,4.33E-06,2.28E-05,-5.270781,Down
GSE39645,DSTYK,0.374271,4.35E-06,2.29E-05,5.269672,Up
GSE39645,PLCB2,0.88596,4.36E-06,2.29E-05,5.269054,Up
GSE39645,WDSUB1,0.779741,4.36E-06,2.29E-05,5.26888,Up
GSE39645,SLC4A1AP,0.702353,4.38E-06,2.31E-05,5.267033,Up
GSE39645,TSPAN5,1.166291,4.39E-06,2.31E-05,5.266869,Up
GSE39645,ALOX5AP,1.232337,4.4E-06,2.31E-05,5.266178,Up
GSE39645,PHACTR3,-0.539256,4.4E-06,2.31E-05,-5.265871,Down
GSE39645,GIMAP4,1.305686,4.4E-06,2.31E-05,5.265656,Up
GSE39645,VSTM2L,-0.35801,4.41E-06,2.32E-05,-5.265454,Down
GSE39645,TLR5,1.264431,4.42E-06,2.32E-05,5.264646,Up
GSE39645,MUL1,0.642062,4.43E-06,2.33E-05,5.263826,Up
GSE39645,RNF103-CHMP3///CHMP3,0.452963,4.44E-06,2.33E-05,5.26292,Up
GSE39645,XAGE5,-0.955512,4.44E-06,2.33E-05,-5.262906,Down
GSE39645,SLCO5A1,-0.521158,4.45E-06,2.33E-05,-5.262809,Down
GSE39645,P2RY4,-0.521044,4.45E-06,2.33E-05,-5.262596,Down
GSE39645,GPATCH11,0.510789,4.45E-06,2.34E-05,5.262193,Up
GSE39645,PCK1,-0.878838,4.47E-06,2.34E-05,-5.260894,Down
GSE39645,FNDC9,-0.621036,4.48E-06,2.34E-05,-5.260762,Down
GSE39645,CLDN2,-0.657891,4.48E-06,2.34E-05,-5.260731,Down
GSE39645,BTBD1,0.539676,4.48E-06,2.34E-05,5.260718,Up
GSE39645,KATNA1,0.772194,4.48E-06,2.35E-05,5.260341,Up
GSE39645,ANKFN1,-1.055909,4.49E-06,2.35E-05,-5.260081,Down
GSE39645,SLAIN2,0.680633,4.49E-06,2.35E-05,5.259691,Up
GSE39645,PHF20L1,0.57619,4.49E-06,2.35E-05,5.259671,Up
GSE39645,ALDH6A1,0.857273,4.5E-06,2.35E-05,5.259189,Up
GSE39645,STXBP5L,-1.002274,4.5E-06,2.35E-05,-5.25917,Down
GSE39645,SLC35A5,0.998551,4.51E-06,2.35E-05,5.258669,Up
GSE39645,NRDE2,0.486098,4.51E-06,2.36E-05,5.258465,Up
GSE39645,TRIM68,0.500605,4.51E-06,2.36E-05,5.258284,Up
GSE39645,BIN3,0.977093,4.51E-06,2.36E-05,5.258121,Up
GSE39645,GPR89A///GPR89B,0.877636,4.52E-06,2.36E-05,5.257849,Up
GSE39645,ABCA4,-0.577954,4.53E-06,2.36E-05,-5.257146,Down
GSE39645,SLC30A3,-0.550415,4.53E-06,2.36E-05,-5.257016,Down
GSE39645,DCTN2,0.868146,4.54E-06,2.36E-05,5.256723,Up
GSE39645,NDST3,-0.364951,4.54E-06,2.37E-05,-5.256232,Down
GSE39645,PAFAH1B1,0.856633,4.55E-06,2.37E-05,5.255625,Up
GSE39645,FAM19A4,-0.733185,4.55E-06,2.37E-05,-5.255532,Down
GSE39645,S100A3,-1.083399,4.56E-06,2.38E-05,-5.254982,Down
GSE39645,TOR4A,-0.444323,4.58E-06,2.38E-05,-5.25379,Down
GSE39645,TFCP2,0.768557,4.58E-06,2.38E-05,5.253583,Up
GSE39645,RMDN3,0.360928,4.59E-06,2.39E-05,5.252978,Up
GSE39645,SPPL2A,0.594786,4.6E-06,2.39E-05,5.252484,Up
GSE39645,C6orf89,0.62117,4.61E-06,2.39E-05,5.252032,Up
GSE39645,CEP162,0.655277,4.62E-06,2.4E-05,5.251342,Up
GSE39645,GSTM4,0.743857,4.62E-06,2.4E-05,5.251238,Up
GSE39645,FCGR2A,1.548975,4.62E-06,2.4E-05,5.251196,Up
GSE39645,SFTPB,-0.514526,4.62E-06,2.4E-05,-5.251147,Down
GSE39645,AGRN,0.641392,4.63E-06,2.41E-05,5.250166,Up
GSE39645,LGR6,-0.466359,4.64E-06,2.41E-05,-5.249952,Down
GSE39645,PAX6,-0.760241,4.64E-06,2.41E-05,-5.249819,Down
GSE39645,DDX41,0.654393,4.65E-06,2.41E-05,5.249193,Up
GSE39645,PLCXD1,-0.416174,4.65E-06,2.41E-05,-5.249125,Down
GSE39645,PALM3,-0.629013,4.66E-06,2.42E-05,-5.24837,Down
GSE39645,ZNF181,0.744253,4.66E-06,2.42E-05,5.248363,Up
GSE39645,LGI3,-0.67192,4.66E-06,2.42E-05,-5.248275,Down
GSE39645,RNF5P1///RNF5,0.552265,4.67E-06,2.42E-05,5.248026,Up
GSE39645,LHX8,-0.488451,4.67E-06,2.42E-05,-5.247763,Down
GSE39645,CENPM,-0.65185,4.68E-06,2.42E-05,-5.247111,Down
GSE39645,CCL11///CCL11,-0.658969,4.71E-06,2.44E-05,-5.245346,Down
GSE39645,MARCH2,0.602421,4.72E-06,2.44E-05,5.244783,Up
GSE39645,MAGEA10-MAGEA5///MAGEA5,-0.643741,4.72E-06,2.44E-05,-5.244627,Down
GSE39645,LPXN,0.747233,4.73E-06,2.44E-05,5.244104,Up
GSE39645,BTNL9,-0.465688,4.73E-06,2.45E-05,-5.243893,Down
GSE39645,GPR108,0.712064,4.75E-06,2.45E-05,5.242671,Up
GSE39645,CRACR2B,-0.505508,4.76E-06,2.46E-05,-5.241831,Down
GSE39645,PLD5,-0.495429,4.77E-06,2.46E-05,-5.241569,Down
GSE39645,BLOC1S6,0.693322,4.78E-06,2.47E-05,5.240703,Up
GSE39645,CIB1,0.762666,4.79E-06,2.47E-05,5.240074,Up
GSE39645,ANXA5,0.718966,4.82E-06,2.49E-05,5.238435,Up
GSE39645,DSP,-1.204673,4.83E-06,2.49E-05,-5.237821,Down
GSE39645,PAPD4,0.742737,4.83E-06,2.49E-05,5.237331,Up
GSE39645,ATP2C2,-0.478399,4.84E-06,2.5E-05,-5.236826,Down
GSE39645,KANSL1L,0.762983,4.84E-06,2.5E-05,5.236729,Up
GSE39645,C17orf102,-0.546325,4.84E-06,2.5E-05,-5.236717,Down
GSE39645,MAP3K2,0.917177,4.85E-06,2.5E-05,5.236125,Up
GSE39645,CAPN12,-0.42853,4.86E-06,2.5E-05,-5.235569,Down
GSE39645,CHPT1,0.674035,4.87E-06,2.51E-05,5.23501,Up
GSE39645,N4BP2L1,0.72947,4.88E-06,2.51E-05,5.234302,Up
GSE39645,ID2,1.262084,4.88E-06,2.51E-05,5.234147,Up
GSE39645,ZNF558,0.635076,4.88E-06,2.51E-05,5.234084,Up
GSE39645,SPRR1B,-0.544245,4.89E-06,2.51E-05,-5.233931,Down
GSE39645,SLC4A1,-0.676011,4.9E-06,2.52E-05,-5.233352,Down
GSE39645,ZNF317,0.440923,4.9E-06,2.52E-05,5.233271,Up
GSE39645,GMPPB,-0.386718,4.9E-06,2.52E-05,-5.233225,Down
GSE39645,F2RL1,-0.534582,4.92E-06,2.52E-05,-5.232205,Down
GSE39645,TMEM184C,0.788147,4.92E-06,2.52E-05,5.232069,Up
GSE39645,IL18R1///IL18R1,-0.833186,4.92E-06,2.53E-05,-5.231886,Down
GSE39645,NUTM2B///NUTM2D///NUTM2A///NUTM2G///NUTM2F,-0.46207,4.94E-06,2.53E-05,-5.230948,Down
GSE39645,BBS1,0.674328,4.94E-06,2.53E-05,5.230633,Up
GSE39645,ZZZ3,0.667214,4.97E-06,2.55E-05,5.228732,Up
GSE39645,CAPG,1.318404,4.98E-06,2.55E-05,5.228146,Up
GSE39645,RNASEH2B,0.768936,4.99E-06,2.56E-05,5.227735,Up
GSE39645,CSNK1A1L,-0.387493,4.99E-06,2.56E-05,-5.227497,Down
GSE39645,STRA6,-0.592472,5E-06,2.56E-05,-5.227168,Down
GSE39645,ELP3,0.701245,5E-06,2.56E-05,5.22677,Up
GSE39645,ELFN2,-0.419813,5.01E-06,2.56E-05,-5.226368,Down
GSE39645,CPVL,1.350047,5.01E-06,2.56E-05,5.226361,Up
GSE39645,RIMS1,-0.539447,5.02E-06,2.57E-05,-5.225476,Down
GSE39645,PDCD1,-0.482398,5.03E-06,2.57E-05,-5.225254,Down
GSE39645,ZNF559-ZNF177///ZNF559,0.615488,5.03E-06,2.57E-05,5.225103,Up
GSE39645,UCMA,-0.518681,5.04E-06,2.57E-05,-5.22479,Down
GSE39645,FAM83F,0.629101,5.04E-06,2.58E-05,5.224402,Up
GSE39645,CDC25A,-0.640246,5.05E-06,2.58E-05,-5.224187,Down
GSE39645,DLGAP1,-0.495293,5.05E-06,2.58E-05,-5.224051,Down
GSE39645,IGFL1,-0.590815,5.05E-06,2.58E-05,-5.223874,Down
GSE39645,ERBIN,1.273617,5.07E-06,2.59E-05,5.222936,Up
GSE39645,UBXN10,-0.705612,5.09E-06,2.6E-05,-5.221602,Down
GSE39645,CNOT2,0.735941,5.1E-06,2.6E-05,5.221129,Up
GSE39645,ASPDH,-0.459961,5.11E-06,2.61E-05,-5.220072,Down
GSE39645,KRT15,-0.479603,5.13E-06,2.62E-05,-5.21921,Down
GSE39645,ELF1,0.83557,5.14E-06,2.62E-05,5.218286,Up
GSE39645,TMEM120A,0.491501,5.15E-06,2.62E-05,5.218106,Up
GSE39645,FAM189A2,-1.076627,5.16E-06,2.63E-05,-5.217577,Down
GSE39645,FAH,0.833018,5.19E-06,2.64E-05,5.215706,Up
GSE39645,MAPRE3,0.940155,5.19E-06,2.64E-05,5.215674,Up
GSE39645,TLR6,0.853548,5.19E-06,2.64E-05,5.215595,Up
GSE39645,C7orf34,-0.730407,5.2E-06,2.64E-05,-5.215163,Down
GSE39645,SENP6,0.837641,5.2E-06,2.65E-05,5.214828,Up
GSE39645,TADA3,0.482171,5.2E-06,2.65E-05,5.214763,Up
GSE39645,PNOC,-0.597974,5.21E-06,2.65E-05,-5.214731,Down
GSE39645,SPOCK3,-1.037394,5.23E-06,2.66E-05,-5.213023,Down
GSE39645,C1orf194,-0.555884,5.24E-06,2.66E-05,-5.212887,Down
GSE39645,DAAM1,1.128876,5.24E-06,2.66E-05,5.212783,Up
GSE39645,TMEM106C,0.82033,5.24E-06,2.66E-05,5.212715,Up
GSE39645,C3orf67,-0.461764,5.24E-06,2.66E-05,-5.212623,Down
GSE39645,ADD3,0.762938,5.24E-06,2.66E-05,5.212458,Up
GSE39645,CRB1,-0.792993,5.24E-06,2.66E-05,-5.212426,Down
GSE39645,AJAP1,-0.458044,5.25E-06,2.66E-05,-5.212248,Down
GSE39645,PGAP3,0.641341,5.25E-06,2.66E-05,5.2121,Up
GSE39645,ESPNL,-0.482614,5.26E-06,2.67E-05,-5.2116,Down
GSE39645,XRCC2,-0.601677,5.27E-06,2.67E-05,-5.210986,Down
GSE39645,CALU,1.164032,5.27E-06,2.67E-05,5.210706,Up
GSE39645,SCOC,0.682438,5.28E-06,2.68E-05,5.210082,Up
GSE39645,ZNF189,0.604343,5.3E-06,2.69E-05,5.208938,Up
GSE39645,BLZF1,0.624048,5.32E-06,2.69E-05,5.208235,Up
GSE39645,ZSCAN29,0.575928,5.33E-06,2.7E-05,5.207547,Up
GSE39645,RNF113B,-0.614062,5.34E-06,2.7E-05,-5.206916,Down
GSE39645,NXPH2,-0.793339,5.34E-06,2.7E-05,-5.206898,Down
GSE39645,BID,-0.392171,5.35E-06,2.7E-05,-5.20643,Down
GSE39645,BEST1,0.724774,5.36E-06,2.71E-05,5.205784,Up
GSE39645,CYHR1,0.860947,5.37E-06,2.71E-05,5.205271,Up
GSE39645,SIRPG,-0.786932,5.37E-06,2.71E-05,-5.205222,Down
GSE39645,WDR61,0.887273,5.38E-06,2.72E-05,5.204514,Up
GSE39645,EMC7,0.632205,5.42E-06,2.74E-05,5.202256,Up
GSE39645,ERCC4,0.681255,5.43E-06,2.74E-05,5.201941,Up
GSE39645,FCGR2C///FCGR2B,1.043114,5.44E-06,2.74E-05,5.201327,Up
GSE39645,WNK4,-0.337285,5.44E-06,2.74E-05,-5.201312,Down
GSE39645,FAM174A,0.552862,5.44E-06,2.74E-05,5.201169,Up
GSE39645,PIF1,-0.500182,5.44E-06,2.75E-05,-5.20099,Down
GSE39645,CHRNB4,-0.371752,5.45E-06,2.75E-05,-5.200859,Down
GSE39645,FXYD4,-0.671442,5.45E-06,2.75E-05,-5.200541,Down
GSE39645,WIPI2,0.589605,5.48E-06,2.76E-05,5.199208,Up
GSE39645,NEK3,0.809831,5.48E-06,2.76E-05,5.199049,Up
GSE39645,NRP2,0.88041,5.48E-06,2.76E-05,5.198819,Up
GSE39645,TMEM218,0.614106,5.49E-06,2.76E-05,5.198325,Up
GSE39645,SLC12A1,-0.68877,5.5E-06,2.77E-05,-5.198098,Down
GSE39645,MOB1A,0.861085,5.5E-06,2.77E-05,5.197871,Up
GSE39645,SLC7A2,-1.469173,5.53E-06,2.78E-05,-5.196375,Down
GSE39645,RMND5A,0.900793,5.53E-06,2.78E-05,5.196025,Up
GSE39645,EMID1,-0.455455,5.54E-06,2.78E-05,-5.19595,Down
GSE39645,CHRM2,-0.526244,5.54E-06,2.78E-05,-5.195869,Down
GSE39645,ING4,0.493189,5.54E-06,2.78E-05,5.195569,Up
GSE39645,FHOD3,0.967187,5.55E-06,2.79E-05,5.195186,Up
GSE39645,ZNF557,0.712567,5.57E-06,2.8E-05,5.193975,Up
GSE39645,UBE4A,0.750308,5.57E-06,2.8E-05,5.193972,Up
GSE39645,CRYZ,1.154393,5.58E-06,2.8E-05,5.19329,Up
GSE39645,ZP4,-0.609473,5.59E-06,2.81E-05,-5.192739,Down
GSE39645,UBQLN4,0.399506,5.6E-06,2.81E-05,5.192632,Up
GSE39645,BLK,-0.398195,5.6E-06,2.81E-05,-5.192209,Down
GSE39645,NR0B1,-0.442989,5.64E-06,2.83E-05,-5.190387,Down
GSE39645,IKZF1,1.074922,5.64E-06,2.83E-05,5.190126,Up
GSE39645,TMEM199///TMEM199,0.657022,5.65E-06,2.83E-05,5.189901,Up
GSE39645,MRPL24,0.763269,5.65E-06,2.83E-05,5.189855,Up
GSE39645,FAF1,0.763853,5.65E-06,2.83E-05,5.189646,Up
GSE39645,LY75-CD302///CD302,1.167169,5.65E-06,2.83E-05,5.189642,Up
GSE39645,TMEM219,0.3791,5.65E-06,2.83E-05,5.189433,Up
GSE39645,ZNF583,0.696558,5.67E-06,2.84E-05,5.188707,Up
GSE39645,ZNF780B,0.682094,5.67E-06,2.84E-05,5.188409,Up
GSE39645,TOR1AIP1,0.761521,5.69E-06,2.84E-05,5.187635,Up
GSE39645,NUDT9,0.488675,5.69E-06,2.84E-05,5.18742,Up
GSE39645,LY6G6F,-0.595639,5.7E-06,2.85E-05,-5.186999,Down
GSE39645,RAMP3,-0.663157,5.71E-06,2.85E-05,-5.186692,Down
GSE39645,TM9SF4,0.639551,5.72E-06,2.86E-05,5.185974,Up
GSE39645,ELAC2///HMGA2///HMGA2,-0.599505,5.73E-06,2.86E-05,-5.185425,Down
GSE39645,SPOPL,0.771879,5.73E-06,2.86E-05,5.185367,Up
GSE39645,STARD3,0.675202,5.74E-06,2.86E-05,5.184939,Up
GSE39645,CCL24,-0.572816,5.74E-06,2.86E-05,-5.184902,Down
GSE39645,RSF1,0.777151,5.75E-06,2.86E-05,5.184595,Up
GSE39645,MAN2C1,0.492275,5.76E-06,2.87E-05,5.184048,Up
GSE39645,CGGBP1,0.699415,5.76E-06,2.87E-05,5.183867,Up
GSE39645,ANGEL2,0.813636,5.78E-06,2.88E-05,5.182541,Up
GSE39645,GOLGA7,0.528678,5.8E-06,2.89E-05,5.181725,Up
GSE39645,UTP20,0.701401,5.8E-06,2.89E-05,5.181613,Up
GSE39645,GTF2I,0.854059,5.8E-06,2.89E-05,5.181444,Up
GSE39645,ITGA8,-0.993657,5.81E-06,2.89E-05,-5.181157,Down
GSE39645,IFNGR2,0.659286,5.81E-06,2.89E-05,5.181054,Up
GSE39645,ST3GAL5,0.750225,5.84E-06,2.9E-05,5.179736,Up
GSE39645,STX1A,-0.436055,5.84E-06,2.9E-05,-5.179712,Down
GSE39645,SATB1,1.154152,5.84E-06,2.9E-05,5.179529,Up
GSE39645,LOXHD1,-0.534677,5.85E-06,2.91E-05,-5.179096,Down
GSE39645,TTC24,-0.613101,5.85E-06,2.91E-05,-5.179011,Down
GSE39645,PIAS1,0.777961,5.85E-06,2.91E-05,5.178854,Up
GSE39645,HSPB1,0.750829,5.86E-06,2.91E-05,5.178684,Up
GSE39645,MOV10L1,-0.429876,5.86E-06,2.91E-05,-5.178622,Down
GSE39645,RNF182,-0.808383,5.86E-06,2.91E-05,-5.178516,Down
GSE39645,TRIL,-0.538742,5.88E-06,2.92E-05,-5.177643,Down
GSE39645,SLC4A4,-1.240894,5.88E-06,2.92E-05,-5.177384,Down
GSE39645,OSBPL6,-0.615723,5.89E-06,2.92E-05,-5.17689,Down
GSE39645,EVL,0.674437,5.9E-06,2.92E-05,5.176706,Up
GSE39645,FLT4,-0.489805,5.92E-06,2.93E-05,-5.17544,Down
GSE39645,FBF1,-0.306517,5.92E-06,2.93E-05,-5.175246,Down
GSE39645,DNAI1,-0.481624,5.94E-06,2.94E-05,-5.174319,Down
GSE39645,ZNF623,0.553366,5.94E-06,2.94E-05,5.174299,Up
GSE39645,STAR,-0.539988,5.97E-06,2.96E-05,-5.172785,Down
GSE39645,ZC3H7A,0.792927,5.98E-06,2.96E-05,5.172169,Up
GSE39645,LIMCH1,1.047253,6.04E-06,2.99E-05,5.169553,Up
GSE39645,NTRK3,-1.037991,6.04E-06,2.99E-05,-5.16927,Down
GSE39645,FGF16,-0.75554,6.07E-06,3E-05,-5.167876,Down
GSE39645,LRCH2,1.313748,6.1E-06,3.01E-05,5.166466,Up
GSE39645,ADAMTS17,-0.449944,6.1E-06,3.02E-05,-5.166106,Down
GSE39645,CRTC3,0.762587,6.13E-06,3.03E-05,5.16475,Up
GSE39645,SPRYD3,0.463329,6.13E-06,3.03E-05,5.164715,Up
GSE39645,ELMOD1,-0.881202,6.14E-06,3.03E-05,-5.164446,Down
GSE39645,WDR93,-0.607562,6.14E-06,3.03E-05,-5.164368,Down
GSE39645,MCM10,-0.794571,6.15E-06,3.03E-05,-5.163835,Down
GSE39645,SPAG5,-0.865564,6.16E-06,3.04E-05,-5.163101,Down
GSE39645,GGCT,0.753559,6.17E-06,3.04E-05,5.162968,Up
GSE39645,ADGB,-0.455359,6.17E-06,3.04E-05,-5.162837,Down
GSE39645,ZDHHC23,-0.41045,6.17E-06,3.04E-05,-5.162779,Down
GSE39645,CHRNG,-0.424414,6.19E-06,3.05E-05,-5.161929,Down
GSE39645,GRHL3,-0.721558,6.19E-06,3.05E-05,-5.161863,Down
GSE39645,AKAP9,0.673634,6.19E-06,3.05E-05,5.161734,Up
GSE39645,PAGE5,-0.488604,6.19E-06,3.05E-05,-5.161602,Down
GSE39645,NCOA3,0.627577,6.2E-06,3.05E-05,5.161568,Up
GSE39645,SNX12,0.768769,6.2E-06,3.05E-05,5.161119,Up
GSE39645,DNAJC7,0.808158,6.21E-06,3.06E-05,5.16062,Up
GSE39645,NA,-0.574974,6.22E-06,3.06E-05,-5.160224,Down
GSE39645,MYSM1,0.573052,6.23E-06,3.06E-05,5.15995,Up
GSE39645,LMAN2L,0.507794,6.23E-06,3.06E-05,5.159804,Up
GSE39645,TRPC3,-0.381934,6.24E-06,3.07E-05,-5.159193,Down
GSE39645,STK32A,0.895792,6.25E-06,3.07E-05,5.159121,Up
GSE39645,ARSH,-0.564567,6.25E-06,3.07E-05,-5.158675,Down
GSE39645,TCTA,0.634633,6.25E-06,3.07E-05,5.158663,Up
GSE39645,LRBA,0.912175,6.26E-06,3.07E-05,5.158174,Up
GSE39645,FAM90A2P///FAM90A10P///FAM90A7P///FAM90A25P///FAM90A1,-0.516733,6.28E-06,3.08E-05,-5.157615,Down
GSE39645,OTOL1,-0.73914,6.28E-06,3.08E-05,-5.157481,Down
GSE39645,SRGAP1,0.755576,6.29E-06,3.08E-05,5.157021,Up
GSE39645,SAP30BP,0.620078,6.3E-06,3.09E-05,5.156669,Up
GSE39645,ABRA,-0.473484,6.31E-06,3.09E-05,-5.156166,Down
GSE39645,KRT76,-0.594778,6.31E-06,3.09E-05,-5.155843,Down
GSE39645,SAMD14,-0.438765,6.31E-06,3.09E-05,-5.155725,Down
GSE39645,ADGRV1,-0.500016,6.33E-06,3.1E-05,-5.155102,Down
GSE39645,PCMTD2,0.771566,6.34E-06,3.1E-05,5.154434,Up
GSE39645,ARHGEF16,-0.416006,6.36E-06,3.11E-05,-5.15345,Down
GSE39645,RTN4R,-0.418113,6.4E-06,3.13E-05,-5.151601,Down
GSE39645,PAX4,-0.548668,6.4E-06,3.13E-05,-5.1514,Down
GSE39645,TP53TG5,-0.452586,6.41E-06,3.13E-05,-5.151128,Down
GSE39645,ARHGDIB,1.006303,6.41E-06,3.13E-05,5.151029,Up
GSE39645,CEP85L,0.625982,6.41E-06,3.13E-05,5.151018,Up
GSE39645,KIAA1143,0.689091,6.42E-06,3.14E-05,5.150526,Up
GSE39645,KLHL14,-0.508961,6.42E-06,3.14E-05,-5.150493,Down
GSE39645,DOPEY1,0.526238,6.43E-06,3.14E-05,5.15019,Up
GSE39645,PDK2,0.891286,6.49E-06,3.17E-05,5.147548,Up
GSE39645,PLEKHO1,0.794096,6.5E-06,3.17E-05,5.146954,Up
GSE39645,CLEC4G,-0.480384,6.5E-06,3.17E-05,-5.14684,Down
GSE39645,HADHB,0.985614,6.51E-06,3.17E-05,5.146531,Up
GSE39645,TECPR1,0.521047,6.53E-06,3.19E-05,5.145446,Up
GSE39645,CCDC130,0.546219,6.55E-06,3.19E-05,5.144633,Up
GSE39645,EPG5,0.78585,6.55E-06,3.19E-05,5.144442,Up
GSE39645,NEK7,1.043256,6.56E-06,3.2E-05,5.144008,Up
GSE39645,LUZP2,-0.858189,6.58E-06,3.2E-05,-5.143282,Down
GSE39645,MIOS,0.693584,6.59E-06,3.21E-05,5.142682,Up
GSE39645,GLRA4,-0.609824,6.61E-06,3.22E-05,-5.141649,Down
GSE39645,CELSR2,0.645817,6.62E-06,3.22E-05,5.141236,Up
GSE39645,KCNA1,-0.56672,6.62E-06,3.22E-05,-5.141116,Down
GSE39645,CLDN10,-0.796656,6.63E-06,3.23E-05,-5.140666,Down
GSE39645,CYP2A7P1,-0.506227,6.63E-06,3.23E-05,-5.140666,Down
GSE39645,FAM91A1,0.933995,6.64E-06,3.23E-05,5.140346,Up
GSE39645,SAMD8,0.658803,6.65E-06,3.23E-05,5.139822,Up
GSE39645,FOXN3,0.723191,6.65E-06,3.23E-05,5.139796,Up
GSE39645,PTPN13,0.927642,6.66E-06,3.23E-05,5.139601,Up
GSE39645,DPP10,-0.70111,6.67E-06,3.24E-05,-5.139056,Down
GSE39645,GNAQ,0.790597,6.68E-06,3.24E-05,5.138748,Up
GSE39645,LAPTM5,1.380379,6.68E-06,3.24E-05,5.13838,Up
GSE39645,ALG1,0.500851,6.69E-06,3.25E-05,5.137944,Up
GSE39645,GPN3,0.953738,6.7E-06,3.25E-05,5.137683,Up
GSE39645,JAM3,0.654224,6.7E-06,3.25E-05,5.13748,Up
GSE39645,SLC1A3,1.598248,6.72E-06,3.26E-05,5.13682,Up
GSE39645,SCNN1B,-0.701989,6.72E-06,3.26E-05,-5.136746,Down
GSE39645,ADAMTS5,-0.799324,6.72E-06,3.26E-05,-5.136576,Down
GSE39645,PATL1,0.464626,6.73E-06,3.26E-05,5.136146,Up
GSE39645,ABCC2,-0.505834,6.74E-06,3.27E-05,-5.135615,Down
GSE39645,DCLRE1A,0.647813,6.75E-06,3.27E-05,5.135543,Up
GSE39645,ZCCHC12,-0.502479,6.76E-06,3.27E-05,-5.13496,Down
GSE39645,SPCS2///SPCS2,0.805779,6.77E-06,3.28E-05,5.134557,Up
GSE39645,DPAGT1,0.570093,6.77E-06,3.28E-05,5.134368,Up
GSE39645,USP16,0.821108,6.8E-06,3.29E-05,5.132944,Up
GSE39645,MAPK8IP2,-0.473672,6.82E-06,3.3E-05,-5.132345,Down
GSE39645,NBAS,0.767379,6.82E-06,3.3E-05,5.132226,Up
GSE39645,1,1.023697,6.83E-06,3.3E-05,5.131934,Up
GSE39645,UGGT1,0.676128,6.83E-06,3.3E-05,5.131829,Up
GSE39645,BACE1,0.637499,6.87E-06,3.32E-05,5.129812,Up
GSE39645,ANKRD30B,1.702501,6.89E-06,3.33E-05,5.129077,Up
GSE39645,TNS4,-0.612835,6.9E-06,3.33E-05,-5.128786,Down
GSE39645,TRH,-0.525573,6.94E-06,3.35E-05,-5.126937,Down
GSE39645,PXK,0.765559,6.95E-06,3.35E-05,5.126621,Up
GSE39645,PSEN1,0.582298,6.98E-06,3.36E-05,5.125282,Up
GSE39645,DSG1,-0.654439,6.98E-06,3.37E-05,-5.125055,Down
GSE39645,TM4SF4,-0.771164,7.01E-06,3.38E-05,-5.123989,Down
GSE39645,SH3TC2,1.044163,7.01E-06,3.38E-05,5.123913,Up
GSE39645,FAM90A10P///FAM90A7P///FAM90A25P///FAM90A1,-0.534529,7.02E-06,3.38E-05,-5.123403,Down
GSE39645,ENPP3,-0.57007,7.02E-06,3.38E-05,-5.123378,Down
GSE39645,IRAK3,1.197994,7.02E-06,3.38E-05,5.123226,Up
GSE39645,TPM4,-0.415528,7.04E-06,3.39E-05,-5.12247,Down
GSE39645,CHM,0.655016,7.04E-06,3.39E-05,5.122399,Up
GSE39645,MAGEB18,-0.493161,7.04E-06,3.39E-05,-5.122332,Down
GSE39645,CPN2,-0.455239,7.06E-06,3.4E-05,-5.121441,Down
GSE39645,LARGE2,-0.429736,7.07E-06,3.4E-05,-5.121377,Down
GSE39645,SCAF11,0.85854,7.09E-06,3.41E-05,5.120349,Up
GSE39645,C16orf92,-0.487994,7.09E-06,3.41E-05,-5.120139,Down
GSE39645,TMEM67,0.759997,7.1E-06,3.41E-05,5.120008,Up
GSE39645,COL11A2,-0.554523,7.11E-06,3.41E-05,-5.119596,Down
GSE39645,SLC22A1,-0.706148,7.11E-06,3.41E-05,-5.11947,Down
GSE39645,GNS,0.80431,7.15E-06,3.43E-05,5.117683,Up
GSE39645,SIM2,-0.444869,7.15E-06,3.43E-05,-5.117621,Down
GSE39645,MS4A3,-0.413909,7.17E-06,3.44E-05,-5.116696,Down
GSE39645,TESK2,-0.525576,7.2E-06,3.45E-05,-5.115794,Down
GSE39645,EPC2,0.793636,7.27E-06,3.49E-05,5.112617,Up
GSE39645,POPDC2///COX17,0.604297,7.28E-06,3.49E-05,5.112196,Up
GSE39645,TMEM167B,0.60268,7.28E-06,3.49E-05,5.112107,Up
GSE39645,CXorf58,-0.344368,7.29E-06,3.49E-05,-5.111753,Down
GSE39645,CCDC43,0.73577,7.31E-06,3.5E-05,5.110996,Up
GSE39645,OSBPL8,0.850781,7.31E-06,3.5E-05,5.110849,Up
GSE39645,SEPT4,-0.896665,7.33E-06,3.51E-05,-5.110127,Down
GSE39645,UPF3B,0.946343,7.34E-06,3.51E-05,5.109702,Up
GSE39645,TMEM135,0.716819,7.36E-06,3.52E-05,5.108819,Up
GSE39645,MTX3,0.741211,7.37E-06,3.53E-05,5.108397,Up
GSE39645,ZNF502,0.548889,7.38E-06,3.53E-05,5.107948,Up
GSE39645,AKAP14,-0.56095,7.4E-06,3.54E-05,-5.107325,Down
GSE39645,TMEM88,-0.77918,7.4E-06,3.54E-05,-5.107296,Down
GSE39645,ATP6V1D,1.273907,7.42E-06,3.55E-05,5.106235,Up
GSE39645,DNER,-1.206252,7.42E-06,3.55E-05,-5.106227,Down
GSE39645,CYP4B1,-0.977993,7.42E-06,3.55E-05,-5.106203,Down
GSE39645,LECT1,-0.510106,7.46E-06,3.56E-05,-5.104801,Down
GSE39645,ZNF622,0.623959,7.46E-06,3.56E-05,5.104633,Up
GSE39645,KIAA0355,0.63432,7.47E-06,3.57E-05,5.104142,Up
GSE39645,ZNF571,0.410229,7.51E-06,3.58E-05,5.102569,Up
GSE39645,C8orf44-SGK3///SGK3,0.871396,7.52E-06,3.59E-05,5.102341,Up
GSE39645,ADAMTS19,-0.520447,7.54E-06,3.6E-05,-5.101294,Down
GSE39645,DOCK7,0.980404,7.56E-06,3.61E-05,5.100574,Up
GSE39645,FAM193A,0.530021,7.57E-06,3.61E-05,5.100233,Up
GSE39645,CYP4F22,-0.500847,7.6E-06,3.62E-05,-5.098967,Down
GSE39645,SLA2,-0.476784,7.61E-06,3.62E-05,-5.098799,Down
GSE39645,ABHD17A,-0.615684,7.64E-06,3.64E-05,-5.097538,Down
GSE39645,PADI2,1.535687,7.65E-06,3.64E-05,5.09713,Up
GSE39645,PIP4K2B,0.63322,7.66E-06,3.65E-05,5.096719,Up
GSE39645,ILK,0.692763,7.66E-06,3.65E-05,5.096467,Up
GSE39645,C14orf105,-0.45861,7.67E-06,3.65E-05,-5.096124,Down
GSE39645,AGBL1,-0.60072,7.68E-06,3.65E-05,-5.095937,Down
GSE39645,DHX16,0.505072,7.69E-06,3.66E-05,5.095446,Up
GSE39645,GOLT1A,-0.46833,7.72E-06,3.67E-05,-5.094229,Down
GSE39645,LGALS7B///LGALS7,-0.425068,7.72E-06,3.67E-05,-5.094153,Down
GSE39645,SFI1,-0.323701,7.75E-06,3.68E-05,-5.093216,Down
GSE39645,SECTM1,-0.839937,7.76E-06,3.68E-05,-5.092848,Down
GSE39645,RHEB,0.572049,7.77E-06,3.69E-05,5.092254,Up
GSE39645,PMP22,0.994108,7.78E-06,3.69E-05,5.091898,Up
GSE39645,ATP2B3,-0.519739,7.79E-06,3.69E-05,-5.091697,Down
GSE39645,CCT8L2,-0.691122,7.79E-06,3.7E-05,-5.091445,Down
GSE39645,ZNF43,0.783913,7.83E-06,3.71E-05,5.090117,Up
GSE39645,CALY,-0.431911,7.84E-06,3.72E-05,-5.089651,Down
GSE39645,SGPP2,-0.671706,7.84E-06,3.72E-05,-5.08939,Down
GSE39645,NOX4,-0.602899,7.86E-06,3.72E-05,-5.088875,Down
GSE39645,NTNG1,0.912122,7.86E-06,3.72E-05,5.088655,Up
GSE39645,PRR32,-0.811205,7.86E-06,3.72E-05,-5.088632,Down
GSE39645,SRSF8,0.485605,7.86E-06,3.72E-05,5.088574,Up
GSE39645,CMTM8,-0.62462,7.87E-06,3.73E-05,-5.088422,Down
GSE39645,NPRL3,0.570088,7.88E-06,3.73E-05,5.087946,Up
GSE39645,PPL,-0.665582,7.89E-06,3.73E-05,-5.087747,Down
GSE39645,RAPGEF1,0.796906,7.89E-06,3.73E-05,5.087745,Up
GSE39645,ZNF426,0.667514,7.9E-06,3.73E-05,5.087297,Up
GSE39645,NBEA,0.912615,7.96E-06,3.76E-05,5.084934,Up
GSE39645,FAT3,-0.79581,7.96E-06,3.76E-05,-5.084797,Down
GSE39645,ARRDC3,0.893713,7.97E-06,3.76E-05,5.084676,Up
GSE39645,CHMP2B,1.015122,7.97E-06,3.77E-05,5.084336,Up
GSE39645,ZIC2,-0.421583,7.99E-06,3.77E-05,-5.0839,Down
GSE39645,NBR1,0.663731,7.99E-06,3.77E-05,5.083549,Up
GSE39645,TMX1,0.888755,8E-06,3.77E-05,5.083484,Up
GSE39645,CAMTA2,0.504451,8E-06,3.78E-05,5.083302,Up
GSE39645,HJURP,-0.868661,8.03E-06,3.79E-05,-5.082175,Down
GSE39645,LRIG2,0.711776,8.04E-06,3.79E-05,5.081923,Up
GSE39645,THRSP,-1.090858,8.09E-06,3.81E-05,-5.080012,Down
GSE39645,GPBAR1,-0.412722,8.12E-06,3.83E-05,-5.078735,Down
GSE39645,ZMAT1,0.773934,8.13E-06,3.83E-05,5.078531,Up
GSE39645,AFTPH,0.68231,8.13E-06,3.83E-05,5.078489,Up
GSE39645,OTC,-0.447419,8.14E-06,3.83E-05,-5.078149,Down
GSE39645,GPX4,0.600189,8.16E-06,3.84E-05,5.077464,Up
GSE39645,GZF1,0.588559,8.17E-06,3.85E-05,5.076938,Up
GSE39645,SHISA2,-0.396751,8.19E-06,3.85E-05,-5.076268,Down
GSE39645,OPN4,-0.531322,8.19E-06,3.85E-05,-5.076213,Down
GSE39645,GPC5,-0.71704,8.2E-06,3.86E-05,-5.075624,Down
GSE39645,EVI2B,1.253321,8.22E-06,3.86E-05,5.075148,Up
GSE39645,CTSC,0.852039,8.23E-06,3.87E-05,5.074786,Up
GSE39645,ZCCHC4,0.446175,8.23E-06,3.87E-05,5.074743,Up
GSE39645,GGT7,0.41285,8.23E-06,3.87E-05,5.074585,Up
GSE39645,HUS1,0.592814,8.24E-06,3.87E-05,5.074155,Up
GSE39645,U2AF1L4,0.596464,8.26E-06,3.88E-05,5.07363,Up
GSE39645,OPALIN,-0.70499,8.26E-06,3.88E-05,-5.073391,Down
GSE39645,MRPL58,0.41526,8.27E-06,3.88E-05,5.073358,Up
GSE39645,FAM90A2P///FAM90A10P///FAM90A7P///FAM90A25P///FAM90A1,-0.492583,8.29E-06,3.89E-05,-5.07249,Down
GSE39645,FAM90A2P///FAM90A10P///FAM90A7P///FAM90A25P///FAM90A1,-0.493162,8.29E-06,3.89E-05,-5.072486,Down
GSE39645,DLX6,-0.415361,8.31E-06,3.9E-05,-5.071625,Down
GSE39645,ALOX15,-0.579066,8.31E-06,3.9E-05,-5.071609,Down
GSE39645,CFAP221,-0.474094,8.32E-06,3.9E-05,-5.071179,Down
GSE39645,AGTR2,-0.444555,8.33E-06,3.9E-05,-5.071107,Down
GSE39645,RHBG,-0.646443,8.33E-06,3.9E-05,-5.071079,Down
GSE39645,HRAS,0.388726,8.34E-06,3.9E-05,5.07076,Up
GSE39645,UNC5D,-0.527046,8.35E-06,3.91E-05,-5.070084,Down
GSE39645,FAM90A2P///FAM90A10P///FAM90A7P///FAM90A25P///FAM90A1,-0.553475,8.37E-06,3.92E-05,-5.069584,Down
GSE39645,FAM90A2P///FAM90A10P///FAM90A7P///FAM90A25P///FAM90A1,-0.553475,8.37E-06,3.92E-05,-5.069584,Down
GSE39645,KCNF1,-0.409674,8.38E-06,3.92E-05,-5.06929,Down
GSE39645,TRIM23,0.574312,8.38E-06,3.92E-05,5.069274,Up
GSE39645,CHRNA10,-0.524345,8.4E-06,3.93E-05,-5.068539,Down
GSE39645,TMX2,0.481897,8.41E-06,3.93E-05,5.067933,Up
GSE39645,ENAH,-0.94434,8.42E-06,3.94E-05,-5.067577,Down
GSE39645,MB21D1,0.868078,8.42E-06,3.94E-05,5.067517,Up
GSE39645,TMEM158,-0.342045,8.44E-06,3.94E-05,-5.066984,Down
GSE39645,IDS,0.690514,8.44E-06,3.94E-05,5.066954,Up
GSE39645,CCDC127,0.68048,8.45E-06,3.94E-05,5.066626,Up
GSE39645,ZFAND6,1.119062,8.46E-06,3.95E-05,5.066387,Up
GSE39645,GDI1,0.640306,8.51E-06,3.97E-05,5.064371,Up
GSE39645,MBLAC1,-0.360527,8.51E-06,3.97E-05,-5.064286,Down
GSE39645,STX17,0.691693,8.52E-06,3.97E-05,5.064175,Up
GSE39645,POP4,0.847906,8.52E-06,3.97E-05,5.063979,Up
GSE39645,RNF222,-0.350463,8.53E-06,3.98E-05,-5.063688,Down
GSE39645,CTXN1,-0.381325,8.55E-06,3.98E-05,-5.063061,Down
GSE39645,FBXL3,0.72863,8.55E-06,3.98E-05,5.062976,Up
GSE39645,SIGLEC10,1.148421,8.58E-06,3.99E-05,5.062083,Up
GSE39645,CYP2A13///CYP2A7///CYP2A6///CYP2A7,-0.45681,8.58E-06,4E-05,-5.061807,Down
GSE39645,C18orf8,0.648381,8.61E-06,4.01E-05,5.06074,Up
GSE39645,PUM1///PUM1,0.524672,8.61E-06,4.01E-05,5.060724,Up
GSE39645,PAGE1,-0.678238,8.61E-06,4.01E-05,-5.060701,Down
GSE39645,NDE1,0.572468,8.62E-06,4.01E-05,5.060305,Up
GSE39645,ATPAF2,0.584219,8.64E-06,4.02E-05,5.059637,Up
GSE39645,KANSL3,0.467468,8.65E-06,4.02E-05,5.059456,Up
GSE39645,ZNF26,0.71224,8.68E-06,4.04E-05,5.058191,Up
GSE39645,PRKD1,1.11766,8.69E-06,4.04E-05,5.05808,Up
GSE39645,ANKMY2,0.810594,8.71E-06,4.05E-05,5.057346,Up
GSE39645,NAXD,0.577502,8.75E-06,4.07E-05,5.05572,Up
GSE39645,MMP12,-0.454187,8.77E-06,4.07E-05,-5.055022,Down
GSE39645,PPP2R2C,-0.737351,8.78E-06,4.08E-05,-5.054857,Down
GSE39645,NDUFA4,0.40955,8.79E-06,4.08E-05,5.054318,Up
GSE39645,KCNG4,-0.553368,8.82E-06,4.09E-05,-5.053471,Down
GSE39645,AMFR,0.632672,8.85E-06,4.1E-05,5.052501,Up
GSE39645,CHRND,-0.529823,8.87E-06,4.11E-05,-5.051802,Down
GSE39645,GBX1,-0.450953,8.87E-06,4.11E-05,-5.051705,Down
GSE39645,KISS1,-0.335075,8.87E-06,4.11E-05,-5.051673,Down
GSE39645,DDIT4,1.034977,8.88E-06,4.11E-05,5.05152,Up
GSE39645,SPATA7,0.63852,8.89E-06,4.12E-05,5.050919,Up
GSE39645,FRMPD2B///FRMPD2,-0.913025,8.92E-06,4.13E-05,-5.04985,Down
GSE39645,GSG1,-0.790694,8.93E-06,4.13E-05,-5.049789,Down
GSE39645,NPFFR1,-0.47665,8.93E-06,4.13E-05,-5.049758,Down
GSE39645,KRT3,-0.481291,8.97E-06,4.15E-05,-5.048444,Down
GSE39645,ZNF592,0.504335,8.99E-06,4.16E-05,5.047529,Up
GSE39645,CLECL1,0.9452,9.02E-06,4.17E-05,5.046704,Up
GSE39645,KAT7,0.597131,9.02E-06,4.17E-05,5.046585,Up
GSE39645,LOXL4,0.440085,9.04E-06,4.18E-05,5.045728,Up
GSE39645,SDHA,0.679237,9.07E-06,4.19E-05,5.044755,Up
GSE39645,SLC35C1,0.718479,9.07E-06,4.19E-05,5.044725,Up
GSE39645,NA,-0.571674,9.09E-06,4.2E-05,-5.044169,Down
GSE39645,SLC5A4,-0.611253,9.09E-06,4.2E-05,-5.044106,Down
GSE39645,CCDC92,0.968978,9.1E-06,4.2E-05,5.043694,Up
GSE39645,ARHGAP1,0.772544,9.12E-06,4.21E-05,5.043222,Up
GSE39645,P4HTM,0.427918,9.12E-06,4.21E-05,5.043104,Up
GSE39645,FAM196A,-0.364856,9.12E-06,4.21E-05,-5.043102,Down
GSE39645,SLC25A21,-0.415279,9.13E-06,4.21E-05,-5.042984,Down
GSE39645,LCE3D,-0.618208,9.15E-06,4.22E-05,-5.042047,Down
GSE39645,TMEM190,-0.413892,9.16E-06,4.22E-05,-5.041962,Down
GSE39645,SCTR,-0.450661,9.17E-06,4.23E-05,-5.041398,Down
GSE39645,IL1RN,-0.918149,9.18E-06,4.23E-05,-5.041017,Down
GSE39645,LMCD1,-0.81542,9.19E-06,4.23E-05,-5.040955,Down
GSE39645,SLMO2-ATP5E///ATP5E,0.536941,9.19E-06,4.23E-05,5.040951,Up
GSE39645,SLC25A36,0.704929,9.2E-06,4.23E-05,5.04063,Up
GSE39645,ERCC6L,-0.676517,9.21E-06,4.24E-05,-5.040317,Down
GSE39645,SERPINA7,-0.828098,9.21E-06,4.24E-05,-5.04027,Down
GSE39645,FAM208A,0.673327,9.23E-06,4.24E-05,5.039648,Up
GSE39645,KRTAP2-3///KRTAP2-2///KRTAP2-4///KRTAP2-1,-0.448463,9.25E-06,4.25E-05,-5.038992,Down
GSE39645,VPS4B,0.726647,9.27E-06,4.26E-05,5.038254,Up
GSE39645,ZNF701,0.728601,9.28E-06,4.26E-05,5.037987,Up
GSE39645,RNF25,0.683366,9.28E-06,4.26E-05,5.037762,Up
GSE39645,SYNJ1,0.683507,9.28E-06,4.26E-05,5.037753,Up
GSE39645,KITLG,-0.946136,9.29E-06,4.26E-05,-5.037633,Down
GSE39645,EDAR,-0.485349,9.29E-06,4.26E-05,-5.037589,Down
GSE39645,VSX1,-0.445192,9.29E-06,4.27E-05,-5.037402,Down
GSE39645,C2orf27B///C2orf27A,-0.52925,9.3E-06,4.27E-05,-5.03729,Down
GSE39645,PROK1,-0.609124,9.3E-06,4.27E-05,-5.037082,Down
GSE39645,PTPN20,-0.552511,9.32E-06,4.27E-05,-5.036576,Down
GSE39645,FXYD7,-0.447983,9.34E-06,4.28E-05,-5.035985,Down
GSE39645,STX2,0.920059,9.34E-06,4.28E-05,5.035763,Up
GSE39645,ZNF518A,0.83263,9.34E-06,4.28E-05,5.035739,Up
GSE39645,NDUFAF6,0.56347,9.36E-06,4.29E-05,5.035156,Up
GSE39645,ADGRF3,-0.623875,9.38E-06,4.3E-05,-5.034569,Down
GSE39645,CFTR,-0.573689,9.42E-06,4.31E-05,-5.033256,Down
GSE39645,ZNF302,0.785356,9.43E-06,4.32E-05,5.032835,Up
GSE39645,CACNA1B,-0.44987,9.44E-06,4.32E-05,-5.032655,Down
GSE39645,TGM6,-0.435142,9.44E-06,4.32E-05,-5.032652,Down
GSE39645,VSIG1,-0.730544,9.46E-06,4.33E-05,-5.03208,Down
GSE39645,CSHL1,-0.474002,9.51E-06,4.35E-05,-5.030275,Down
GSE39645,IL12A,-0.459368,9.51E-06,4.35E-05,-5.03023,Down
GSE39645,ART5,-0.493015,9.53E-06,4.36E-05,-5.029716,Down
GSE39645,ARL8B,1.035101,9.55E-06,4.37E-05,5.028923,Up
GSE39645,RNF121,0.495179,9.57E-06,4.37E-05,5.028454,Up
GSE39645,LRRC75A,-0.353992,9.57E-06,4.37E-05,-5.028305,Down
GSE39645,MRPL49,0.581073,9.59E-06,4.38E-05,5.027867,Up
GSE39645,SNX3,0.648814,9.6E-06,4.38E-05,5.02747,Up
GSE39645,KIAA0513,0.888251,9.61E-06,4.39E-05,5.027042,Up
GSE39645,ADA,-0.549326,9.62E-06,4.39E-05,-5.026669,Down
GSE39645,GATA3,-0.502371,9.62E-06,4.39E-05,-5.026668,Down
GSE39645,CST7,-0.772517,9.63E-06,4.39E-05,-5.026544,Down
GSE39645,KLRG2,-0.551494,9.63E-06,4.39E-05,-5.026544,Down
GSE39645,MBIP,0.865527,9.64E-06,4.39E-05,5.026287,Up
GSE39645,SYMPK,0.623014,9.64E-06,4.39E-05,5.026213,Up
GSE39645,MRPL35,0.982797,9.64E-06,4.39E-05,5.026056,Up
GSE39645,AK2,0.435812,9.64E-06,4.39E-05,5.026027,Up
GSE39645,SLC30A10,-0.709388,9.65E-06,4.4E-05,-5.025734,Down
GSE39645,DSG3,-0.637302,9.66E-06,4.4E-05,-5.025553,Down
GSE39645,PNPLA6,0.691849,9.67E-06,4.4E-05,5.025282,Up
GSE39645,FBN2,-1.022107,9.7E-06,4.41E-05,-5.02435,Down
GSE39645,REV1,0.640491,9.7E-06,4.41E-05,5.024123,Up
GSE39645,CTCFL,-0.553807,9.72E-06,4.42E-05,-5.023759,Down
GSE39645,UBE2Q2,0.716778,9.73E-06,4.42E-05,5.023182,Up
GSE39645,PI4K2A,0.685622,9.76E-06,4.43E-05,5.02246,Up
GSE39645,DAO,-1.389336,9.77E-06,4.44E-05,-5.021936,Down
GSE39645,PLA2G15,0.686603,9.78E-06,4.44E-05,5.021869,Up
GSE39645,KRTAP10-4,-0.872785,9.79E-06,4.45E-05,-5.021389,Down
GSE39645,DGUOK,0.666704,9.79E-06,4.45E-05,5.021316,Up
GSE39645,BRAP,0.550375,9.8E-06,4.45E-05,5.021141,Up
GSE39645,SLC25A43,0.430299,9.8E-06,4.45E-05,5.02113,Up
GSE39645,KCNC2,-0.612797,9.8E-06,4.45E-05,-5.021052,Down
GSE39645,BIRC5,-0.80587,9.81E-06,4.45E-05,-5.020847,Down
GSE39645,CMPK1,0.807944,9.81E-06,4.45E-05,5.020655,Up
GSE39645,RASL11A,-0.56264,9.83E-06,4.46E-05,-5.020129,Down
GSE39645,SERPINB7,-0.694297,9.85E-06,4.46E-05,-5.019616,Down
GSE39645,MYOZ3,-0.488601,9.86E-06,4.47E-05,-5.019132,Down
GSE39645,LOC100288778///WASH1///WASH7P///WASH2P///WASH3P,0.443248,9.86E-06,4.47E-05,5.019114,Up
GSE39645,ABCG5,-0.508429,9.89E-06,4.48E-05,-5.018299,Down
GSE39645,NDUFA2,1.035561,9.89E-06,4.48E-05,5.018228,Up
GSE39645,LAMTOR4,0.454709,9.9E-06,4.48E-05,5.017853,Up
GSE39645,CA9,-0.473762,9.91E-06,4.48E-05,-5.017788,Down
GSE39645,ZNF776,0.632276,9.93E-06,4.49E-05,5.017175,Up
GSE39645,NCR1,-0.593523,9.93E-06,4.49E-05,-5.016972,Down
GSE39645,INPPL1,0.577394,9.94E-06,4.49E-05,5.01681,Up
GSE39645,BRS3,-0.688905,9.94E-06,4.49E-05,-5.016769,Down
GSE39645,USP8,0.891278,9.94E-06,4.49E-05,5.016659,Up
GSE39645,VPS16///PTPRA,0.497567,9.95E-06,4.5E-05,5.016403,Up
GSE39645,UNCX,-0.396872,9.97E-06,4.5E-05,-5.01595,Down
GSE39645,BMP6///BMP6,1.468665,9.98E-06,4.51E-05,5.015463,Up
GSE39645,SLC7A6OS,0.473561,9.99E-06,4.51E-05,5.015341,Up
GSE39645,EID1,0.593587,9.99E-06,4.51E-05,5.01527,Up
GSE39645,MYOM2,-0.483617,9.99E-06,4.51E-05,-5.015221,Down
GSE39645,TGFB1,0.936644,1E-05,4.51E-05,5.014757,Up
GSE39645,CAPRIN2,0.797488,1.01E-05,4.53E-05,5.01326,Up
GSE39645,SCRN3,1.112554,1.01E-05,4.53E-05,5.013166,Up
GSE39645,COA3,0.757319,1.01E-05,4.53E-05,5.013076,Up
GSE39645,LARP1,0.368525,1.01E-05,4.53E-05,5.013033,Up
GSE39645,CBR4,0.730765,1.01E-05,4.55E-05,5.011592,Up
GSE39645,UBXN2B,1.310164,1.01E-05,4.56E-05,5.011182,Up
GSE39645,KLHL31,-0.540814,1.02E-05,4.57E-05,-5.010225,Down
GSE39645,MAP2K5,0.708099,1.02E-05,4.57E-05,5.010179,Up
GSE39645,SOX11,-0.341911,1.02E-05,4.57E-05,-5.010053,Down
GSE39645,TLR2,1.190184,1.02E-05,4.59E-05,5.008797,Up
GSE39645,DUSP5,-0.972932,1.02E-05,4.6E-05,-5.008223,Down
GSE39645,GPR63,-0.809114,1.03E-05,4.61E-05,-5.007134,Down
GSE39645,PTTG1IP,0.721329,1.03E-05,4.61E-05,5.007031,Up
GSE39645,BCAP29,0.515721,1.03E-05,4.61E-05,5.006801,Up
GSE39645,TMEM179,-0.47072,1.03E-05,4.62E-05,-5.00625,Down
GSE39645,SIRT2,0.680052,1.03E-05,4.63E-05,5.005572,Up
GSE39645,NDUFS7,0.68572,1.03E-05,4.64E-05,5.00482,Up
GSE39645,BTN1A1,-0.478218,1.03E-05,4.64E-05,-5.004819,Down
GSE39645,FAM149B1,0.836764,1.03E-05,4.64E-05,5.00479,Up
GSE39645,TNKS2,0.76036,1.03E-05,4.64E-05,5.004714,Up
GSE39645,ENTPD1,1.159964,1.03E-05,4.64E-05,5.004563,Up
GSE39645,HOXA11,-0.439165,1.04E-05,4.64E-05,-5.004254,Down
GSE39645,GZMB,-0.657816,1.04E-05,4.64E-05,-5.004251,Down
GSE39645,NUBPL,0.516897,1.04E-05,4.65E-05,5.003876,Up
GSE39645,FZD2,-0.477943,1.04E-05,4.65E-05,-5.003809,Down
GSE39645,ADM2,-0.542552,1.04E-05,4.65E-05,-5.003273,Down
GSE39645,P2RX5-TAX1BP3///TAX1BP3,0.816591,1.04E-05,4.65E-05,5.003241,Up
GSE39645,FH,0.675417,1.04E-05,4.65E-05,5.003171,Up
GSE39645,TRIML2,-0.797629,1.04E-05,4.66E-05,-5.002912,Down
GSE39645,SLC25A30,0.818079,1.04E-05,4.66E-05,5.002476,Up
GSE39645,TMEM203,0.640261,1.04E-05,4.66E-05,5.002476,Up
GSE39645,CNTNAP4,-1.173778,1.05E-05,4.68E-05,-5.001295,Down
GSE39645,API5,0.831427,1.05E-05,4.68E-05,5.001292,Up
GSE39645,AMHR2,-0.54432,1.05E-05,4.69E-05,-5.000532,Down
GSE39645,F8A3///F8A2///F8A1,0.502528,1.05E-05,4.71E-05,4.998883,Up
GSE39645,UNK,0.596242,1.05E-05,4.71E-05,4.998557,Up
GSE39645,SLC7A14,-0.769836,1.06E-05,4.72E-05,-4.998284,Down
GSE39645,TMEM145,-0.447098,1.06E-05,4.72E-05,-4.998146,Down
GSE39645,HRH2,-0.678907,1.06E-05,4.73E-05,-4.997284,Down
GSE39645,UFL1,0.876174,1.06E-05,4.73E-05,4.996973,Up
GSE39645,TMEM8A,0.603141,1.06E-05,4.73E-05,4.996888,Up
GSE39645,CD248,-1.377946,1.06E-05,4.73E-05,-4.996817,Down
GSE39645,FKTN,0.591881,1.06E-05,4.73E-05,4.996775,Up
GSE39645,LHX4,-0.371721,1.06E-05,4.73E-05,-4.996558,Down
GSE39645,JPH1,-0.56276,1.06E-05,4.74E-05,-4.99645,Down
GSE39645,MAGEC1,-0.466419,1.06E-05,4.74E-05,-4.996332,Down
GSE39645,MRC2,-0.860338,1.06E-05,4.74E-05,-4.996171,Down
GSE39645,LAMTOR5,0.526415,1.06E-05,4.74E-05,4.996122,Up
GSE39645,CD1B,-0.720175,1.06E-05,4.74E-05,-4.995883,Down
GSE39645,HORMAD2,-0.438082,1.06E-05,4.74E-05,-4.995629,Down
GSE39645,DNAH17,-0.618296,1.07E-05,4.74E-05,-4.995535,Down
GSE39645,PDE11A,-0.495022,1.07E-05,4.75E-05,-4.994943,Down
GSE39645,ZHX1-C8orf76///ZHX1,0.745238,1.07E-05,4.76E-05,4.994512,Up
GSE39645,CTAG1A///CTAG2///CTAG1B,-0.55008,1.07E-05,4.77E-05,-4.993317,Down
GSE39645,KRTAP17-1,-0.372939,1.07E-05,4.77E-05,-4.993287,Down
GSE39645,GDE1,0.634056,1.08E-05,4.78E-05,4.992591,Up
GSE39645,PYM1,0.45207,1.08E-05,4.78E-05,4.992376,Up
GSE39645,TMEM258,0.401421,1.08E-05,4.78E-05,4.992333,Up
GSE39645,QDPR,0.888303,1.08E-05,4.79E-05,4.992082,Up
GSE39645,SKIL,0.815093,1.08E-05,4.8E-05,4.99129,Up
GSE39645,KRTAP1-5///KRTAP1-1///KRTAP1-3///KRTAP1-3,-0.469618,1.08E-05,4.8E-05,-4.990749,Down
GSE39645,HOXC9,-0.402616,1.08E-05,4.8E-05,-4.990749,Down
GSE39645,USE1,0.596223,1.08E-05,4.81E-05,4.990516,Up
GSE39645,CCR3,-0.626029,1.09E-05,4.82E-05,-4.989702,Down
GSE39645,BCAS3,0.61037,1.09E-05,4.82E-05,4.989399,Up
GSE39645,DMRTC2,-0.529639,1.09E-05,4.82E-05,-4.98932,Down
GSE39645,GCNT7,-0.534724,1.09E-05,4.82E-05,-4.989302,Down
GSE39645,HABP4,0.571399,1.09E-05,4.82E-05,4.98928,Up
GSE39645,LAMTOR3,0.864936,1.09E-05,4.83E-05,4.988775,Up
GSE39645,THUMPD3,0.868288,1.09E-05,4.83E-05,4.988458,Up
GSE39645,PFKFB2,0.7319,1.09E-05,4.83E-05,4.988271,Up
GSE39645,UHRF1BP1,0.515087,1.09E-05,4.83E-05,4.988076,Up
GSE39645,ZNF638,0.856499,1.09E-05,4.83E-05,4.988031,Up
GSE39645,BCL2L2-PABPN1///BCL2L2,0.49411,1.09E-05,4.83E-05,4.987979,Up
GSE39645,DNA2,-0.631586,1.09E-05,4.84E-05,-4.987255,Down
GSE39645,ITIH6,-0.628985,1.1E-05,4.86E-05,-4.986115,Down
GSE39645,NHLRC4,-0.525207,1.1E-05,4.88E-05,-4.984995,Down
GSE39645,CFAP61,-0.714852,1.11E-05,4.89E-05,-4.983713,Down
GSE39645,EXOC2,0.730306,1.11E-05,4.89E-05,4.983663,Up
GSE39645,CPPED1,0.654565,1.11E-05,4.9E-05,4.98354,Up
GSE39645,GUCA2A,-0.61534,1.11E-05,4.9E-05,-4.983114,Down
GSE39645,SNCB,-0.470337,1.11E-05,4.91E-05,-4.982376,Down
GSE39645,MPP5,1.013287,1.11E-05,4.92E-05,4.981983,Up
GSE39645,TMEM123,0.598199,1.12E-05,4.93E-05,4.981158,Up
GSE39645,PDK4,1.840956,1.12E-05,4.93E-05,4.981131,Up
GSE39645,BRINP1,-0.865149,1.12E-05,4.93E-05,-4.980752,Down
GSE39645,ZBTB24,0.494622,1.12E-05,4.94E-05,4.980432,Up
GSE39645,KRTAP27-1,-0.647233,1.12E-05,4.94E-05,-4.98017,Down
GSE39645,OIT3,-0.598074,1.12E-05,4.95E-05,-4.979706,Down
GSE39645,KRTAP1-4,-0.334987,1.12E-05,4.95E-05,-4.97936,Down
GSE39645,RC3H2,0.937524,1.13E-05,4.96E-05,4.978403,Up
GSE39645,ADAM32,-0.570427,1.13E-05,4.97E-05,-4.9778,Down
GSE39645,DSC1,-0.484446,1.13E-05,4.98E-05,-4.977492,Down
GSE39645,IL36A,-0.632851,1.13E-05,4.98E-05,-4.97727,Down
GSE39645,IL3,-0.495021,1.13E-05,4.98E-05,-4.976941,Down
GSE39645,NEPRO,0.632747,1.13E-05,4.99E-05,4.97664,Up
GSE39645,GPR160,1.072627,1.14E-05,5E-05,4.975504,Up
GSE39645,C18orf25,0.726526,1.14E-05,5.01E-05,4.975268,Up
GSE39645,KRT84,-0.643293,1.14E-05,5.01E-05,-4.975248,Down
GSE39645,PNMA1,0.561839,1.14E-05,5.01E-05,4.975115,Up
GSE39645,HAO2,-0.490234,1.14E-05,5.02E-05,-4.97431,Down
GSE39645,EHMT2,0.563146,1.14E-05,5.02E-05,4.974197,Up
GSE39645,IGSF10,-0.595212,1.14E-05,5.02E-05,-4.974101,Down
GSE39645,POT1,0.757388,1.14E-05,5.02E-05,4.973703,Up
GSE39645,LIX1,-1.312326,1.14E-05,5.02E-05,-4.973641,Down
GSE39645,TRIM44,0.586953,1.14E-05,5.03E-05,4.973373,Up
GSE39645,PPCS,0.571054,1.15E-05,5.03E-05,4.973219,Up
GSE39645,EXT2,0.49537,1.15E-05,5.03E-05,4.973199,Up
GSE39645,TOB1,0.828767,1.15E-05,5.03E-05,4.973095,Up
GSE39645,ZNF699,0.621581,1.15E-05,5.03E-05,4.972799,Up
GSE39645,SLC25A35,0.461627,1.15E-05,5.04E-05,4.972216,Up
GSE39645,SIGLEC6,-0.533009,1.15E-05,5.05E-05,-4.9715,Down
GSE39645,LRSAM1,0.537254,1.16E-05,5.07E-05,4.970443,Up
GSE39645,SNAP25,-1.017493,1.16E-05,5.07E-05,-4.96997,Down
GSE39645,TMEM132D,-0.570327,1.16E-05,5.08E-05,-4.969626,Down
GSE39645,CD81,0.575404,1.16E-05,5.09E-05,4.968982,Up
GSE39645,OXSR1,0.620371,1.16E-05,5.1E-05,4.968181,Up
GSE39645,KLK9,-0.595381,1.16E-05,5.1E-05,-4.968098,Down
GSE39645,RSPH4A,-0.576507,1.17E-05,5.1E-05,-4.967878,Down
GSE39645,SLC25A46,0.471641,1.17E-05,5.1E-05,4.967845,Up
GSE39645,GTF2A2,1.091923,1.17E-05,5.11E-05,4.967234,Up
GSE39645,TSR3,0.446689,1.17E-05,5.11E-05,4.967135,Up
GSE39645,FAN1,0.72687,1.17E-05,5.11E-05,4.967032,Up
GSE39645,COL25A1,-0.711226,1.17E-05,5.11E-05,-4.966889,Down
GSE39645,MICU2,0.872992,1.17E-05,5.12E-05,4.966211,Up
GSE39645,HCLS1,1.015664,1.17E-05,5.12E-05,4.966115,Up
GSE39645,COL17A1,-0.582853,1.17E-05,5.12E-05,-4.965872,Down
GSE39645,RAB8A,0.682107,1.17E-05,5.13E-05,4.965419,Up
GSE39645,RAD17,0.535043,1.17E-05,5.13E-05,4.96537,Up
GSE39645,ZNF814,0.977065,1.18E-05,5.14E-05,4.964815,Up
GSE39645,TMEM186,0.503659,1.18E-05,5.14E-05,4.964465,Up
GSE39645,GPR162,-0.498693,1.18E-05,5.14E-05,-4.964416,Down
GSE39645,ACOT9,0.538818,1.18E-05,5.14E-05,4.964296,Up
GSE39645,PFKM,0.539435,1.18E-05,5.14E-05,4.96413,Up
GSE39645,BFAR,0.640139,1.18E-05,5.15E-05,4.963976,Up
GSE39645,TTC23,0.412287,1.18E-05,5.15E-05,4.963855,Up
GSE39645,GDF2,-0.47109,1.18E-05,5.15E-05,-4.963284,Down
GSE39645,NOTCH3,-0.813179,1.18E-05,5.16E-05,-4.96294,Down
GSE39645,SEPT5-GP1BB///GP1BB,-0.368629,1.19E-05,5.17E-05,-4.962097,Down
GSE39645,SEMA4G,-0.423431,1.19E-05,5.18E-05,-4.961493,Down
GSE39645,RNF114,0.558769,1.19E-05,5.19E-05,4.960839,Up
GSE39645,RNF146,0.438933,1.19E-05,5.2E-05,4.960436,Up
GSE39645,CHRNA9,-0.573782,1.19E-05,5.2E-05,-4.960341,Down
GSE39645,CACNA1H,-0.40503,1.2E-05,5.21E-05,-4.959564,Down
GSE39645,PLEKHM2,0.59475,1.2E-05,5.22E-05,4.958878,Up
GSE39645,DCP1A,0.626042,1.2E-05,5.22E-05,4.958724,Up
GSE39645,COPS7A,0.653266,1.2E-05,5.23E-05,4.958258,Up
GSE39645,ZDHHC21,0.87203,1.2E-05,5.23E-05,4.958039,Up
GSE39645,AADACL2,-0.43862,1.2E-05,5.23E-05,-4.957868,Down
GSE39645,CCDC33,-0.640908,1.21E-05,5.25E-05,-4.95645,Down
GSE39645,FAM129C,-0.526279,1.21E-05,5.25E-05,-4.956351,Down
GSE39645,OAS2,1.097389,1.21E-05,5.26E-05,4.956066,Up
GSE39645,VPS52,0.718486,1.21E-05,5.26E-05,4.955875,Up
GSE39645,RPAP3,0.979872,1.21E-05,5.26E-05,4.955713,Up
GSE39645,CYP4A22,-0.662389,1.21E-05,5.26E-05,-4.955568,Down
GSE39645,ALOX12B,-0.425982,1.21E-05,5.26E-05,-4.95546,Down
GSE39645,RAMP2,-0.866424,1.22E-05,5.27E-05,-4.954767,Down
GSE39645,GCFC2,0.616692,1.22E-05,5.29E-05,4.953393,Up
GSE39645,NBN,0.672356,1.22E-05,5.29E-05,4.953378,Up
GSE39645,MMP27,-0.597882,1.22E-05,5.29E-05,-4.953359,Down
GSE39645,VWCE,-0.446016,1.22E-05,5.3E-05,-4.95266,Down
GSE39645,DHDDS,0.479198,1.23E-05,5.32E-05,4.951685,Up
GSE39645,ZFP28,0.538483,1.23E-05,5.32E-05,4.951655,Up
GSE39645,ADGRD2,-0.483237,1.23E-05,5.32E-05,-4.951632,Down
GSE39645,PNMA5,-0.408991,1.23E-05,5.32E-05,-4.9513,Down
GSE39645,LRRC71,-0.500171,1.23E-05,5.33E-05,-4.951022,Down
GSE39645,STK10,0.668657,1.23E-05,5.33E-05,4.950727,Up
GSE39645,NDUFB5,0.889811,1.23E-05,5.34E-05,4.950289,Up
GSE39645,PDS5A,0.854588,1.24E-05,5.35E-05,4.949542,Up
GSE39645,MALL,-0.823111,1.24E-05,5.35E-05,-4.949234,Down
GSE39645,IL13,-0.440268,1.24E-05,5.35E-05,-4.949228,Down
GSE39645,EML6,-0.458138,1.24E-05,5.37E-05,-4.948259,Down
GSE39645,GOPC,0.798796,1.24E-05,5.37E-05,4.948194,Up
GSE39645,ZBTB47,0.609647,1.24E-05,5.37E-05,4.948065,Up
GSE39645,RBP4,-1.498714,1.24E-05,5.37E-05,-4.947698,Down
GSE39645,SLC6A20,-0.533957,1.25E-05,5.41E-05,-4.945442,Down
GSE39645,NKAIN1,-0.432531,1.25E-05,5.41E-05,-4.945297,Down
GSE39645,IFI27L2,0.559501,1.25E-05,5.41E-05,4.94515,Up
GSE39645,SLC7A3,-0.767041,1.25E-05,5.41E-05,-4.945135,Down
GSE39645,SH3KBP1,0.715889,1.26E-05,5.42E-05,4.944699,Up
GSE39645,SLC12A7,0.742672,1.26E-05,5.42E-05,4.944621,Up
GSE39645,PRPF40A,0.960866,1.26E-05,5.42E-05,4.944485,Up
GSE39645,SCAMP1,0.867485,1.26E-05,5.42E-05,4.944434,Up
GSE39645,SLC22A12,-0.557845,1.26E-05,5.42E-05,-4.944388,Down
GSE39645,SCMH1,0.560702,1.26E-05,5.42E-05,4.944177,Up
GSE39645,CXorf66,-0.604129,1.26E-05,5.43E-05,-4.943343,Down
GSE39645,KRT33A,-0.667723,1.26E-05,5.43E-05,-4.943187,Down
GSE39645,DPP8,0.73562,1.27E-05,5.46E-05,4.941544,Up
GSE39645,KRTAP2-3///KRTAP2-2///KRTAP2-4///KRTAP2-1,-0.51748,1.27E-05,5.46E-05,-4.941416,Down
GSE39645,IRX5,-0.423995,1.27E-05,5.48E-05,-4.940215,Down
GSE39645,GOLGA2,0.404848,1.28E-05,5.49E-05,4.939595,Up
GSE39645,RPS6KA4,0.488873,1.28E-05,5.49E-05,4.939525,Up
GSE39645,STAG3L4,0.774264,1.28E-05,5.5E-05,4.938913,Up
GSE39645,SAR1B,0.923087,1.28E-05,5.5E-05,4.938854,Up
GSE39645,C6orf48///SVIL,0.51566,1.28E-05,5.51E-05,4.938236,Up
GSE39645,CNOT1,0.796389,1.29E-05,5.52E-05,4.937785,Up
GSE39645,DMC1,-0.326702,1.29E-05,5.52E-05,-4.937764,Down
GSE39645,BPTF,0.736033,1.29E-05,5.52E-05,4.937525,Up
GSE39645,GPRIN3,0.77688,1.29E-05,5.52E-05,4.937509,Up
GSE39645,ERVK11-1///GSTM2,0.643317,1.29E-05,5.52E-05,4.937134,Up
GSE39645,HSD3B2,-0.62802,1.29E-05,5.52E-05,-4.937121,Down
GSE39645,PREPL,1.055281,1.29E-05,5.53E-05,4.936777,Up
GSE39645,CLIP4,0.771706,1.29E-05,5.53E-05,4.936549,Up
GSE39645,CRYL1,0.793174,1.29E-05,5.53E-05,4.936248,Up
GSE39645,SLC16A11,-0.493734,1.29E-05,5.53E-05,-4.936225,Down
GSE39645,LATS1,0.578063,1.3E-05,5.55E-05,4.935224,Up
GSE39645,LEO1,0.939294,1.3E-05,5.56E-05,4.934823,Up
GSE39645,FGD6,-0.832563,1.3E-05,5.56E-05,-4.9348,Down
GSE39645,ASB18,-0.489571,1.3E-05,5.56E-05,-4.934724,Down
GSE39645,BLVRB,0.595412,1.3E-05,5.56E-05,4.934704,Up
GSE39645,TMEM109,0.529431,1.3E-05,5.56E-05,4.934575,Up
GSE39645,ZNF566,0.573845,1.3E-05,5.56E-05,4.934465,Up
GSE39645,IFNL2,-0.583157,1.3E-05,5.56E-05,-4.934313,Down
GSE39645,TMBIM6,0.411892,1.3E-05,5.56E-05,4.93389,Up
GSE39645,CAV3,-0.436743,1.3E-05,5.57E-05,-4.933609,Down
GSE39645,CARNS1,-0.451174,1.31E-05,5.58E-05,-4.932987,Down
GSE39645,DDX19B,0.442565,1.31E-05,5.58E-05,4.932932,Up
GSE39645,LMF1,0.50865,1.31E-05,5.58E-05,4.932792,Up
GSE39645,SLC6A4,-0.458615,1.31E-05,5.59E-05,-4.932123,Down
GSE39645,RAVER1,-0.336851,1.31E-05,5.59E-05,-4.932122,Down
GSE39645,COL22A1,-0.643338,1.31E-05,5.59E-05,-4.932094,Down
GSE39645,MAGEA2B///MAGEA12///MAGEA2,-0.471701,1.31E-05,5.59E-05,-4.931632,Down
GSE39645,OTUD6B,0.583085,1.31E-05,5.59E-05,4.931567,Up
GSE39645,IQSEC3,-0.447234,1.31E-05,5.6E-05,-4.931367,Down
GSE39645,TAS1R1,-0.430364,1.31E-05,5.6E-05,-4.931021,Down
GSE39645,NAV3,0.975906,1.32E-05,5.62E-05,4.929957,Up
GSE39645,HIRIP3,0.555802,1.32E-05,5.62E-05,4.92987,Up
GSE39645,SP7,-0.609575,1.32E-05,5.63E-05,-4.92926,Down
GSE39645,ELFN1,-0.472474,1.32E-05,5.63E-05,-4.928904,Down
GSE39645,BBS7,0.68798,1.33E-05,5.64E-05,4.928327,Up
GSE39645,PPP2CB,0.876755,1.33E-05,5.65E-05,4.927842,Up
GSE39645,EIF2B5,0.371121,1.33E-05,5.67E-05,4.92659,Up
GSE39645,SLC35G1,-0.443928,1.33E-05,5.67E-05,-4.926528,Down
GSE39645,TMEM101,0.426884,1.33E-05,5.67E-05,4.926414,Up
GSE39645,PPFIA4,-0.395264,1.33E-05,5.67E-05,-4.926374,Down
GSE39645,KRT13,-0.590493,1.33E-05,5.68E-05,-4.926073,Down
GSE39645,GSDMD,0.446794,1.34E-05,5.68E-05,4.92592,Up
GSE39645,ZEB1,-0.966422,1.34E-05,5.68E-05,-4.925838,Down
GSE39645,KCNN3,-0.660139,1.34E-05,5.69E-05,-4.925409,Down
GSE39645,FAM187B,-0.510523,1.34E-05,5.69E-05,-4.925131,Down
GSE39645,HEATR9,-0.546878,1.34E-05,5.7E-05,-4.924322,Down
GSE39645,KLK15,-0.509444,1.34E-05,5.7E-05,-4.924177,Down
GSE39645,GLRA2,-0.489066,1.34E-05,5.71E-05,-4.924038,Down
GSE39645,TRIM15,-0.478606,1.34E-05,5.71E-05,-4.923828,Down
GSE39645,IRF6,-0.624069,1.35E-05,5.72E-05,-4.923313,Down
GSE39645,ARL2-SNX15///SNX15,0.478743,1.35E-05,5.72E-05,4.923267,Up
GSE39645,ZNF320,0.512432,1.35E-05,5.72E-05,4.922817,Up
GSE39645,APOOL,0.929883,1.35E-05,5.72E-05,4.922749,Up
GSE39645,KDM1B,0.405787,1.35E-05,5.72E-05,4.922636,Up
GSE39645,APOA5,-0.49338,1.35E-05,5.74E-05,-4.921864,Down
GSE39645,FOXP3,-0.454524,1.35E-05,5.74E-05,-4.921683,Down
GSE39645,CSMD1,-0.610674,1.35E-05,5.74E-05,-4.921593,Down
GSE39645,CCDC27,-0.479371,1.36E-05,5.75E-05,-4.920987,Down
GSE39645,GATA1,-0.576185,1.36E-05,5.75E-05,-4.920802,Down
GSE39645,PANX3,-0.484594,1.36E-05,5.75E-05,-4.920717,Down
GSE39645,WNT11,-0.362417,1.36E-05,5.75E-05,-4.920425,Down
GSE39645,ABCA6,1.395187,1.36E-05,5.76E-05,4.920243,Up
GSE39645,SEPT12,-0.522584,1.36E-05,5.77E-05,-4.919546,Down
GSE39645,OTOP1,-0.683138,1.37E-05,5.78E-05,-4.918939,Down
GSE39645,SCGB1C2///SCGB1C1,-0.571647,1.37E-05,5.78E-05,-4.918904,Down
GSE39645,ZNF596,0.75396,1.37E-05,5.8E-05,4.917419,Up
GSE39645,SLC22A13,-0.708663,1.37E-05,5.81E-05,-4.917064,Down
GSE39645,MAF,0.818352,1.38E-05,5.81E-05,4.916689,Up
GSE39645,CHRNB2,-0.397824,1.38E-05,5.82E-05,-4.916124,Down
GSE39645,METTL24,-0.708366,1.38E-05,5.83E-05,-4.915903,Down
GSE39645,TGM4,-0.69153,1.38E-05,5.83E-05,-4.915622,Down
GSE39645,MIXL1,-0.53298,1.38E-05,5.83E-05,-4.915579,Down
GSE39645,LIN28A,-0.764614,1.38E-05,5.83E-05,-4.915399,Down
GSE39645,KDM3B,0.424434,1.38E-05,5.83E-05,4.915222,Up
GSE39645,TNKS1BP1,-0.326504,1.38E-05,5.84E-05,-4.915072,Down
GSE39645,GJB1,-1.117706,1.38E-05,5.84E-05,-4.914996,Down
GSE39645,METRN,0.573627,1.39E-05,5.85E-05,4.914021,Up
GSE39645,N4BP2L2,0.653318,1.39E-05,5.86E-05,4.913541,Up
GSE39645,NAA20,0.713651,1.39E-05,5.87E-05,4.913134,Up
GSE39645,VRK2,0.601011,1.39E-05,5.87E-05,4.912902,Up
GSE39645,GIGYF2,0.544178,1.39E-05,5.87E-05,4.912633,Up
GSE39645,NEK10,-0.416533,1.4E-05,5.88E-05,-4.912361,Down
GSE39645,APOB,-0.573547,1.4E-05,5.88E-05,-4.912238,Down
GSE39645,KDM8,-0.425324,1.4E-05,5.89E-05,-4.911507,Down
GSE39645,GRM1,-0.388806,1.4E-05,5.9E-05,-4.910975,Down
GSE39645,DYNC1LI2,0.842283,1.4E-05,5.9E-05,4.910806,Up
GSE39645,LRAT,1.603081,1.4E-05,5.9E-05,4.910724,Up
GSE39645,NRG4,-0.39671,1.4E-05,5.9E-05,-4.910597,Down
GSE39645,PROSC,0.468774,1.4E-05,5.9E-05,4.910556,Up
GSE39645,CDC23,0.625034,1.41E-05,5.91E-05,4.910085,Up
GSE39645,IFNK,-0.581374,1.41E-05,5.92E-05,-4.909461,Down
GSE39645,CAPN1,0.60346,1.41E-05,5.93E-05,4.909108,Up
GSE39645,ARHGAP36,-0.378505,1.41E-05,5.94E-05,-4.90841,Down
GSE39645,SUPT20H,0.826626,1.41E-05,5.94E-05,4.908342,Up
GSE39645,AADACL3,-0.684867,1.42E-05,5.95E-05,-4.907401,Down
GSE39645,TPSB2///TPSD1///TPSAB1,-0.778443,1.42E-05,5.95E-05,-4.90736,Down
GSE39645,SUPT6H,0.520559,1.42E-05,5.96E-05,4.907171,Up
GSE39645,VPS13D,0.765234,1.42E-05,5.96E-05,4.90691,Up
GSE39645,DCUN1D1,0.656228,1.42E-05,5.96E-05,4.906448,Up
GSE39645,ZNF311,0.533208,1.42E-05,5.96E-05,4.906422,Up
GSE39645,CHRM4,-0.501512,1.42E-05,5.96E-05,-4.906399,Down
GSE39645,NBEAL1,0.838414,1.42E-05,5.97E-05,4.906028,Up
GSE39645,TRPC5,-0.407887,1.43E-05,5.98E-05,-4.905636,Down
GSE39645,MRS2,0.634492,1.43E-05,5.98E-05,4.905493,Up
GSE39645,GPR135,-0.3361,1.43E-05,5.99E-05,-4.904973,Down
GSE39645,CHCHD7,0.604962,1.43E-05,5.99E-05,4.904611,Up
GSE39645,NAT8,-0.681799,1.43E-05,6E-05,-4.903984,Down
GSE39645,MTTP,-0.536844,1.43E-05,6E-05,-4.90398,Down
GSE39645,ACTRT1,-0.665799,1.44E-05,6.01E-05,-4.903472,Down
GSE39645,ZNF419,0.477018,1.44E-05,6.01E-05,4.903307,Up
GSE39645,CTXN3,-0.578599,1.44E-05,6.03E-05,-4.902291,Down
GSE39645,RPP38,0.58998,1.45E-05,6.05E-05,4.901477,Up
GSE39645,CHURC1-FNTB///CHURC1,0.959658,1.45E-05,6.05E-05,4.901284,Up
GSE39645,SMPX,-0.47885,1.45E-05,6.05E-05,-4.900861,Down
GSE39645,CDK18,0.779764,1.45E-05,6.06E-05,4.900594,Up
GSE39645,KCTD13,0.623534,1.45E-05,6.06E-05,4.900587,Up
GSE39645,PMS1,0.784584,1.45E-05,6.06E-05,4.900167,Up
GSE39645,GLP1R,-0.507562,1.45E-05,6.06E-05,-4.900044,Down
GSE39645,GPR158,-0.876027,1.46E-05,6.07E-05,-4.899441,Down
GSE39645,TMPRSS13,-0.418021,1.46E-05,6.07E-05,-4.899427,Down
GSE39645,RBM34,0.732009,1.46E-05,6.08E-05,4.898916,Up
GSE39645,CCR4,-0.893049,1.46E-05,6.09E-05,-4.898418,Down
GSE39645,SLC6A11,-0.73547,1.46E-05,6.11E-05,-4.897615,Down
GSE39645,TRAPPC12,0.622995,1.47E-05,6.11E-05,4.897236,Up
GSE39645,PAFAH1B2,0.679019,1.47E-05,6.12E-05,4.896516,Up
GSE39645,ZNF611,0.512905,1.47E-05,6.13E-05,4.895965,Up
GSE39645,DPYSL2,0.805053,1.47E-05,6.13E-05,4.895958,Up
GSE39645,NAP1L2,0.931244,1.47E-05,6.14E-05,4.895676,Up
GSE39645,GPR142,-0.549843,1.48E-05,6.14E-05,-4.895249,Down
GSE39645,CYB561D2,0.542428,1.48E-05,6.14E-05,4.895218,Up
GSE39645,ARAF,0.506228,1.48E-05,6.14E-05,4.895025,Up
GSE39645,CNR1,1.767149,1.48E-05,6.15E-05,4.894505,Up
GSE39645,RNF6,0.725392,1.48E-05,6.16E-05,4.894122,Up
GSE39645,CD101,-0.456379,1.48E-05,6.17E-05,-4.893581,Down
GSE39645,CELF5,-0.397746,1.48E-05,6.17E-05,-4.89345,Down
GSE39645,SH3RF2,-0.615695,1.49E-05,6.19E-05,-4.892216,Down
GSE39645,UBE2A,0.657055,1.49E-05,6.19E-05,4.892112,Up
GSE39645,HOXB2,-0.411107,1.49E-05,6.2E-05,-4.891811,Down
GSE39645,ZNHIT3,0.650613,1.49E-05,6.2E-05,4.891768,Up
GSE39645,AARS,0.673507,1.49E-05,6.21E-05,4.891256,Up
GSE39645,GBAS,0.827243,1.5E-05,6.22E-05,4.890747,Up
GSE39645,TNNI1,-0.56611,1.5E-05,6.23E-05,-4.890071,Down
GSE39645,PICK1,0.548728,1.5E-05,6.23E-05,4.889958,Up
GSE39645,ATP6V1E1,0.725054,1.5E-05,6.23E-05,4.889858,Up
GSE39645,TMEM45B,-0.635324,1.5E-05,6.23E-05,-4.889723,Down
GSE39645,ESPL1,-0.39607,1.51E-05,6.25E-05,-4.888511,Down
GSE39645,NA,-0.514239,1.51E-05,6.25E-05,-4.888413,Down
GSE39645,RNF167,0.418296,1.51E-05,6.26E-05,4.888113,Up
GSE39645,C14orf166,0.739414,1.51E-05,6.26E-05,4.888073,Up
GSE39645,PDZK1IP1,-0.551962,1.51E-05,6.27E-05,-4.88725,Down
GSE39645,A2ML1,-0.628572,1.51E-05,6.27E-05,-4.887228,Down
GSE39645,IL9,-0.39739,1.52E-05,6.28E-05,-4.886852,Down
GSE39645,WWP2,0.505147,1.52E-05,6.28E-05,4.886773,Up
GSE39645,MPC1,0.728874,1.52E-05,6.29E-05,4.886286,Up
GSE39645,RIMS3,-0.441958,1.52E-05,6.29E-05,-4.886149,Down
GSE39645,SPPL2C,-0.509824,1.52E-05,6.29E-05,-4.886142,Down
GSE39645,TFF1,-0.447674,1.52E-05,6.29E-05,-4.885922,Down
GSE39645,SHB,-0.474332,1.52E-05,6.29E-05,-4.885843,Down
GSE39645,NA,-0.506118,1.52E-05,6.29E-05,-4.885562,Down
GSE39645,LRRC37B,0.800092,1.52E-05,6.3E-05,4.885417,Up
GSE39645,ELAC2,0.641858,1.52E-05,6.3E-05,4.885331,Up
GSE39645,WIF1,-0.738602,1.53E-05,6.3E-05,-4.884959,Down
GSE39645,RBM19,0.309912,1.53E-05,6.3E-05,4.88487,Up
GSE39645,LOC100630923///PRKRIP1,0.556275,1.53E-05,6.31E-05,4.884596,Up
GSE39645,PHF21A,0.580255,1.53E-05,6.31E-05,4.884401,Up
GSE39645,FAM109A,-0.290966,1.53E-05,6.32E-05,-4.883689,Down
GSE39645,GRM7,-0.478027,1.53E-05,6.33E-05,-4.883242,Down
GSE39645,KLK5,-0.689475,1.54E-05,6.34E-05,-4.882727,Down
GSE39645,CCDC85A,-0.528711,1.54E-05,6.34E-05,-4.882376,Down
GSE39645,RBCK1,0.496132,1.54E-05,6.35E-05,4.881858,Up
GSE39645,MCC,0.759921,1.54E-05,6.36E-05,4.881464,Up
GSE39645,LCN8,-0.484469,1.54E-05,6.36E-05,-4.881328,Down
GSE39645,MINK1,0.759288,1.54E-05,6.36E-05,4.881266,Up
GSE39645,PLK2,1.517421,1.54E-05,6.36E-05,4.881243,Up
GSE39645,C2orf80,-0.574709,1.54E-05,6.36E-05,-4.881122,Down
GSE39645,LCOR,0.541482,1.55E-05,6.37E-05,4.880694,Up
GSE39645,ASPHD2,-0.480424,1.55E-05,6.37E-05,-4.880447,Down
GSE39645,ZCCHC7,0.473021,1.55E-05,6.38E-05,4.879855,Up
GSE39645,ASB8,0.48681,1.55E-05,6.39E-05,4.879601,Up
GSE39645,ATRX,0.917941,1.55E-05,6.39E-05,4.879315,Up
GSE39645,ZNF215,-0.522894,1.55E-05,6.39E-05,-4.879131,Down
GSE39645,DBF4B,-0.389941,1.56E-05,6.4E-05,-4.878923,Down
GSE39645,IL10RB///IL10RB,0.584754,1.56E-05,6.4E-05,4.878868,Up
GSE39645,OGFOD1,0.790454,1.56E-05,6.4E-05,4.878744,Up
GSE39645,ZNF266,0.639771,1.56E-05,6.4E-05,4.878531,Up
GSE39645,TCEANC,0.720423,1.56E-05,6.41E-05,4.878153,Up
GSE39645,RAPGEF6,0.563977,1.56E-05,6.42E-05,4.877387,Up
GSE39645,ATP7A,0.49599,1.56E-05,6.42E-05,4.877213,Up
GSE39645,MRGPRD,-0.430964,1.57E-05,6.43E-05,-4.876583,Down
GSE39645,CLDN20,-0.618734,1.57E-05,6.44E-05,-4.876274,Down
GSE39645,PLAA,0.50098,1.57E-05,6.44E-05,4.87609,Up
GSE39645,CNTN5,-0.513787,1.57E-05,6.44E-05,-4.87607,Down
GSE39645,PDZK1P1///PDZK1,-0.777263,1.57E-05,6.46E-05,-4.875109,Down
GSE39645,GPT,-0.386491,1.58E-05,6.46E-05,-4.874954,Down
GSE39645,EDN2,-0.500434,1.58E-05,6.46E-05,-4.874787,Down
GSE39645,RTP1,-0.408916,1.58E-05,6.49E-05,-4.873517,Down
GSE39645,FAM3C,0.756454,1.59E-05,6.5E-05,4.872915,Up
GSE39645,ARSD,0.584837,1.59E-05,6.53E-05,4.871279,Up
GSE39645,LEFTY2,-0.812961,1.6E-05,6.54E-05,-4.870981,Down
GSE39645,DHRS4L1///DHRS4L2///DHRS4,0.49368,1.6E-05,6.54E-05,4.870877,Up
GSE39645,PI4KB,0.575183,1.6E-05,6.54E-05,4.870628,Up
GSE39645,TRIM32,0.580755,1.6E-05,6.54E-05,4.870438,Up
GSE39645,GYPA,-0.532196,1.6E-05,6.55E-05,-4.870136,Down
GSE39645,SLITRK6,-0.729418,1.6E-05,6.55E-05,-4.869878,Down
GSE39645,CXorf65,-0.592954,1.6E-05,6.57E-05,-4.869224,Down
GSE39645,DDN,-0.474155,1.61E-05,6.57E-05,-4.869145,Down
GSE39645,FGF9,-0.688726,1.61E-05,6.57E-05,-4.868962,Down
GSE39645,RFPL1,-0.490992,1.61E-05,6.57E-05,-4.868775,Down
GSE39645,CYP20A1,0.666162,1.61E-05,6.59E-05,4.867868,Up
GSE39645,APBA2,-0.851306,1.61E-05,6.6E-05,-4.867437,Down
GSE39645,BPIFB3,-0.554161,1.62E-05,6.6E-05,-4.867097,Down
GSE39645,RDH8,-0.55884,1.62E-05,6.61E-05,-4.866695,Down
GSE39645,C7orf25,0.808244,1.62E-05,6.61E-05,4.866537,Up
GSE39645,CHRNA2,-0.473694,1.62E-05,6.61E-05,-4.866393,Down
GSE39645,ITSN1,0.601605,1.62E-05,6.61E-05,4.866332,Up
GSE39645,SYTL5,-0.615409,1.62E-05,6.62E-05,-4.865998,Down
GSE39645,ZNF12,0.655354,1.62E-05,6.63E-05,4.865422,Up
GSE39645,CCDC36,-0.529764,1.63E-05,6.63E-05,-4.865346,Down
GSE39645,FIBP,0.585525,1.63E-05,6.64E-05,4.864598,Up
GSE39645,FUT5,-0.601497,1.63E-05,6.65E-05,-4.864335,Down
GSE39645,TMEM175,0.443115,1.63E-05,6.65E-05,4.864218,Up
GSE39645,C6orf203,0.757271,1.63E-05,6.65E-05,4.863861,Up
GSE39645,SNTG2,-0.484966,1.63E-05,6.65E-05,-4.863856,Down
GSE39645,MCEE,0.592293,1.63E-05,6.65E-05,4.86381,Up
GSE39645,GLRA1,-0.585753,1.64E-05,6.66E-05,-4.863244,Down
GSE39645,SLC6A2,-0.527151,1.64E-05,6.67E-05,-4.862722,Down
GSE39645,ITGAM,0.847016,1.64E-05,6.68E-05,4.86231,Up
GSE39645,IRS2,0.657088,1.64E-05,6.68E-05,4.862034,Up
GSE39645,ATP13A4,-0.82554,1.64E-05,6.68E-05,-4.86198,Down
GSE39645,CCR10,-0.495062,1.65E-05,6.69E-05,-4.861571,Down
GSE39645,MTERF1///MTERF1,0.525378,1.65E-05,6.72E-05,4.860352,Up
GSE39645,BBOX1,-1.202642,1.65E-05,6.73E-05,-4.859861,Down
GSE39645,GREM2,-0.496838,1.66E-05,6.75E-05,-4.858869,Down
GSE39645,MAPRE2,0.768721,1.66E-05,6.75E-05,4.85836,Up
GSE39645,PPARG,-1.019931,1.66E-05,6.76E-05,-4.858199,Down
GSE39645,OSGEPL1,0.562613,1.66E-05,6.76E-05,4.858129,Up
GSE39645,SLC47A2,-0.633294,1.67E-05,6.77E-05,-4.85747,Down
GSE39645,LCE2B,-0.659467,1.67E-05,6.78E-05,-4.856854,Down
GSE39645,GP6,-0.48039,1.67E-05,6.78E-05,-4.856815,Down
GSE39645,COLQ,-0.557469,1.67E-05,6.79E-05,-4.856483,Down
GSE39645,HS3ST5,-0.668607,1.68E-05,6.81E-05,-4.855275,Down
GSE39645,SMIM19,0.664755,1.68E-05,6.82E-05,4.854957,Up
GSE39645,BIRC8,-0.418244,1.68E-05,6.82E-05,-4.854728,Down
GSE39645,MGST1,-1.986457,1.68E-05,6.82E-05,-4.854511,Down
GSE39645,CTSH,1.05247,1.68E-05,6.82E-05,4.854355,Up
GSE39645,ZNF23,0.353552,1.68E-05,6.82E-05,4.854323,Up
GSE39645,PIGG,0.472083,1.69E-05,6.84E-05,4.853669,Up
GSE39645,SLC35A3,0.499599,1.69E-05,6.84E-05,4.853611,Up
GSE39645,KRT74,-0.530915,1.69E-05,6.84E-05,-4.853327,Down
GSE39645,AIDA,0.803708,1.69E-05,6.84E-05,4.85315,Up
GSE39645,MED11,0.498601,1.69E-05,6.86E-05,4.852582,Up
GSE39645,GJA4,-0.649254,1.7E-05,6.86E-05,-4.852252,Down
GSE39645,KRT31,-0.446138,1.7E-05,6.87E-05,-4.851614,Down
GSE39645,RESP18,-0.412806,1.7E-05,6.89E-05,-4.850932,Down
GSE39645,ZC2HC1A,0.997452,1.71E-05,6.9E-05,4.850022,Up
GSE39645,CASC4,0.613716,1.71E-05,6.9E-05,4.850018,Up
GSE39645,CT55,-0.580416,1.71E-05,6.91E-05,-4.849799,Down
GSE39645,HSDL1,0.476988,1.71E-05,6.92E-05,4.849221,Up
GSE39645,ALAS2,-1.133295,1.72E-05,6.93E-05,-4.848353,Down
GSE39645,HOXD3,-0.56304,1.72E-05,6.93E-05,-4.848323,Down
GSE39645,SLC34A1,-0.560149,1.72E-05,6.93E-05,-4.84831,Down
GSE39645,CTNNBL1,0.394743,1.72E-05,6.94E-05,4.848143,Up
GSE39645,SCD,1.467738,1.72E-05,6.94E-05,4.847956,Up
GSE39645,CHAT,-0.510485,1.72E-05,6.94E-05,-4.847641,Down
GSE39645,PVALB,-1.02471,1.72E-05,6.94E-05,-4.847615,Down
GSE39645,SPTSSA,0.786503,1.72E-05,6.94E-05,4.847521,Up
GSE39645,PNPLA1,-0.486519,1.72E-05,6.95E-05,-4.847011,Down
GSE39645,VPS13B,0.739776,1.72E-05,6.95E-05,4.846948,Up
GSE39645,KRAS,0.728196,1.73E-05,6.96E-05,4.84682,Up
GSE39645,AP3M1,0.645196,1.73E-05,6.96E-05,4.846656,Up
GSE39645,DAW1,-0.578033,1.73E-05,6.96E-05,-4.846606,Down
GSE39645,NDUFAF3,0.41832,1.73E-05,6.97E-05,4.846065,Up
GSE39645,MAGEA6///MAGEA3,-0.51131,1.74E-05,7E-05,-4.84469,Down
GSE39645,GPR149,-0.760967,1.74E-05,7.01E-05,-4.844237,Down
GSE39645,METTL3///METTL3,0.724095,1.74E-05,7.02E-05,4.843584,Up
GSE39645,CST4,-0.555924,1.75E-05,7.03E-05,-4.842823,Down
GSE39645,FUT9,-0.597781,1.75E-05,7.04E-05,-4.842741,Down
GSE39645,VPS29,0.613982,1.75E-05,7.04E-05,4.842634,Up
GSE39645,BMP5///BMP5,-0.803558,1.75E-05,7.04E-05,-4.842488,Down
GSE39645,LCN2,-0.646115,1.75E-05,7.04E-05,-4.842452,Down
GSE39645,PRKCG,-0.51184,1.75E-05,7.04E-05,-4.842065,Down
GSE39645,ELAVL3,-0.923129,1.75E-05,7.05E-05,-4.841892,Down
GSE39645,CA14,-0.752753,1.75E-05,7.05E-05,-4.841851,Down
GSE39645,LCE2A,-0.642795,1.75E-05,7.05E-05,-4.841648,Down
GSE39645,TSPOAP1,-0.418583,1.76E-05,7.06E-05,-4.841165,Down
GSE39645,MTDH,0.570287,1.76E-05,7.08E-05,4.840269,Up
GSE39645,KLHL30,-0.469428,1.77E-05,7.11E-05,-4.838853,Down
GSE39645,MRPS31,0.800212,1.77E-05,7.11E-05,4.838492,Up
GSE39645,MMP23A///MMP23B,-0.36944,1.77E-05,7.12E-05,-4.838362,Down
GSE39645,RSPH6A,-0.472708,1.77E-05,7.12E-05,-4.838289,Down
GSE39645,AIFM2,0.488275,1.78E-05,7.13E-05,4.837712,Up
GSE39645,SLC28A1,-0.406099,1.78E-05,7.13E-05,-4.837665,Down
GSE39645,CYP2W1,-0.431573,1.78E-05,7.13E-05,-4.837627,Down
GSE39645,CBFA2T3,-0.387451,1.79E-05,7.15E-05,-4.836344,Down
GSE39645,C11orf54,0.762518,1.79E-05,7.16E-05,4.836109,Up
GSE39645,TPH2,-0.62465,1.79E-05,7.16E-05,-4.836069,Down
GSE39645,REC114,-0.480723,1.79E-05,7.17E-05,-4.8353,Down
GSE39645,BCS1L,0.617108,1.79E-05,7.19E-05,4.834724,Up
GSE39645,RBM22,0.768175,1.8E-05,7.19E-05,4.83447,Up
GSE39645,GRIP1,-0.609067,1.8E-05,7.19E-05,-4.834439,Down
GSE39645,GALNT14,-0.436534,1.81E-05,7.24E-05,-4.832289,Down
GSE39645,ARL13B,0.848742,1.81E-05,7.26E-05,4.831419,Up
GSE39645,PHKA1,-0.95218,1.82E-05,7.26E-05,-4.831098,Down
GSE39645,PRSS53,-0.417362,1.82E-05,7.26E-05,-4.831098,Down
GSE39645,NDRG2,1.125595,1.82E-05,7.27E-05,4.830438,Up
GSE39645,ANKRD7,-0.394338,1.83E-05,7.32E-05,-4.828469,Down
GSE39645,ZNF32,0.671557,1.83E-05,7.32E-05,4.828337,Up
GSE39645,GCNT4,-0.606783,1.83E-05,7.33E-05,-4.828005,Down
GSE39645,HCST,0.690314,1.84E-05,7.34E-05,4.827473,Up
GSE39645,BPNT1,0.692975,1.84E-05,7.34E-05,4.827371,Up
GSE39645,PCDH15,0.933767,1.84E-05,7.34E-05,4.827256,Up
GSE39645,FADS1,1.029578,1.84E-05,7.34E-05,4.827088,Up
GSE39645,CRHR2,-0.474494,1.85E-05,7.37E-05,-4.825666,Down
GSE39645,SSNA1,0.609876,1.85E-05,7.38E-05,4.825292,Up
GSE39645,ZC3HAV1,0.499101,1.85E-05,7.38E-05,4.82524,Up
GSE39645,STAG1,0.728661,1.85E-05,7.38E-05,4.825239,Up
GSE39645,CSDE1,0.364327,1.85E-05,7.38E-05,4.824915,Up
GSE39645,EEF1A2,-0.401746,1.85E-05,7.39E-05,-4.824672,Down
GSE39645,ADGRG2,-0.722875,1.86E-05,7.41E-05,-4.823721,Down
GSE39645,NDRG1,0.718859,1.86E-05,7.42E-05,4.823332,Up
GSE39645,DNPH1,0.554284,1.86E-05,7.42E-05,4.823271,Up
GSE39645,SCN3A,-0.559397,1.86E-05,7.42E-05,-4.822893,Down
GSE39645,PLEKHA3,0.750772,1.87E-05,7.43E-05,4.822757,Up
GSE39645,SENP2,0.843831,1.87E-05,7.43E-05,4.822671,Up
GSE39645,DISP3,-0.479568,1.87E-05,7.43E-05,-4.822572,Down
GSE39645,TBX5,-0.406418,1.87E-05,7.44E-05,-4.822157,Down
GSE39645,HES2,-0.432918,1.87E-05,7.44E-05,-4.821985,Down
GSE39645,GPX7,0.749466,1.87E-05,7.45E-05,4.821478,Up
GSE39645,SMARCD3,0.412438,1.87E-05,7.45E-05,4.821328,Up
GSE39645,GLIS1,-0.460352,1.87E-05,7.45E-05,-4.821241,Down
GSE39645,HIC1,-0.371477,1.88E-05,7.45E-05,-4.821015,Down
GSE39645,PRODH2,-0.35372,1.88E-05,7.45E-05,-4.821008,Down
GSE39645,MAPK7,0.706695,1.88E-05,7.45E-05,4.820867,Up
GSE39645,OLFML1,-1.437903,1.88E-05,7.45E-05,-4.820852,Down
GSE39645,RNF135,0.394967,1.88E-05,7.46E-05,4.820585,Up
GSE39645,C10orf91,-0.49657,1.88E-05,7.46E-05,-4.820404,Down
GSE39645,CFD,-1.188011,1.88E-05,7.47E-05,-4.81993,Down
GSE39645,DIABLO,0.675909,1.88E-05,7.47E-05,4.819853,Up
GSE39645,POLH,0.668679,1.88E-05,7.47E-05,4.819741,Up
GSE39645,SIGLEC15,-0.428488,1.88E-05,7.47E-05,-4.819575,Down
GSE39645,FAM212A,0.616161,1.89E-05,7.48E-05,4.819382,Up
GSE39645,AMBP,-0.690802,1.89E-05,7.48E-05,-4.819084,Down
GSE39645,PPA2///PPA2,0.655036,1.89E-05,7.48E-05,4.819081,Up
GSE39645,SLC5A10,-0.486518,1.89E-05,7.48E-05,-4.819046,Down
GSE39645,NEK2,-0.789434,1.89E-05,7.5E-05,-4.818205,Down
GSE39645,SPATA8,-0.43977,1.89E-05,7.5E-05,-4.817882,Down
GSE39645,SLC25A40,0.852305,1.89E-05,7.5E-05,4.817854,Up
GSE39645,BORCS7-ASMT///BORCS7,1.014568,1.9E-05,7.51E-05,4.817576,Up
GSE39645,TRPM2,0.746375,1.9E-05,7.51E-05,4.817405,Up
GSE39645,DYNLRB1,0.337807,1.9E-05,7.52E-05,4.816903,Up
GSE39645,CFLAR,0.62792,1.9E-05,7.52E-05,4.816882,Up
GSE39645,MAGEC2,-0.612564,1.9E-05,7.53E-05,-4.816442,Down
GSE39645,RECQL,0.990108,1.91E-05,7.54E-05,4.815954,Up
GSE39645,FTH1,0.420472,1.91E-05,7.55E-05,4.815445,Up
GSE39645,CPNE9,-0.452773,1.91E-05,7.55E-05,-4.815225,Down
GSE39645,AASDHPPT,0.590993,1.91E-05,7.55E-05,4.815187,Up
GSE39645,SASH3,0.690574,1.91E-05,7.55E-05,4.815179,Up
GSE39645,TANGO6,0.401609,1.92E-05,7.57E-05,4.814575,Up
GSE39645,FBXO39,-0.790162,1.92E-05,7.57E-05,-4.814332,Down
GSE39645,OMG,-0.488244,1.92E-05,7.57E-05,-4.814267,Down
GSE39645,NCR3,-0.567134,1.92E-05,7.57E-05,-4.814015,Down
GSE39645,PAPOLG,1.027869,1.92E-05,7.58E-05,4.81384,Up
GSE39645,ELMOD2,0.684494,1.92E-05,7.58E-05,4.813801,Up
GSE39645,PSMD10,1.053025,1.92E-05,7.58E-05,4.813711,Up
GSE39645,MRPS23,0.872609,1.92E-05,7.59E-05,4.81326,Up
GSE39645,MYH11,-1.227756,1.93E-05,7.59E-05,-4.812945,Down
GSE39645,ZBTB33,0.737507,1.93E-05,7.61E-05,4.812163,Up
GSE39645,NUDT5,1.032474,1.93E-05,7.62E-05,4.81148,Up
GSE39645,PGRMC2,0.380164,1.94E-05,7.63E-05,4.811202,Up
GSE39645,ACTL9,-0.590114,1.94E-05,7.63E-05,-4.811177,Down
GSE39645,POLR2G,0.660031,1.94E-05,7.63E-05,4.811058,Up
GSE39645,BARX2,-0.485716,1.94E-05,7.63E-05,-4.811036,Down
GSE39645,C19orf70,0.487308,1.94E-05,7.64E-05,4.810321,Up
GSE39645,SPATA4,-0.39259,1.95E-05,7.67E-05,-4.809369,Down
GSE39645,UPP2,-0.568259,1.95E-05,7.67E-05,-4.809011,Down
GSE39645,ACOX2,0.690803,1.95E-05,7.68E-05,4.808796,Up
GSE39645,SSBP2,0.689644,1.95E-05,7.69E-05,4.808339,Up
GSE39645,PSMC2,0.708207,1.96E-05,7.69E-05,4.807956,Up
GSE39645,PRMT8,-0.396976,1.96E-05,7.69E-05,-4.807947,Down
GSE39645,HBM,-0.503698,1.96E-05,7.69E-05,-4.807875,Down
GSE39645,POU2F1,0.523517,1.96E-05,7.7E-05,4.807679,Up
GSE39645,MYO3A,-0.401997,1.96E-05,7.7E-05,-4.807358,Down
GSE39645,C1orf186,-0.662861,1.96E-05,7.7E-05,-4.807291,Down
GSE39645,CRH,-0.380528,1.96E-05,7.71E-05,-4.80691,Down
GSE39645,RGL4,-0.446185,1.96E-05,7.71E-05,-4.806886,Down
GSE39645,GPX1,0.396319,1.96E-05,7.71E-05,4.806618,Up
GSE39645,LNX1,-0.52007,1.97E-05,7.72E-05,-4.806427,Down
GSE39645,FAM155B,-0.444881,1.97E-05,7.73E-05,-4.805987,Down
GSE39645,HCRTR2,-0.517083,1.97E-05,7.74E-05,-4.805464,Down
GSE39645,FUCA2,0.810358,1.97E-05,7.74E-05,4.805107,Up
GSE39645,DMAP1,0.401674,1.98E-05,7.75E-05,4.804881,Up
GSE39645,UBR3,0.927334,1.98E-05,7.75E-05,4.804819,Up
GSE39645,LCE1A,-0.487829,1.98E-05,7.76E-05,-4.804108,Down
GSE39645,DUSP13,-0.391455,1.98E-05,7.77E-05,-4.803972,Down
GSE39645,WNT10B,-0.479538,1.98E-05,7.77E-05,-4.803879,Down
GSE39645,OPA1,0.715769,1.98E-05,7.77E-05,4.80363,Up
GSE39645,ALG6,0.800884,1.99E-05,7.79E-05,4.802929,Up
GSE39645,DRGX,-0.551226,1.99E-05,7.8E-05,-4.802458,Down
GSE39645,PIK3C2G,-0.500682,2E-05,7.83E-05,-4.801038,Down
GSE39645,VSIG2,-0.454938,2E-05,7.83E-05,-4.800851,Down
GSE39645,NCCRP1,-0.38745,2E-05,7.84E-05,-4.800508,Down
GSE39645,TMX4,0.564971,2.01E-05,7.85E-05,4.799902,Up
GSE39645,USP4,0.656199,2.01E-05,7.85E-05,4.799833,Up
GSE39645,SYF2,0.68753,2.01E-05,7.86E-05,4.799676,Up
GSE39645,HSD11B2,-0.6045,2.01E-05,7.86E-05,-4.799591,Down
GSE39645,MMD,0.612881,2.01E-05,7.86E-05,4.799252,Up
GSE39645,MESP2,-0.398983,2.01E-05,7.87E-05,-4.79907,Down
GSE39645,ATXN2,0.662272,2.02E-05,7.88E-05,4.798379,Up
GSE39645,NDUFS4,0.854498,2.03E-05,7.92E-05,4.796945,Up
GSE39645,OVCH1,-0.696009,2.03E-05,7.92E-05,-4.796832,Down
GSE39645,TFDP2,0.829151,2.03E-05,7.92E-05,4.796756,Up
GSE39645,DGKB,-0.906297,2.03E-05,7.93E-05,-4.796408,Down
GSE39645,CACNA1S,-0.379017,2.03E-05,7.93E-05,-4.796372,Down
GSE39645,HSD17B6,-0.644036,2.03E-05,7.93E-05,-4.796149,Down
GSE39645,LDLRAD1,-0.46049,2.03E-05,7.94E-05,-4.795791,Down
GSE39645,ADGRF2,-0.568242,2.04E-05,7.94E-05,-4.795506,Down
GSE39645,WDR49,-1.10266,2.04E-05,7.95E-05,-4.795257,Down
GSE39645,PTPN20,-0.543218,2.04E-05,7.95E-05,-4.795164,Down
GSE39645,DLEC1,-0.400159,2.04E-05,7.95E-05,-4.79506,Down
GSE39645,FAM83C,-0.514257,2.04E-05,7.95E-05,-4.79492,Down
GSE39645,ZCCHC16,-0.68862,2.04E-05,7.96E-05,-4.79452,Down
GSE39645,IST1,0.563581,2.04E-05,7.96E-05,4.794246,Up
GSE39645,NFU1,0.845086,2.05E-05,7.97E-05,4.793968,Up
GSE39645,SLC35G4///SLC35G6///SLC35G3///SLC35G5,-0.634447,2.05E-05,7.97E-05,-4.793816,Down
GSE39645,DGAT2L6,-0.816349,2.06E-05,8E-05,-4.792483,Down
GSE39645,AIRE,-0.453648,2.06E-05,8.01E-05,-4.792315,Down
GSE39645,PITPNM3,-0.337646,2.06E-05,8.01E-05,-4.79193,Down
GSE39645,SEZ6,-0.443057,2.06E-05,8.01E-05,-4.791911,Down
GSE39645,OLAH,-0.785235,2.06E-05,8.01E-05,-4.791823,Down
GSE39645,SVOP,-0.811876,2.06E-05,8.01E-05,-4.791815,Down
GSE39645,PPP1R17,-0.509052,2.06E-05,8.01E-05,-4.79172,Down
GSE39645,SUPT4H1,0.483184,2.06E-05,8.02E-05,4.79157,Up
GSE39645,SCN1A,-0.60093,2.06E-05,8.02E-05,-4.791404,Down
GSE39645,DACH2,-0.470016,2.07E-05,8.04E-05,-4.790405,Down
GSE39645,ZNF440,0.474663,2.07E-05,8.04E-05,4.790332,Up
GSE39645,PTH2,-0.426545,2.07E-05,8.04E-05,-4.790144,Down
GSE39645,FAAH2,-0.578571,2.07E-05,8.05E-05,-4.789951,Down
GSE39645,FOXR2,-0.587944,2.07E-05,8.05E-05,-4.789877,Down
GSE39645,SLC9A2,-0.5188,2.08E-05,8.06E-05,-4.789474,Down
GSE39645,ZMAT4,-0.478018,2.08E-05,8.07E-05,-4.789041,Down
GSE39645,PSMD1,0.99158,2.08E-05,8.07E-05,4.788974,Up
GSE39645,SPINK6,-0.56388,2.08E-05,8.07E-05,-4.788735,Down
GSE39645,SGK1,0.880276,2.08E-05,8.07E-05,4.788513,Up
GSE39645,NAPA,0.73227,2.08E-05,8.08E-05,4.788278,Up
GSE39645,RBM23,0.512297,2.09E-05,8.08E-05,4.788013,Up
GSE39645,DDOST,0.590976,2.09E-05,8.1E-05,4.787227,Up
GSE39645,GRIK4,-0.519144,2.09E-05,8.1E-05,-4.787151,Down
GSE39645,ZFYVE21///ZFYVE21,0.610733,2.09E-05,8.11E-05,4.786753,Up
GSE39645,ATP13A1,0.505045,2.1E-05,8.13E-05,4.786145,Up
GSE39645,PPP4R2,0.60098,2.1E-05,8.13E-05,4.786085,Up
GSE39645,LTN1,0.682591,2.1E-05,8.13E-05,4.78585,Up
GSE39645,C8G,-0.488786,2.11E-05,8.15E-05,-4.785056,Down
GSE39645,ZDHHC2,0.928761,2.11E-05,8.15E-05,4.784965,Up
GSE39645,LOC100288869,-0.56315,2.11E-05,8.16E-05,-4.784505,Down
GSE39645,CHD8,0.650326,2.12E-05,8.18E-05,4.78374,Up
GSE39645,SLC5A12,-0.829187,2.12E-05,8.19E-05,-4.783236,Down
GSE39645,S100A7L2,-0.462061,2.12E-05,8.19E-05,-4.783076,Down
GSE39645,SLC35F4,-0.441898,2.12E-05,8.19E-05,-4.783052,Down
GSE39645,PAQR8,0.569998,2.12E-05,8.19E-05,4.782935,Up
GSE39645,IL17C,-0.472129,2.12E-05,8.19E-05,-4.782824,Down
GSE39645,MAGEA9B///MAGEA9,-0.628816,2.12E-05,8.19E-05,-4.782691,Down
GSE39645,TANGO2,0.542708,2.12E-05,8.19E-05,4.782642,Up
GSE39645,CNTNAP5,-0.756505,2.13E-05,8.21E-05,-4.782019,Down
GSE39645,ZNF322,0.799752,2.13E-05,8.21E-05,4.781926,Up
GSE39645,SNURF///SNRPN,0.779536,2.13E-05,8.22E-05,4.781607,Up
GSE39645,GPRC6A,-0.636748,2.13E-05,8.22E-05,-4.781414,Down
GSE39645,BRWD1,0.651469,2.14E-05,8.24E-05,4.780701,Up
GSE39645,PSMG2,0.706592,2.14E-05,8.24E-05,4.78046,Up
GSE39645,ZNF80,-0.560151,2.14E-05,8.26E-05,-4.77979,Down
GSE39645,CMC1,0.661485,2.15E-05,8.27E-05,4.779201,Up
GSE39645,SFXN5,0.790301,2.15E-05,8.27E-05,4.779024,Up
GSE39645,PCYOX1L,0.370143,2.15E-05,8.28E-05,4.778771,Up
GSE39645,QPCTL,-0.354948,2.15E-05,8.28E-05,-4.778764,Down
GSE39645,CEP95,0.600707,2.15E-05,8.28E-05,4.778571,Up
GSE39645,PLA2G4E,-0.447445,2.15E-05,8.29E-05,-4.778151,Down
GSE39645,PSMA3,0.997836,2.15E-05,8.29E-05,4.778135,Up
GSE39645,FBXW9,-0.325211,2.16E-05,8.3E-05,-4.777774,Down
GSE39645,LOC646358///DNAJB14,0.753637,2.16E-05,8.3E-05,4.777652,Up
GSE39645,PLOD1,0.754298,2.16E-05,8.32E-05,4.776672,Up
GSE39645,CCDC186,0.818697,2.16E-05,8.32E-05,4.776671,Up
GSE39645,NEGR1,1.177171,2.17E-05,8.33E-05,4.776171,Up
GSE39645,GMPR,-0.89772,2.17E-05,8.35E-05,-4.775413,Down
GSE39645,ADRA2C,-0.47321,2.18E-05,8.36E-05,-4.775076,Down
GSE39645,PDLIM1,-1.199231,2.18E-05,8.36E-05,-4.774791,Down
GSE39645,TTLL9,-0.565007,2.18E-05,8.37E-05,-4.774654,Down
GSE39645,OTUD7B,0.992095,2.18E-05,8.37E-05,4.774397,Up
GSE39645,ACBD4,0.388496,2.19E-05,8.39E-05,4.773469,Up
GSE39645,DYNC1LI1,0.668119,2.19E-05,8.39E-05,4.773467,Up
GSE39645,ZNF555,0.629116,2.19E-05,8.4E-05,4.773004,Up
GSE39645,PGPEP1L,-0.43328,2.2E-05,8.42E-05,-4.77226,Down
GSE39645,MPHOSPH8,0.635772,2.2E-05,8.44E-05,4.771535,Up
GSE39645,KRT5,-0.678612,2.2E-05,8.44E-05,-4.771465,Down
GSE39645,CHODL,-0.498775,2.2E-05,8.45E-05,-4.770983,Down
GSE39645,ICAM4,-0.608125,2.21E-05,8.48E-05,-4.769701,Down
GSE39645,CHTF18,-0.325336,2.21E-05,8.49E-05,-4.769539,Down
GSE39645,SLC41A3,0.468412,2.21E-05,8.49E-05,4.769527,Up
GSE39645,DPYSL5,-0.847094,2.22E-05,8.49E-05,-4.769166,Down
GSE39645,DNAJC3,0.729113,2.22E-05,8.49E-05,4.76916,Up
GSE39645,CADPS2,-0.694688,2.22E-05,8.49E-05,-4.769111,Down
GSE39645,RNF212,-0.412284,2.22E-05,8.5E-05,-4.768858,Down
GSE39645,ISX,-0.552895,2.22E-05,8.51E-05,-4.768433,Down
GSE39645,CD99L2,0.568803,2.23E-05,8.54E-05,4.767269,Up
GSE39645,STAB1,1.093264,2.23E-05,8.54E-05,4.767243,Up
GSE39645,KIF2B,-0.501192,2.23E-05,8.54E-05,-4.767002,Down
GSE39645,KLHDC1,1.019556,2.23E-05,8.55E-05,4.766737,Up
GSE39645,HTR5A,-0.483909,2.24E-05,8.56E-05,-4.766191,Down
GSE39645,TBC1D17,0.503388,2.24E-05,8.56E-05,4.765943,Up
GSE39645,FANCD2OS,-0.38269,2.24E-05,8.57E-05,-4.76568,Down
GSE39645,CCDC68,-0.462367,2.25E-05,8.58E-05,-4.765182,Down
GSE39645,ITGA4,0.853557,2.25E-05,8.58E-05,4.764895,Up
GSE39645,PIN1,0.341998,2.25E-05,8.58E-05,4.764865,Up
GSE39645,PIWIL1,-0.508879,2.25E-05,8.58E-05,-4.764855,Down
GSE39645,IFT74,0.849518,2.25E-05,8.59E-05,4.764638,Up
GSE39645,UNKL,-0.343104,2.25E-05,8.59E-05,-4.764601,Down
GSE39645,PHF3,0.744859,2.25E-05,8.59E-05,4.764326,Up
GSE39645,PHB,0.564,2.25E-05,8.59E-05,4.764246,Up
GSE39645,PYCR2,0.557082,2.26E-05,8.61E-05,4.763442,Up
GSE39645,USP47,0.846525,2.26E-05,8.62E-05,4.763292,Up
GSE39645,SLCO1B3,-0.361471,2.26E-05,8.62E-05,-4.763172,Down
GSE39645,CCNG1,1.064887,2.27E-05,8.64E-05,4.762381,Up
GSE39645,LRGUK,-0.331714,2.27E-05,8.64E-05,-4.762098,Down
GSE39645,GDAP1L1,-0.648866,2.27E-05,8.65E-05,-4.761866,Down
GSE39645,GATAD1,0.373257,2.28E-05,8.69E-05,4.760399,Up
GSE39645,SLC13A5,-0.638415,2.29E-05,8.71E-05,-4.759676,Down
GSE39645,GIPR,-0.49538,2.29E-05,8.71E-05,-4.759409,Down
GSE39645,TSLP,-0.400048,2.29E-05,8.72E-05,-4.759104,Down
GSE39645,TNIP3,-0.508707,2.29E-05,8.73E-05,-4.758599,Down
GSE39645,HRNR///RPTN,-0.551476,2.3E-05,8.74E-05,-4.75815,Down
GSE39645,WDR91,0.609592,2.3E-05,8.75E-05,4.757802,Up
GSE39645,SNW1,0.758962,2.3E-05,8.75E-05,4.757635,Up
GSE39645,SLIT3,-1.079522,2.3E-05,8.76E-05,-4.757444,Down
GSE39645,ADRB1,-0.382536,2.3E-05,8.76E-05,-4.757212,Down
GSE39645,ZNF84,0.561021,2.31E-05,8.76E-05,4.757084,Up
GSE39645,KRTAP13-3,-0.55736,2.31E-05,8.77E-05,-4.756839,Down
GSE39645,SULT1C2,-0.660433,2.31E-05,8.77E-05,-4.756652,Down
GSE39645,PRDM16,0.734989,2.31E-05,8.77E-05,4.756638,Up
GSE39645,CCDC70,-0.436412,2.32E-05,8.79E-05,-4.755703,Down
GSE39645,COPZ2,0.564289,2.32E-05,8.8E-05,4.755488,Up
GSE39645,SEP15,0.422066,2.32E-05,8.81E-05,4.75514,Up
GSE39645,ZNF512,0.713071,2.33E-05,8.83E-05,4.75438,Up
GSE39645,MECOM,-0.557045,2.33E-05,8.83E-05,-4.754234,Down
GSE39645,MAP3K3,0.548242,2.33E-05,8.83E-05,4.754137,Up
GSE39645,KCNV1,-0.523046,2.33E-05,8.84E-05,-4.753807,Down
GSE39645,PACS2,0.866697,2.33E-05,8.84E-05,4.753541,Up
GSE39645,TRIML1,-0.344454,2.33E-05,8.85E-05,-4.753295,Down
GSE39645,FAM163A,-0.344161,2.33E-05,8.85E-05,-4.753193,Down
GSE39645,ACBD6,0.818408,2.34E-05,8.86E-05,4.752727,Up
GSE39645,SLC8A2,-0.377801,2.34E-05,8.86E-05,-4.752682,Down
GSE39645,ATP1B4,-0.663515,2.34E-05,8.86E-05,-4.752672,Down
GSE39645,TTBK2,0.429931,2.34E-05,8.87E-05,4.752071,Up
GSE39645,GGA2,0.678333,2.34E-05,8.87E-05,4.751915,Up
GSE39645,GLCCI1,0.50452,2.35E-05,8.89E-05,4.751227,Up
GSE39645,UTP18,0.549065,2.35E-05,8.89E-05,4.751184,Up
GSE39645,VAMP2,0.638497,2.36E-05,8.92E-05,4.749987,Up
GSE39645,SLC12A3,-0.499423,2.36E-05,8.93E-05,-4.74973,Down
GSE39645,PRRC2B,0.794538,2.36E-05,8.94E-05,4.749403,Up
GSE39645,HRCT1,-0.498254,2.37E-05,8.96E-05,-4.74867,Down
GSE39645,GIPC2,-0.541306,2.37E-05,8.96E-05,-4.748442,Down
GSE39645,KRTAP4-7///KRTAP4-9///KRTAP4-8///KRTAP4-11///KRTAP4-2///KRTAP4-5///KRTAP4-4///KRTAP4-12///KRTAP4-6///KRTAP4-7,-0.563874,2.37E-05,8.98E-05,-4.74783,Down
GSE39645,TMEM8C,-0.421644,2.38E-05,8.98E-05,-4.747534,Down
GSE39645,ATP6V0E1,0.376296,2.38E-05,8.98E-05,4.747264,Up
GSE39645,NUP210,0.649708,2.38E-05,8.98E-05,4.747236,Up
GSE39645,SEMA5B,-0.376314,2.38E-05,8.98E-05,-4.747205,Down
GSE39645,SMARCAD1,0.993267,2.38E-05,8.98E-05,4.747155,Up
GSE39645,PHC3,0.740269,2.38E-05,8.98E-05,4.747135,Up
GSE39645,COQ10A,0.457077,2.38E-05,8.99E-05,4.747033,Up
GSE39645,SCAP,0.443871,2.38E-05,9E-05,4.746546,Up
GSE39645,1,0.900145,2.39E-05,9E-05,4.746295,Up
GSE39645,MATN2,1.135603,2.39E-05,9E-05,4.746203,Up
GSE39645,DYRK3,-0.583556,2.39E-05,9E-05,-4.746148,Down
GSE39645,LGALS1,0.455803,2.39E-05,9.02E-05,4.745636,Up
GSE39645,CNIH2,-0.33247,2.4E-05,9.03E-05,-4.745045,Down
GSE39645,SLC39A4,-0.363252,2.4E-05,9.03E-05,-4.744992,Down
GSE39645,ST8SIA1,-1.447845,2.4E-05,9.05E-05,-4.744138,Down
GSE39645,ATRN,0.532586,2.4E-05,9.06E-05,4.744045,Up
GSE39645,STOX1,-0.838129,2.41E-05,9.06E-05,-4.743888,Down
GSE39645,LRRC52,-0.664052,2.41E-05,9.07E-05,-4.743557,Down
GSE39645,TRMT2B,0.48322,2.41E-05,9.08E-05,4.743159,Up
GSE39645,KCNK9,-0.407539,2.42E-05,9.1E-05,-4.742286,Down
GSE39645,GPR35,-0.429301,2.42E-05,9.1E-05,-4.742222,Down
GSE39645,CDK5RAP3,0.454916,2.42E-05,9.11E-05,4.741634,Up
GSE39645,TMC2,-0.521401,2.43E-05,9.12E-05,-4.741248,Down
GSE39645,SLC43A2,0.661925,2.43E-05,9.12E-05,4.741245,Up
GSE39645,IQGAP2,1.061046,2.43E-05,9.13E-05,4.740956,Up
GSE39645,CRAT,0.39392,2.43E-05,9.13E-05,4.740722,Up
GSE39645,ZFAND2A,0.761555,2.43E-05,9.13E-05,4.740618,Up
GSE39645,GAGE10///GAGE12D///GAGE8///GAGE12F///GAGE2A///GAGE12H///GAGE12E///GAGE12B///GAGE12C///GAGE2D///GAGE12J///GAGE12G///GAGE13///GAGE2B///GAGE2E///GAGE12I///GAGE7///GAGE6///GAGE5///GAGE4///GAGE3///GAGE2C///GAGE1,-1.136348,2.43E-05,9.13E-05,-4.74055,Down
GSE39645,GAGE10///GAGE12D///GAGE8///GAGE12F///GAGE2A///GAGE12H///GAGE12E///GAGE12B///GAGE12C///GAGE2D///GAGE12J///GAGE12G///GAGE13///GAGE2B///GAGE2E///GAGE12I///GAGE7///GAGE6///GAGE5///GAGE4///GAGE3///GAGE2C///GAGE1,-1.136348,2.43E-05,9.13E-05,-4.74055,Down
GSE39645,ITGB3,-0.823462,2.43E-05,9.14E-05,-4.740237,Down
GSE39645,ZMYND11,0.635169,2.43E-05,9.14E-05,4.740118,Up
GSE39645,VAV2,0.70394,2.44E-05,9.14E-05,4.74001,Up
GSE39645,SPEF1,-0.465642,2.45E-05,9.18E-05,-4.738709,Down
GSE39645,LRPAP1,0.643574,2.45E-05,9.18E-05,4.738634,Up
GSE39645,DIO3,-0.492125,2.45E-05,9.19E-05,-4.738201,Down
GSE39645,CEACAM16,-0.434212,2.45E-05,9.19E-05,-4.738172,Down
GSE39645,PRSS33,-0.535449,2.46E-05,9.23E-05,-4.736811,Down
GSE39645,GTSF1,0.873591,2.46E-05,9.23E-05,4.736592,Up
GSE39645,DCST1,-0.431282,2.46E-05,9.24E-05,-4.73631,Down
GSE39645,GAST,-0.534557,2.47E-05,9.25E-05,-4.735855,Down
GSE39645,AP1M2,-0.492948,2.47E-05,9.25E-05,-4.735791,Down
GSE39645,MRGPRE,-0.436753,2.48E-05,9.27E-05,-4.73493,Down
GSE39645,MYOG,-0.460152,2.48E-05,9.29E-05,-4.734241,Down
GSE39645,MTCH2,0.795939,2.48E-05,9.29E-05,4.7342,Up
GSE39645,RAB21,0.799242,2.48E-05,9.3E-05,4.733908,Up
GSE39645,ZNF76,0.399456,2.48E-05,9.3E-05,4.73383,Up
GSE39645,STAP2,-0.547966,2.49E-05,9.3E-05,-4.733631,Down
GSE39645,KPNA7,-0.67025,2.49E-05,9.31E-05,-4.733303,Down
GSE39645,SCNN1G,-0.612286,2.49E-05,9.31E-05,-4.733209,Down
GSE39645,CSF2,-0.324164,2.5E-05,9.33E-05,-4.73237,Down
GSE39645,RAB2A,0.750484,2.5E-05,9.33E-05,4.732347,Up
GSE39645,FRMD6,1.040152,2.5E-05,9.34E-05,4.732131,Up
GSE39645,PTGER1,-0.395264,2.5E-05,9.34E-05,-4.731988,Down
GSE39645,ALDH1L2,0.682532,2.5E-05,9.35E-05,4.73172,Up
GSE39645,ZSCAN16,0.466118,2.5E-05,9.35E-05,4.731382,Up
GSE39645,OVOL2,-0.388065,2.51E-05,9.36E-05,-4.731229,Down
GSE39645,SUGP1,0.302927,2.51E-05,9.37E-05,4.730717,Up
GSE39645,FAM227A,-0.644972,2.51E-05,9.38E-05,-4.73046,Down
GSE39645,KCNH3,-0.477557,2.51E-05,9.38E-05,-4.730297,Down
GSE39645,SERPINE2,1.105694,2.51E-05,9.38E-05,4.730205,Up
GSE39645,RNASEL,0.560185,2.51E-05,9.38E-05,4.730088,Up
GSE39645,MAGEA11,-0.670682,2.52E-05,9.38E-05,-4.729957,Down
GSE39645,KRT80,-0.448963,2.52E-05,9.4E-05,-4.729437,Down
GSE39645,TNFSF13B,0.979361,2.53E-05,9.42E-05,4.728644,Up
GSE39645,KIAA1109,0.835915,2.53E-05,9.42E-05,4.728358,Up
GSE39645,MUT,0.709969,2.53E-05,9.42E-05,4.728247,Up
GSE39645,GABRP,-0.586602,2.53E-05,9.42E-05,-4.728234,Down
GSE39645,ATG9B,-0.403875,2.53E-05,9.43E-05,-4.728093,Down
GSE39645,USHBP1,-0.482452,2.53E-05,9.43E-05,-4.727876,Down
GSE39645,ITPR1,0.575861,2.53E-05,9.43E-05,4.727745,Up
GSE39645,AHSG,-0.428314,2.53E-05,9.43E-05,-4.727715,Down
GSE39645,UROS,0.59654,2.54E-05,9.44E-05,4.727272,Up
GSE39645,SKA2,1.098608,2.54E-05,9.45E-05,4.726896,Up
GSE39645,ATP2A3,-0.600399,2.54E-05,9.46E-05,-4.726738,Down
GSE39645,SELV,-0.442549,2.54E-05,9.46E-05,-4.726677,Down
GSE39645,NDP,-0.551894,2.54E-05,9.46E-05,-4.726616,Down
GSE39645,SOHLH1,-0.428367,2.55E-05,9.46E-05,-4.72626,Down
GSE39645,ETV3L,-0.461792,2.55E-05,9.46E-05,-4.726207,Down
GSE39645,HADHA,0.58965,2.55E-05,9.48E-05,4.725605,Up
GSE39645,INPP1,0.703124,2.55E-05,9.49E-05,4.725351,Up
GSE39645,CDX2,-0.473582,2.55E-05,9.49E-05,-4.725236,Down
GSE39645,KIAA1147,0.868291,2.56E-05,9.52E-05,4.724064,Up
GSE39645,SLC2A1,-1.017227,2.57E-05,9.53E-05,-4.723761,Down
GSE39645,GANAB,0.660386,2.57E-05,9.54E-05,4.723383,Up
GSE39645,KRTAP13-4,-0.571274,2.57E-05,9.54E-05,-4.723339,Down
GSE39645,COL6A3,-1.929749,2.57E-05,9.54E-05,-4.72321,Down
GSE39645,RBPMS,0.537964,2.57E-05,9.54E-05,4.723059,Up
GSE39645,PLA2G2F,-0.444603,2.57E-05,9.55E-05,-4.722903,Down
GSE39645,INSL3,-0.502272,2.57E-05,9.55E-05,-4.722689,Down
GSE39645,NDUFA13,0.451898,2.58E-05,9.57E-05,4.722046,Up
GSE39645,MRPL1,0.755677,2.58E-05,9.58E-05,4.72161,Up
GSE39645,PRSS42,-0.423656,2.58E-05,9.58E-05,-4.721495,Down
GSE39645,KTN1,0.958806,2.59E-05,9.6E-05,4.720915,Up
GSE39645,FAM167A,-0.633238,2.59E-05,9.61E-05,-4.720508,Down
GSE39645,TBCK,0.96351,2.6E-05,9.62E-05,4.720134,Up
GSE39645,C16orf70,0.501837,2.6E-05,9.62E-05,4.719973,Up
GSE39645,SNX6,0.916404,2.6E-05,9.62E-05,4.719814,Up
GSE39645,EFCAB5,-0.561854,2.6E-05,9.62E-05,-4.719678,Down
GSE39645,IGSF9,-0.425163,2.6E-05,9.63E-05,-4.719334,Down
GSE39645,PAX2,-0.410505,2.6E-05,9.63E-05,-4.719316,Down
GSE39645,LOC102724652///CRYAA,-0.472296,2.6E-05,9.63E-05,-4.719268,Down
GSE39645,BEST3,-0.519023,2.6E-05,9.63E-05,-4.719189,Down
GSE39645,MMRN1,-0.937966,2.6E-05,9.63E-05,-4.719112,Down
GSE39645,THRAP3,0.588435,2.61E-05,9.63E-05,4.718948,Up
GSE39645,BTNL2,-0.458599,2.61E-05,9.64E-05,-4.718754,Down
GSE39645,METTL13,0.608789,2.61E-05,9.64E-05,4.718695,Up
GSE39645,DENND3,0.95144,2.61E-05,9.64E-05,4.718534,Up
GSE39645,TCF25,0.653748,2.61E-05,9.64E-05,4.718387,Up
GSE39645,AGBL2,-0.437026,2.61E-05,9.65E-05,-4.718085,Down
GSE39645,PSCA,-0.406348,2.62E-05,9.66E-05,-4.717591,Down
GSE39645,STH,-0.46411,2.62E-05,9.68E-05,-4.717151,Down
GSE39645,C2orf50,-0.447009,2.63E-05,9.7E-05,-4.716375,Down
GSE39645,PIP5K1B,-0.488176,2.63E-05,9.7E-05,-4.716295,Down
GSE39645,WDR60,0.667022,2.63E-05,9.7E-05,4.716137,Up
GSE39645,CALHM3,-0.538966,2.64E-05,9.72E-05,-4.715464,Down
GSE39645,NOVA1,-0.433549,2.64E-05,9.72E-05,-4.715311,Down
GSE39645,KLHDC2,0.869817,2.64E-05,9.74E-05,4.714811,Up
GSE39645,KRT34,-0.506742,2.64E-05,9.74E-05,-4.714558,Down
GSE39645,KAT6B,0.718857,2.64E-05,9.74E-05,4.714445,Up
GSE39645,HOPX,-0.581248,2.65E-05,9.75E-05,-4.714146,Down
GSE39645,PCIF1,0.535925,2.65E-05,9.76E-05,4.713776,Up
GSE39645,SERPINB5,-0.433657,2.66E-05,9.79E-05,-4.712825,Down
GSE39645,MAP4K1,0.740764,2.66E-05,9.79E-05,4.712666,Up
GSE39645,WDR13,0.665138,2.66E-05,9.8E-05,4.712448,Up
GSE39645,FAM107A,-1.015333,2.66E-05,9.8E-05,-4.712337,Down
GSE39645,SH3PXD2A,0.811592,2.66E-05,9.8E-05,4.712269,Up
GSE39645,TRNT1,0.837394,2.67E-05,9.81E-05,4.71188,Up
GSE39645,C2orf57,-0.441707,2.67E-05,9.82E-05,-4.711447,Down
GSE39645,GPR12,-0.45742,2.67E-05,9.84E-05,-4.71086,Down
GSE39645,ATG2B,0.715884,2.68E-05,9.84E-05,4.710678,Up
GSE39645,LYPLA2,-0.347099,2.69E-05,9.87E-05,-4.709551,Down
GSE39645,RD3,-0.568827,2.69E-05,9.9E-05,-4.708734,Down
GSE39645,NEO1,-0.861672,2.7E-05,9.9E-05,-4.708506,Down
GSE39645,NR5A1,-0.463074,2.7E-05,9.9E-05,-4.708407,Down
GSE39645,ISY1-RAB43///ISY1,0.833287,2.7E-05,9.9E-05,4.70827,Up
GSE39645,KRIT1,0.686674,2.7E-05,9.9E-05,4.70822,Up
GSE39645,AIM1L,-0.498066,2.7E-05,9.9E-05,-4.708196,Down
GSE39645,CLCNKA,-0.521669,2.7E-05,9.9E-05,-4.708189,Down
GSE39645,CELA2B,-0.498572,2.7E-05,9.91E-05,-4.708029,Down
GSE39645,LRRN1,1.453386,2.7E-05,9.91E-05,4.707985,Up
GSE39645,USP43,-0.53179,2.7E-05,9.92E-05,-4.707456,Down
GSE39645,CLEC11A,-0.459407,2.71E-05,9.93E-05,-4.707072,Down
GSE39645,CLGN,-0.37263,2.71E-05,9.95E-05,-4.706291,Down
GSE39645,CNOT10,0.570331,2.71E-05,9.95E-05,4.706246,Up
GSE39645,TPSG1,-0.439091,2.72E-05,9.98E-05,-4.705476,Down
GSE39645,KIAA0141,0.458649,2.72E-05,9.98E-05,4.705177,Up
GSE39645,FGD5,-0.864487,2.73E-05,1E-04,-4.704613,Down
GSE39645,RCHY1,0.618682,2.73E-05,1E-04,4.70412,Up
GSE39645,SEPW1,0.609429,2.74E-05,1E-04,4.703875,Up
GSE39645,SNRPB2,0.885601,2.74E-05,1E-04,4.703371,Up
GSE39645,COL23A1,-0.489426,2.75E-05,0.000101,-4.702584,Down
GSE39645,DACT2,-0.365434,2.75E-05,0.000101,-4.702406,Down
GSE39645,SLC51B,-0.552492,2.75E-05,0.000101,-4.702038,Down
GSE39645,INSIG2,0.640835,2.76E-05,0.000101,4.701102,Up
GSE39645,IRX6,-0.361929,2.77E-05,0.000101,-4.70046,Down
GSE39645,AQP2,-0.474718,2.77E-05,0.000101,-4.699572,Down
GSE39645,NIPBL,0.612667,2.78E-05,0.000101,4.699302,Up
GSE39645,LDB2,-0.947013,2.78E-05,0.000102,-4.698992,Down
GSE39645,PHACTR2,-0.931491,2.78E-05,0.000102,-4.698831,Down
GSE39645,DNAH14,-0.544128,2.78E-05,0.000102,-4.698776,Down
GSE39645,FRG1,0.757568,2.78E-05,0.000102,4.698643,Up
GSE39645,ACR,-0.512587,2.78E-05,0.000102,-4.698411,Down
GSE39645,TMIGD2,-0.580017,2.78E-05,0.000102,-4.698323,Down
GSE39645,P4HA3,-0.578672,2.79E-05,0.000102,-4.698218,Down
GSE39645,SETD9,0.620477,2.79E-05,0.000102,4.697905,Up
GSE39645,HSD17B4,0.91289,2.79E-05,0.000102,4.697266,Up
GSE39645,LGI1,-1.220535,2.8E-05,0.000102,-4.697122,Down
GSE39645,DDX43,-0.383488,2.8E-05,0.000102,-4.697084,Down
GSE39645,ARHGAP39,0.643417,2.8E-05,0.000102,4.696876,Up
GSE39645,CLDN14,-0.444806,2.8E-05,0.000102,-4.696858,Down
GSE39645,DOCK8,0.850691,2.8E-05,0.000102,4.696466,Up
GSE39645,RPRM,-0.531591,2.8E-05,0.000102,-4.69625,Down
GSE39645,PEX12,0.643214,2.8E-05,0.000102,4.696167,Up
GSE39645,TAAR1,-0.596576,2.81E-05,0.000102,-4.695853,Down
GSE39645,NANOS3,-0.515542,2.81E-05,0.000102,-4.695557,Down
GSE39645,MSH5-SAPCD1///SAPCD1,-0.421127,2.81E-05,0.000102,-4.695486,Down
GSE39645,SCAMP3,0.531617,2.81E-05,0.000102,4.695379,Up
GSE39645,GCNT1,1.291296,2.81E-05,0.000102,4.695207,Up
GSE39645,CTC1,0.333304,2.82E-05,0.000103,4.694784,Up
GSE39645,KCNK7,-0.420444,2.82E-05,0.000103,-4.69453,Down
GSE39645,NDUFAF1,1.003367,2.82E-05,0.000103,4.694295,Up
GSE39645,SNAI2,-1.052248,2.83E-05,0.000103,-4.693624,Down
GSE39645,ABCA2,1.20058,2.83E-05,0.000103,4.693493,Up
GSE39645,KRTAP9-6///KRTAP9-4///KRTAP9-8///KRTAP9-3///KRTAP9-2///KRTAP9-9,-0.542826,2.83E-05,0.000103,-4.693085,Down
GSE39645,HBD,-0.756244,2.83E-05,0.000103,-4.693067,Down
GSE39645,DYNC1H1,0.764198,2.83E-05,0.000103,4.692862,Up
GSE39645,ABCG8,-0.538126,2.84E-05,0.000103,-4.692702,Down
GSE39645,USPL1,0.951108,2.84E-05,0.000103,4.692584,Up
GSE39645,IDH3A,0.673041,2.85E-05,0.000103,4.691521,Up
GSE39645,FOLR1,-0.812461,2.85E-05,0.000103,-4.691211,Down
GSE39645,KRT35,-0.494872,2.85E-05,0.000104,-4.690958,Down
GSE39645,SIRPD,-0.63685,2.85E-05,0.000104,-4.690941,Down
GSE39645,BBS10,0.886551,2.86E-05,0.000104,4.69047,Up
GSE39645,MRPL16,0.66115,2.87E-05,0.000104,4.689418,Up
GSE39645,LELP1,-0.767524,2.87E-05,0.000104,-4.689256,Down
GSE39645,LACC1,0.735173,2.87E-05,0.000104,4.688625,Up
GSE39645,RBM17,0.535676,2.87E-05,0.000104,4.688583,Up
GSE39645,TNFRSF10D,-0.712263,2.87E-05,0.000104,-4.688559,Down
GSE39645,LIN54,0.438349,2.87E-05,0.000104,4.688399,Up
GSE39645,HS3ST3B1,-0.822239,2.89E-05,0.000105,-4.687227,Down
GSE39645,ZC3H12C,0.879356,2.89E-05,0.000105,4.687227,Up
GSE39645,SEPN1,0.704482,2.89E-05,0.000105,4.686574,Up
GSE39645,LOC101929601///REXO1L2P///REXO1L1P,-0.588672,2.9E-05,0.000105,-4.685914,Down
GSE39645,SH3BGR,0.779302,2.9E-05,0.000105,4.685809,Up
GSE39645,SLC30A9,1.083811,2.9E-05,0.000105,4.685518,Up
GSE39645,IL27,-0.393429,2.9E-05,0.000105,-4.685478,Down
GSE39645,PRND,-0.47598,2.9E-05,0.000105,-4.685409,Down
GSE39645,FTCD,-0.328366,2.91E-05,0.000105,-4.685046,Down
GSE39645,KIF14,-0.779693,2.91E-05,0.000105,-4.684869,Down
GSE39645,KCNK16,-0.522862,2.91E-05,0.000105,-4.684683,Down
GSE39645,DHX38,0.568765,2.91E-05,0.000105,4.684441,Up
GSE39645,ADGRG1,1.163359,2.92E-05,0.000105,4.68398,Up
GSE39645,DNAJB8,-0.457848,2.92E-05,0.000106,-4.683377,Down
GSE39645,LEKR1,-0.252627,2.92E-05,0.000106,-4.683271,Down
GSE39645,QTRT2,0.554021,2.93E-05,0.000106,4.682798,Up
GSE39645,FBXO2,-1.054319,2.93E-05,0.000106,-4.682742,Down
GSE39645,C11orf16,-0.52798,2.93E-05,0.000106,-4.682705,Down
GSE39645,YAE1D1,1.023026,2.94E-05,0.000106,4.681862,Up
GSE39645,PDE4C,-0.478622,2.94E-05,0.000106,-4.681663,Down
GSE39645,NOTCH4,-0.32194,2.94E-05,0.000106,-4.681558,Down
GSE39645,POU4F2,-0.431562,2.94E-05,0.000106,-4.681448,Down
GSE39645,LRRC38,-0.410507,2.94E-05,0.000106,-4.681247,Down
GSE39645,PHKG2,0.441319,2.94E-05,0.000106,4.681072,Up
GSE39645,CRELD1,0.390196,2.95E-05,0.000106,4.680717,Up
GSE39645,CCDC149,0.457607,2.95E-05,0.000106,4.680715,Up
GSE39645,CD200,1.022795,2.95E-05,0.000106,4.680651,Up
GSE39645,LINGO4,-0.612028,2.95E-05,0.000106,-4.680306,Down
GSE39645,SMC3,0.81504,2.95E-05,0.000106,4.680174,Up
GSE39645,SOAT2,-0.435231,2.96E-05,0.000106,-4.67977,Down
GSE39645,HUNK,-0.36178,2.96E-05,0.000107,-4.67926,Down
GSE39645,ACE,-0.375904,2.97E-05,0.000107,-4.678142,Down
GSE39645,JPH3,-0.427865,2.98E-05,0.000107,-4.677321,Down
GSE39645,SERPINA4,-0.537012,2.98E-05,0.000107,-4.676958,Down
GSE39645,MAGEB6,-0.72733,2.98E-05,0.000107,-4.676712,Down
GSE39645,PDYN,-0.659686,2.99E-05,0.000107,-4.676525,Down
GSE39645,MCCC2,0.53854,2.99E-05,0.000107,4.6764,Up
GSE39645,AMMECR1L,0.701818,2.99E-05,0.000107,4.676305,Up
GSE39645,YY1AP1,0.447877,2.99E-05,0.000108,4.675856,Up
GSE39645,ATP8B4,0.642419,2.99E-05,0.000108,4.675681,Up
GSE39645,PXDNL,-0.494444,3E-05,0.000108,-4.674982,Down
GSE39645,ETV4,-0.63744,3E-05,0.000108,-4.674632,Down
GSE39645,APCDD1,1.150008,3.01E-05,0.000108,4.674338,Up
GSE39645,NKIRAS1,0.734024,3.01E-05,0.000108,4.673978,Up
GSE39645,GPR151,-0.757221,3.01E-05,0.000108,-4.673865,Down
GSE39645,DHX32,0.605951,3.02E-05,0.000109,4.672715,Up
GSE39645,CDKN2AIP,0.653105,3.03E-05,0.000109,4.672497,Up
GSE39645,PIK3R4,0.674209,3.03E-05,0.000109,4.672304,Up
GSE39645,BAP1,0.484551,3.03E-05,0.000109,4.672245,Up
GSE39645,TP53AIP1,-0.513496,3.03E-05,0.000109,-4.671586,Down
GSE39645,PAF1,0.531597,3.04E-05,0.000109,4.67149,Up
GSE39645,DECR1,0.687211,3.04E-05,0.000109,4.670943,Up
GSE39645,TSPAN3,0.485479,3.04E-05,0.000109,4.670827,Up
GSE39645,MED27,0.58777,3.04E-05,0.000109,4.670735,Up
GSE39645,CHKA,0.557226,3.05E-05,0.000109,4.670295,Up
GSE39645,CPLX2,-0.553984,3.05E-05,0.000109,-4.670285,Down
GSE39645,LOC101929829///CYP2D6,-0.592692,3.05E-05,0.000109,-4.669821,Down
GSE39645,MN1,-0.398718,3.05E-05,0.000109,-4.669582,Down
GSE39645,SHPRH,0.675,3.06E-05,0.000109,4.669442,Up
GSE39645,E2F7,-0.514906,3.06E-05,0.000109,-4.669244,Down
GSE39645,KRTAP4-3,-0.460455,3.06E-05,0.000109,-4.669128,Down
GSE39645,MTOR,0.61701,3.06E-05,0.00011,4.668754,Up
GSE39645,COL2A1,-0.496417,3.06E-05,0.00011,-4.668548,Down
GSE39645,UBE2G2,0.594439,3.07E-05,0.00011,4.668405,Up
GSE39645,CCDC25,0.542827,3.07E-05,0.00011,4.668286,Up
GSE39645,ITPRIPL1,-0.418351,3.07E-05,0.00011,-4.667928,Down
GSE39645,PDE8A,0.759621,3.07E-05,0.00011,4.667465,Up
GSE39645,STK26,-0.58087,3.08E-05,0.00011,-4.667357,Down
GSE39645,CNGA2,-0.739822,3.08E-05,0.00011,-4.667289,Down
GSE39645,NYX,-0.615223,3.08E-05,0.00011,-4.667245,Down
GSE39645,MOGAT1,-0.751537,3.08E-05,0.00011,-4.666851,Down
GSE39645,TRIM42,-0.614167,3.08E-05,0.00011,-4.666825,Down
GSE39645,RGP1,0.498855,3.08E-05,0.00011,4.666474,Up
GSE39645,THEG,-0.513461,3.09E-05,0.00011,-4.666394,Down
GSE39645,C10orf10,1.197872,3.09E-05,0.00011,4.665818,Up
GSE39645,CCNT2,0.704191,3.09E-05,0.00011,4.665645,Up
GSE39645,PLEKHH3,-0.310288,3.09E-05,0.00011,-4.665638,Down
GSE39645,SRL,-0.451074,3.1E-05,0.00011,-4.665359,Down
GSE39645,GAL3ST3,-0.296536,3.1E-05,0.000111,-4.664734,Down
GSE39645,ASCL1,-0.551076,3.1E-05,0.000111,-4.664586,Down
GSE39645,GABRB1///GABRB1,-0.799116,3.11E-05,0.000111,-4.664067,Down
GSE39645,VWA5B2,-0.429283,3.11E-05,0.000111,-4.664036,Down
GSE39645,METTL15,0.814512,3.11E-05,0.000111,4.664035,Up
GSE39645,VSTM2A,-0.487439,3.11E-05,0.000111,-4.663882,Down
GSE39645,G6PC2,-0.538596,3.11E-05,0.000111,-4.663644,Down
GSE39645,CYS1,-0.444638,3.11E-05,0.000111,-4.663598,Down
GSE39645,XCR1,-0.535352,3.11E-05,0.000111,-4.663568,Down
GSE39645,LHFPL5,-0.629251,3.12E-05,0.000111,-4.662962,Down
GSE39645,NEDD4,0.85686,3.12E-05,0.000111,4.662851,Up
GSE39645,TMEM68,0.513088,3.14E-05,0.000112,4.660487,Up
GSE39645,B3GAT3,0.768117,3.15E-05,0.000112,4.660103,Up
GSE39645,RFX7,0.618457,3.15E-05,0.000112,4.659785,Up
GSE39645,GAGE10///GAGE12D///GAGE8///GAGE12F///GAGE2A///GAGE12H///GAGE12E///GAGE12B///GAGE12C///GAGE2D///GAGE12J///GAGE12G///GAGE13///GAGE2B///GAGE2E///GAGE12I///GAGE7///GAGE6///GAGE5///GAGE4///GAGE3///GAGE2C///GAGE1,-1.148263,3.16E-05,0.000112,-4.659227,Down
GSE39645,KLHL9,0.577062,3.16E-05,0.000112,4.658762,Up
GSE39645,UNC80,-0.547677,3.16E-05,0.000112,-4.65861,Down
GSE39645,DEFA4,-0.632996,3.17E-05,0.000113,-4.658048,Down
GSE39645,CHRNA7,-0.532469,3.17E-05,0.000113,-4.657916,Down
GSE39645,GPR183,1.379624,3.17E-05,0.000113,4.65789,Up
GSE39645,TAP2,0.50392,3.17E-05,0.000113,4.657528,Up
GSE39645,DNAH9,-0.683125,3.18E-05,0.000113,-4.656648,Down
GSE39645,DIP2A,0.496151,3.19E-05,0.000113,4.65631,Up
GSE39645,CREG1,0.708059,3.19E-05,0.000113,4.655942,Up
GSE39645,TYW3,0.730588,3.19E-05,0.000113,4.655935,Up
GSE39645,UBE2Q1,0.468307,3.19E-05,0.000113,4.655569,Up
GSE39645,CSNK1A1,0.580383,3.2E-05,0.000114,4.654951,Up
GSE39645,KMT2C,0.775935,3.2E-05,0.000114,4.654709,Up
GSE39645,TMEM69,0.561096,3.2E-05,0.000114,4.654701,Up
GSE39645,VPS8///VPS8,0.669597,3.2E-05,0.000114,4.654532,Up
GSE39645,STAG2,0.920371,3.21E-05,0.000114,4.653976,Up
GSE39645,STXBP3,0.878544,3.22E-05,0.000114,4.653164,Up
GSE39645,PPWD1,0.844273,3.22E-05,0.000114,4.652808,Up
GSE39645,MB,-0.636253,3.22E-05,0.000114,-4.652691,Down
GSE39645,GPR20,-0.516061,3.22E-05,0.000114,-4.652606,Down
GSE39645,PLA2G1B,-0.397128,3.23E-05,0.000114,-4.651817,Down
GSE39645,COPE,0.631367,3.24E-05,0.000115,4.651328,Up
GSE39645,HOXD9,-0.396241,3.24E-05,0.000115,-4.651139,Down
GSE39645,NOBOX,-0.478964,3.25E-05,0.000115,-4.650496,Down
GSE39645,MLYCD,0.643684,3.25E-05,0.000115,4.650065,Up
GSE39645,GUCY2C,-0.458509,3.25E-05,0.000115,-4.649824,Down
GSE39645,DDX1,0.65434,3.27E-05,0.000116,4.648572,Up
GSE39645,HACL1,0.510188,3.27E-05,0.000116,4.648369,Up
GSE39645,MRPL48,0.380503,3.29E-05,0.000116,4.646338,Up
GSE39645,UBXN7,0.803987,3.29E-05,0.000116,4.645981,Up
GSE39645,SUPT5H,0.594449,3.29E-05,0.000116,4.645875,Up
GSE39645,RASGRP2,-0.443116,3.3E-05,0.000116,-4.645749,Down
GSE39645,BHLHE40,1.045673,3.3E-05,0.000117,4.645457,Up
GSE39645,LMAN1L,-0.461655,3.3E-05,0.000117,-4.645284,Down
GSE39645,DAGLA,0.734723,3.3E-05,0.000117,4.645255,Up
GSE39645,HACE1,0.627168,3.3E-05,0.000117,4.64495,Up
GSE39645,ENPP4,0.708708,3.31E-05,0.000117,4.644422,Up
GSE39645,RAB4B-EGLN2///MIA-RAB4B///RAB4B,0.557802,3.31E-05,0.000117,4.644312,Up
GSE39645,SMCR8,0.530283,3.31E-05,0.000117,4.64416,Up
GSE39645,ZNF708,0.678503,3.32E-05,0.000117,4.643594,Up
GSE39645,TCAF2P1///TCAF2,-0.53763,3.33E-05,0.000118,-4.642121,Down
GSE39645,JPH2,-0.458515,3.34E-05,0.000118,-4.641719,Down
GSE39645,TMEM106A,0.628128,3.35E-05,0.000118,4.640363,Up
GSE39645,RGS12,0.363982,3.36E-05,0.000118,4.640164,Up
GSE39645,KRTAP4-1,-0.527655,3.36E-05,0.000118,-4.640159,Down
GSE39645,ATP6V1F,0.516462,3.37E-05,0.000119,4.639103,Up
GSE39645,KRT85,-0.499615,3.37E-05,0.000119,-4.638968,Down
GSE39645,CDC73,0.506131,3.37E-05,0.000119,4.638567,Up
GSE39645,TSPAN2,-0.913025,3.38E-05,0.000119,-4.637951,Down
GSE39645,PRPF38B,0.443617,3.38E-05,0.000119,4.6375,Up
GSE39645,C6orf62,1.048596,3.39E-05,0.000119,4.636669,Up
GSE39645,DBNL,0.569693,3.4E-05,0.00012,4.636121,Up
GSE39645,TGM3,-0.718821,3.4E-05,0.00012,-4.635717,Down
GSE39645,PRR30,-0.457671,3.41E-05,0.00012,-4.635197,Down
GSE39645,ZNF619,0.469211,3.41E-05,0.00012,4.634999,Up
GSE39645,LRRC70,-0.451223,3.41E-05,0.00012,-4.634853,Down
GSE39645,NMU,-0.428399,3.43E-05,0.00012,-4.633721,Down
GSE39645,PSEN2,0.399853,3.43E-05,0.00012,4.633678,Up
GSE39645,ZNF813,0.409698,3.43E-05,0.000121,4.633385,Up
GSE39645,NA,1.109098,3.43E-05,0.000121,4.633144,Up
GSE39645,AGXT2,-0.731212,3.44E-05,0.000121,-4.632604,Down
GSE39645,ZIC3,-0.379349,3.44E-05,0.000121,-4.632596,Down
GSE39645,AHSA2,0.707004,3.44E-05,0.000121,4.632352,Up
GSE39645,C8orf59,0.683862,3.44E-05,0.000121,4.632315,Up
GSE39645,CELF3,-0.44621,3.45E-05,0.000121,-4.631739,Down
GSE39645,FOPNL,0.770019,3.45E-05,0.000121,4.631683,Up
GSE39645,AMZ2,0.723407,3.46E-05,0.000121,4.630711,Up
GSE39645,PIGF,0.846774,3.47E-05,0.000122,4.629994,Up
GSE39645,C3orf80,-0.471696,3.47E-05,0.000122,-4.629719,Down
GSE39645,TRAIP,-0.432092,3.47E-05,0.000122,-4.629518,Down
GSE39645,TRPC4,-0.436249,3.47E-05,0.000122,-4.629357,Down
GSE39645,GPR88,-0.329585,3.47E-05,0.000122,-4.629325,Down
GSE39645,OTOP3,-0.474216,3.48E-05,0.000122,-4.629156,Down
GSE39645,ABHD15,0.382401,3.48E-05,0.000122,4.629033,Up
GSE39645,CNR2,-0.615254,3.48E-05,0.000122,-4.629029,Down
GSE39645,TMEM244///ARHGAP18,-0.514851,3.48E-05,0.000122,-4.628783,Down
GSE39645,PDCD10,0.7998,3.48E-05,0.000122,4.628698,Up
GSE39645,BNIP3L,0.581754,3.48E-05,0.000122,4.628563,Up
GSE39645,RNASE9,-0.457826,3.48E-05,0.000122,-4.628507,Down
GSE39645,KRT8,-0.690743,3.48E-05,0.000122,-4.628483,Down
GSE39645,MGEA5,0.658478,3.49E-05,0.000122,4.627516,Up
GSE39645,ASIC5,-0.415554,3.5E-05,0.000122,-4.627331,Down
GSE39645,DPP9,0.700638,3.5E-05,0.000122,4.627058,Up
GSE39645,C7orf31,0.412512,3.5E-05,0.000122,4.626942,Up
GSE39645,UFSP2,1.014558,3.5E-05,0.000122,4.6269,Up
GSE39645,EPAS1,0.710013,3.5E-05,0.000122,4.626746,Up
GSE39645,ODF3B,0.761987,3.5E-05,0.000122,4.626632,Up
GSE39645,CALM2,0.561493,3.51E-05,0.000122,4.626521,Up
GSE39645,ZNF700,0.430384,3.51E-05,0.000123,4.62633,Up
GSE39645,POLR2K,0.558001,3.51E-05,0.000123,4.626305,Up
GSE39645,TBC1D14,0.645434,3.51E-05,0.000123,4.625911,Up
GSE39645,LRP5L,-0.368388,3.52E-05,0.000123,-4.62533,Down
GSE39645,RBM42,0.446117,3.52E-05,0.000123,4.625289,Up
GSE39645,LMTK3,-0.423472,3.52E-05,0.000123,-4.625166,Down
GSE39645,DCC,-0.598345,3.52E-05,0.000123,-4.624984,Down
GSE39645,PRSS3,-0.822025,3.53E-05,0.000123,-4.624615,Down
GSE39645,IREB2,0.692012,3.54E-05,0.000123,4.623415,Up
GSE39645,NLK,0.773124,3.55E-05,0.000124,4.622935,Up
GSE39645,SLC35B2,0.571431,3.55E-05,0.000124,4.622613,Up
GSE39645,STYK1,-0.62028,3.55E-05,0.000124,-4.622111,Down
GSE39645,NDUFAB1,0.75181,3.56E-05,0.000124,4.621255,Up
GSE39645,CSAG1,-0.739451,3.57E-05,0.000124,-4.620902,Down
GSE39645,ARMC1,0.774362,3.57E-05,0.000124,4.620506,Up
GSE39645,GTF3C3,0.731021,3.58E-05,0.000125,4.620213,Up
GSE39645,PLD3,0.684892,3.58E-05,0.000125,4.619919,Up
GSE39645,C6orf120,0.648522,3.58E-05,0.000125,4.619759,Up
GSE39645,KLHL40,-0.446802,3.6E-05,0.000125,-4.618549,Down
GSE39645,PRKAG3,-0.519747,3.6E-05,0.000125,-4.618218,Down
GSE39645,SLC22A16,-0.578859,3.6E-05,0.000125,-4.617894,Down
GSE39645,ACCSL,-0.510276,3.61E-05,0.000125,-4.617515,Down
GSE39645,KRT26,-0.416707,3.61E-05,0.000125,-4.617488,Down
GSE39645,KIAA0100,0.607503,3.61E-05,0.000126,4.617332,Up
GSE39645,CLDN3,-0.49965,3.61E-05,0.000126,-4.616941,Down
GSE39645,ATP5H,0.620105,3.62E-05,0.000126,4.616479,Up
GSE39645,ZBED2,-0.589965,3.62E-05,0.000126,-4.616207,Down
GSE39645,FAM83E,-0.395739,3.62E-05,0.000126,-4.616195,Down
GSE39645,TCP11X2///NXF2B///NXF2///NXF5///NXF2B///NXF2,-0.95163,3.63E-05,0.000126,-4.615662,Down
GSE39645,SIKE1,0.719262,3.63E-05,0.000126,4.615574,Up
GSE39645,NA,0.685935,3.64E-05,0.000126,4.615086,Up
GSE39645,TM9SF2,0.714982,3.64E-05,0.000126,4.615081,Up
GSE39645,RSPO2,-0.528455,3.64E-05,0.000126,-4.615052,Down
GSE39645,SMARCC2,0.497656,3.64E-05,0.000126,4.614759,Up
GSE39645,MKNK2,0.702929,3.65E-05,0.000127,4.613884,Up
GSE39645,N4BP1,0.503134,3.65E-05,0.000127,4.613507,Up
GSE39645,CD109,-0.970345,3.66E-05,0.000127,-4.613369,Down
GSE39645,PPP4R3A,0.432243,3.66E-05,0.000127,4.612787,Up
GSE39645,LPIN2,0.46756,3.67E-05,0.000127,4.612175,Up
GSE39645,FAM170B,-0.459043,3.67E-05,0.000127,-4.61212,Down
GSE39645,NRAP,-0.707734,3.67E-05,0.000127,-4.612088,Down
GSE39645,CRIP2,0.726236,3.67E-05,0.000127,4.612021,Up
GSE39645,CHST8,-0.365029,3.67E-05,0.000127,-4.611947,Down
GSE39645,CYP21A1P///CYP21A2,-0.439091,3.68E-05,0.000127,-4.611614,Down
GSE39645,PF4,-0.708165,3.68E-05,0.000128,-4.610936,Down
GSE39645,KLK2,-0.722652,3.69E-05,0.000128,-4.61085,Down
GSE39645,VIT,-1.682567,3.69E-05,0.000128,-4.61066,Down
GSE39645,VPS33B,0.389458,3.69E-05,0.000128,4.610452,Up
GSE39645,GAGE10///GAGE12D///GAGE8///GAGE12F///GAGE2A///GAGE12H///GAGE12E///GAGE12B///GAGE12C///GAGE2D///GAGE12J///GAGE12G///GAGE13///GAGE2B///GAGE2E///GAGE12I///GAGE7///GAGE6///GAGE5///GAGE4///GAGE3///GAGE2C///GAGE1,-1.148841,3.69E-05,0.000128,-4.610343,Down
GSE39645,SSTR3,-0.500867,3.69E-05,0.000128,-4.61014,Down
GSE39645,CGB2///CGB1///CGB8///CGB7///CGB5///LHB///CGB3///CGB7,-0.384557,3.69E-05,0.000128,-4.61005,Down
GSE39645,TENM3,1.049932,3.7E-05,0.000128,4.609662,Up
GSE39645,RASGRF1,-0.663046,3.7E-05,0.000128,-4.609263,Down
GSE39645,HLA-DRB1///HLA-DQB1,1.622789,3.71E-05,0.000128,4.608892,Up
GSE39645,CRB2,-0.364153,3.71E-05,0.000128,-4.608441,Down
GSE39645,TSG101,0.783015,3.71E-05,0.000128,4.608437,Up
GSE39645,USP39,0.624122,3.71E-05,0.000128,4.608371,Up
GSE39645,SPSB4,-0.356253,3.72E-05,0.000128,-4.60818,Down
GSE39645,RYR1,0.52177,3.72E-05,0.000128,4.608049,Up
GSE39645,DNAJC11,0.702785,3.72E-05,0.000128,4.607952,Up
GSE39645,FAM217B,0.81667,3.72E-05,0.000129,4.607555,Up
GSE39645,KRT86///KRT85///KRT83///KRT81,-0.395685,3.73E-05,0.000129,-4.607392,Down
GSE39645,LARS,0.80946,3.73E-05,0.000129,4.60726,Up
GSE39645,CDK2AP2,0.437414,3.73E-05,0.000129,4.60713,Up
GSE39645,FRA10AC1,0.859105,3.73E-05,0.000129,4.606971,Up
GSE39645,GALNTL6,-0.502164,3.73E-05,0.000129,-4.606683,Down
GSE39645,MPPED1,-0.419396,3.74E-05,0.000129,-4.606344,Down
GSE39645,DOK5,-0.856142,3.74E-05,0.000129,-4.606244,Down
GSE39645,CCDC155,-0.507719,3.75E-05,0.000129,-4.605629,Down
GSE39645,MCOLN1,0.566192,3.77E-05,0.00013,4.603884,Up
GSE39645,NNAT,-0.491802,3.77E-05,0.00013,-4.60353,Down
GSE39645,ARL6IP4,0.366627,3.77E-05,0.00013,4.603324,Up
GSE39645,WNT1,-0.44162,3.78E-05,0.00013,-4.602646,Down
GSE39645,OLFM3,-0.67769,3.79E-05,0.00013,-4.602421,Down
GSE39645,SEMA3D,1.619837,3.79E-05,0.00013,4.602365,Up
GSE39645,CCDC105,-0.409498,3.79E-05,0.000131,-4.601862,Down
GSE39645,FREM3,-0.574823,3.8E-05,0.000131,-4.601545,Down
GSE39645,DUSP9,-0.499186,3.8E-05,0.000131,-4.601484,Down
GSE39645,NKX3-1,-0.472941,3.8E-05,0.000131,-4.601103,Down
GSE39645,C15orf62,-0.502354,3.81E-05,0.000131,-4.600584,Down
GSE39645,ZNF816,0.415802,3.81E-05,0.000131,4.600095,Up
GSE39645,TOR1A,0.48001,3.82E-05,0.000131,4.599788,Up
GSE39645,NXPH1,-0.423912,3.82E-05,0.000131,-4.59978,Down
GSE39645,LDB1,0.551803,3.82E-05,0.000131,4.599521,Up
GSE39645,NUTM2B///NUTM2D///NUTM2A///NUTM2G///NUTM2F,-0.429219,3.82E-05,0.000131,-4.59933,Down
GSE39645,FBXW5,0.391924,3.83E-05,0.000131,4.599038,Up
GSE39645,APOL5,-0.652157,3.83E-05,0.000132,-4.598915,Down
GSE39645,FAM120C,0.613284,3.83E-05,0.000132,4.598656,Up
GSE39645,GPX3///GPX3,1.483165,3.83E-05,0.000132,4.598538,Up
GSE39645,ELF3,-0.606454,3.83E-05,0.000132,-4.598495,Down
GSE39645,C8orf74,-0.50728,3.84E-05,0.000132,-4.598006,Down
GSE39645,TECRL,-0.362728,3.84E-05,0.000132,-4.597734,Down
GSE39645,RBFOX3,-0.404375,3.85E-05,0.000132,-4.597474,Down
GSE39645,CASZ1,-0.443881,3.85E-05,0.000132,-4.597342,Down
GSE39645,MED30,0.663901,3.85E-05,0.000132,4.597217,Up
GSE39645,GLP2R,-0.65337,3.85E-05,0.000132,-4.597199,Down
GSE39645,C2orf40,-1.616441,3.85E-05,0.000132,-4.597139,Down
GSE39645,GPR182,-0.397112,3.86E-05,0.000132,-4.596542,Down
GSE39645,MAGEA6///MAGEA3,-0.46322,3.86E-05,0.000132,-4.596526,Down
GSE39645,CELA3B,-0.537221,3.86E-05,0.000132,-4.596036,Down
GSE39645,UBR2,0.620444,3.87E-05,0.000132,4.595874,Up
GSE39645,HIGD1A,0.654355,3.87E-05,0.000133,4.595138,Up
GSE39645,NYAP1,-0.40477,3.88E-05,0.000133,-4.595088,Down
GSE39645,TANK,0.728295,3.88E-05,0.000133,4.595012,Up
GSE39645,CST9L,-0.677519,3.88E-05,0.000133,-4.594772,Down
GSE39645,G6PC,-0.710909,3.88E-05,0.000133,-4.594617,Down
GSE39645,SFT2D2,0.650898,3.89E-05,0.000133,4.593961,Up
GSE39645,DPH6,0.776677,3.89E-05,0.000133,4.593887,Up
GSE39645,FAM64A,-0.757152,3.89E-05,0.000133,-4.593825,Down
GSE39645,GART,0.717174,3.89E-05,0.000133,4.59361,Up
GSE39645,SLC26A7,-0.525381,3.9E-05,0.000133,-4.593323,Down
GSE39645,GLB1L3,-0.570596,3.9E-05,0.000133,-4.593309,Down
GSE39645,GRM5,-0.395015,3.9E-05,0.000133,-4.593238,Down
GSE39645,PRDM4,0.382363,3.9E-05,0.000133,4.592945,Up
GSE39645,CDH10,-0.600452,3.9E-05,0.000133,-4.592729,Down
GSE39645,ZNF117,0.696401,3.91E-05,0.000134,4.59206,Up
GSE39645,SSR1,0.546584,3.91E-05,0.000134,4.592028,Up
GSE39645,ZWINT,-0.656786,3.92E-05,0.000134,-4.591567,Down
GSE39645,SCT,-0.436298,3.93E-05,0.000134,-4.591069,Down
GSE39645,SRD5A3,0.423469,3.93E-05,0.000134,4.591002,Up
GSE39645,BAIAP2L1,-0.683459,3.93E-05,0.000134,-4.590406,Down
GSE39645,MYL7,-0.483896,3.93E-05,0.000134,-4.59035,Down
GSE39645,TRIO,0.841694,3.93E-05,0.000134,4.590328,Up
GSE39645,FAM169A,-0.877675,3.94E-05,0.000134,-4.59027,Down
GSE39645,VWA5B1,-0.455055,3.94E-05,0.000134,-4.590142,Down
GSE39645,PSMB2,0.596087,3.94E-05,0.000134,4.589779,Up
GSE39645,STKLD1,-0.386563,3.94E-05,0.000134,-4.589735,Down
GSE39645,ZNF251,0.473058,3.94E-05,0.000134,4.589578,Up
GSE39645,RNPEP,0.468521,3.95E-05,0.000134,4.589396,Up
GSE39645,C16orf62,0.784902,3.96E-05,0.000135,4.588684,Up
GSE39645,ELAVL4,-0.695832,3.96E-05,0.000135,-4.588679,Down
GSE39645,EIF2B4,0.404219,3.96E-05,0.000135,4.588466,Up
GSE39645,CYP2C19,-0.359257,3.97E-05,0.000135,-4.587764,Down
GSE39645,MAPKAPK5,0.489775,3.97E-05,0.000135,4.587319,Up
GSE39645,LMNTD1,-0.522209,3.98E-05,0.000135,-4.587076,Down
GSE39645,HLA-DQA2///HLA-DQA1,0.553391,3.98E-05,0.000135,4.58694,Up
GSE39645,LETMD1,0.521236,3.98E-05,0.000135,4.586935,Up
GSE39645,CCDC146,0.653956,3.98E-05,0.000135,4.586548,Up
GSE39645,DAP,0.864574,3.99E-05,0.000136,4.586018,Up
GSE39645,CSF2RB,-0.755938,3.99E-05,0.000136,-4.58571,Down
GSE39645,NRGN,-0.454403,3.99E-05,0.000136,-4.58571,Down
GSE39645,ADCY9,0.666329,3.99E-05,0.000136,4.585673,Up
GSE39645,TEX19,-0.449934,4E-05,0.000136,-4.585196,Down
GSE39645,ZNF429,0.64247,4E-05,0.000136,4.585138,Up
GSE39645,MYOC,-1.229027,4.01E-05,0.000136,-4.584658,Down
GSE39645,GNAT2,-0.474166,4.01E-05,0.000136,-4.584555,Down
GSE39645,NMS,-0.473777,4.01E-05,0.000136,-4.584075,Down
GSE39645,TCP11X2///NXF2B///NXF2///NXF5///NXF2B///NXF2,-0.926693,4.01E-05,0.000136,-4.584065,Down
GSE39645,FAIM,0.554497,4.02E-05,0.000137,4.583349,Up
GSE39645,LIN7C,0.713118,4.03E-05,0.000137,4.58269,Up
GSE39645,CCDC84,0.47761,4.03E-05,0.000137,4.582461,Up
GSE39645,C10orf113,-0.356948,4.04E-05,0.000137,-4.582083,Down
GSE39645,RTCA,0.745876,4.05E-05,0.000137,4.581649,Up
GSE39645,APOBEC3F,0.592168,4.05E-05,0.000137,4.581197,Up
GSE39645,STARD3NL,0.61549,4.05E-05,0.000137,4.581185,Up
GSE39645,SLC12A9,0.408627,4.06E-05,0.000138,4.580675,Up
GSE39645,C1orf105,-0.517597,4.07E-05,0.000138,-4.580117,Down
GSE39645,FUT6,-0.467237,4.07E-05,0.000138,-4.579872,Down
GSE39645,C9,-0.59516,4.07E-05,0.000138,-4.579594,Down
GSE39645,GCM2,-0.409968,4.07E-05,0.000138,-4.579529,Down
GSE39645,CXorf56,0.388407,4.07E-05,0.000138,4.579385,Up
GSE39645,HEATR3,0.421313,4.08E-05,0.000138,4.579328,Up
GSE39645,PSPN///PSPN,-0.473199,4.08E-05,0.000138,-4.578856,Down
GSE39645,RHBDL1,-0.318594,4.08E-05,0.000138,-4.578756,Down
GSE39645,SLC6A5,-0.460007,4.08E-05,0.000138,-4.578627,Down
GSE39645,CD36,-1.613848,4.09E-05,0.000138,-4.57837,Down
GSE39645,BRK1,0.481468,4.1E-05,0.000139,4.577794,Up
GSE39645,GHRH,-0.592247,4.1E-05,0.000139,-4.57764,Down
GSE39645,TEX15,-0.406636,4.1E-05,0.000139,-4.577637,Down
GSE39645,NRP1,-0.960303,4.1E-05,0.000139,-4.577544,Down
GSE39645,FAM183A,-0.429643,4.1E-05,0.000139,-4.577283,Down
GSE39645,ATP6V0D2,-0.606211,4.11E-05,0.000139,-4.576483,Down
GSE39645,GLOD5,-0.983591,4.11E-05,0.000139,-4.576459,Down
GSE39645,EXD1,-0.605127,4.13E-05,0.00014,-4.575087,Down
GSE39645,RGS8,-0.498995,4.13E-05,0.00014,-4.574973,Down
GSE39645,C10orf62,-0.509925,4.14E-05,0.00014,-4.57463,Down
GSE39645,TMEM40,-0.626009,4.14E-05,0.00014,-4.574467,Down
GSE39645,PCP4,-1.298701,4.15E-05,0.00014,-4.573979,Down
GSE39645,GJD2,-0.449216,4.15E-05,0.00014,-4.573973,Down
GSE39645,LRRC28,0.669495,4.15E-05,0.00014,4.57392,Up
GSE39645,ZFP62,0.617249,4.16E-05,0.00014,4.573044,Up
GSE39645,EEF1E1-BLOC1S5///BLOC1S5-TXNDC5///TXNDC5///BLOC1S5,0.753408,4.16E-05,0.00014,4.572688,Up
GSE39645,CHST2,-0.447916,4.16E-05,0.00014,-4.57266,Down
GSE39645,DHTKD1,0.422813,4.16E-05,0.00014,4.572575,Up
GSE39645,SPANXB1,-1.317816,4.17E-05,0.00014,-4.572348,Down
GSE39645,DNAJC28,0.631888,4.17E-05,0.000141,4.571783,Up
GSE39645,ZC3H10,0.315683,4.18E-05,0.000141,4.571649,Up
GSE39645,APOA4,-0.432281,4.18E-05,0.000141,-4.571549,Down
GSE39645,PAGE2B,-0.591763,4.18E-05,0.000141,-4.571397,Down
GSE39645,BMP2,-0.563872,4.18E-05,0.000141,-4.571212,Down
GSE39645,KRTAP1-5///KRTAP1-1///KRTAP1-3///KRTAP1-3,-0.525367,4.19E-05,0.000141,-4.570564,Down
GSE39645,CHD1L,0.716889,4.2E-05,0.000141,4.569886,Up
GSE39645,GPR1,-0.390812,4.2E-05,0.000141,-4.569627,Down
GSE39645,ZNF44,0.474093,4.21E-05,0.000142,4.569421,Up
GSE39645,SEC14L3,-0.666243,4.21E-05,0.000142,-4.569024,Down
GSE39645,CRIPT,0.813179,4.22E-05,0.000142,4.568705,Up
GSE39645,SLC35G4///SLC35G6///SLC35G3///SLC35G5,-0.609123,4.22E-05,0.000142,-4.568678,Down
GSE39645,NKAP,0.562042,4.22E-05,0.000142,4.568211,Up
GSE39645,KRTAP9-6///KRTAP9-7///KRTAP9-1///KRTAP9-4///KRTAP9-8///KRTAP9-3///KRTAP9-2///KRTAP9-9,-0.549648,4.23E-05,0.000142,-4.567579,Down
GSE39645,SCP2D1,-0.457804,4.23E-05,0.000142,-4.567554,Down
GSE39645,CELA3A,-0.652036,4.23E-05,0.000142,-4.567435,Down
GSE39645,DDX52,0.742558,4.24E-05,0.000142,4.566965,Up
GSE39645,SART3,0.549596,4.24E-05,0.000142,4.566891,Up
GSE39645,DSG4,-0.409501,4.24E-05,0.000143,-4.566649,Down
GSE39645,CBLN1,-0.593449,4.24E-05,0.000143,-4.566554,Down
GSE39645,ZNF720,0.746652,4.25E-05,0.000143,4.566506,Up
GSE39645,PLXND1,0.905761,4.25E-05,0.000143,4.566422,Up
GSE39645,GID4,0.470708,4.26E-05,0.000143,4.565479,Up
GSE39645,MRFAP1L1,0.612737,4.27E-05,0.000143,4.564979,Up
GSE39645,KRTAP10-3,-0.418589,4.27E-05,0.000143,-4.564406,Down
GSE39645,ROCK1,0.936831,4.28E-05,0.000143,4.564242,Up
GSE39645,DPY19L4,0.748711,4.28E-05,0.000144,4.563796,Up
GSE39645,ADCY10,-0.478457,4.29E-05,0.000144,-4.563477,Down
GSE39645,XKRX,-0.494197,4.29E-05,0.000144,-4.563071,Down
GSE39645,DAZAP2,0.62131,4.3E-05,0.000144,4.562834,Up
GSE39645,HAUS4,0.362016,4.3E-05,0.000144,4.562754,Up
GSE39645,GDF9,-0.502332,4.3E-05,0.000144,-4.562586,Down
GSE39645,GPRIN1,-0.347182,4.31E-05,0.000145,-4.56145,Down
GSE39645,DUPD1,-0.449513,4.32E-05,0.000145,-4.560911,Down
GSE39645,DNAJC14,0.472766,4.33E-05,0.000145,4.560515,Up
GSE39645,FAM3D,-0.647899,4.33E-05,0.000145,-4.560508,Down
GSE39645,MFSD10,0.409257,4.33E-05,0.000145,4.560139,Up
GSE39645,TNFRSF21,1.416566,4.34E-05,0.000145,4.55971,Up
GSE39645,TMLHE,0.784919,4.34E-05,0.000145,4.559683,Up
GSE39645,SEPT2,0.62853,4.35E-05,0.000145,4.558891,Up
GSE39645,BTF3L4,0.565152,4.35E-05,0.000145,4.558875,Up
GSE39645,ORC5,0.627862,4.35E-05,0.000146,4.558638,Up
GSE39645,ARSA,0.706174,4.35E-05,0.000146,4.558608,Up
GSE39645,YWHAZ,0.486336,4.36E-05,0.000146,4.558315,Up
GSE39645,TAS2R40,-0.690494,4.36E-05,0.000146,-4.557895,Down
GSE39645,TLK2,0.424372,4.37E-05,0.000146,4.557531,Up
GSE39645,SYNJ2BP-COX16///COX16,0.691496,4.38E-05,0.000146,4.556879,Up
GSE39645,TRIM5,0.485175,4.38E-05,0.000146,4.556519,Up
GSE39645,SYNGR3,-0.425046,4.39E-05,0.000146,-4.556261,Down
GSE39645,HSD17B12,0.894068,4.41E-05,0.000147,4.554656,Up
GSE39645,FAM86C1,0.418735,4.42E-05,0.000147,4.554206,Up
GSE39645,ELAVL2,-0.5077,4.42E-05,0.000148,-4.553552,Down
GSE39645,SLC39A2,-0.754769,4.43E-05,0.000148,-4.55348,Down
GSE39645,PEX3,0.710682,4.43E-05,0.000148,4.55336,Up
GSE39645,C22orf42,-0.591593,4.43E-05,0.000148,-4.553165,Down
GSE39645,C1orf43///C1orf43,0.705561,4.44E-05,0.000148,4.552208,Up
GSE39645,FOXB2,-0.306049,4.44E-05,0.000148,-4.552144,Down
GSE39645,ICE2,0.6687,4.45E-05,0.000148,4.55206,Up
GSE39645,TWF1,0.619596,4.47E-05,0.000149,4.550012,Up
GSE39645,MASP2,-0.349377,4.48E-05,0.000149,-4.549983,Down
GSE39645,ACOXL,-0.51811,4.48E-05,0.000149,-4.549867,Down
GSE39645,TMPRSS9///TMPRSS9,-0.389855,4.48E-05,0.000149,-4.549481,Down
GSE39645,N6AMT1,0.646388,4.49E-05,0.000149,4.549218,Up
GSE39645,FSIP2,-0.28449,4.49E-05,0.000149,-4.549182,Down
GSE39645,AQP3,-0.782343,4.5E-05,0.00015,-4.548006,Down
GSE39645,TCP10L2///TCP10,-0.335563,4.5E-05,0.00015,-4.547898,Down
GSE39645,ZNF284,0.330831,4.51E-05,0.00015,4.547823,Up
GSE39645,TRIP11,0.704154,4.52E-05,0.00015,4.5469,Up
GSE39645,STARD7,0.419826,4.53E-05,0.000151,4.546467,Up
GSE39645,DNAH2,-0.496371,4.53E-05,0.000151,-4.546089,Down
GSE39645,AASDH,0.613052,4.53E-05,0.000151,4.54582,Up
GSE39645,PYCARD,0.711796,4.54E-05,0.000151,4.545714,Up
GSE39645,CA7,-0.408222,4.54E-05,0.000151,-4.545444,Down
GSE39645,TMED9,0.539502,4.54E-05,0.000151,4.545155,Up
GSE39645,KRTAP19-1,-0.656359,4.54E-05,0.000151,-4.545131,Down
GSE39645,PRSS21,-0.45869,4.55E-05,0.000151,-4.544997,Down
GSE39645,TRIM33,0.454462,4.56E-05,0.000151,4.544165,Up
GSE39645,INVS,0.453995,4.56E-05,0.000152,4.543849,Up
GSE39645,ADH1A,-0.869703,4.56E-05,0.000152,-4.543791,Down
GSE39645,KRTAP4-4,-0.574631,4.57E-05,0.000152,-4.54342,Down
GSE39645,RBL2,0.630209,4.57E-05,0.000152,4.543304,Up
GSE39645,NRIP3,-0.87715,4.58E-05,0.000152,-4.542991,Down
GSE39645,CLEC1A,-0.51982,4.59E-05,0.000152,-4.541754,Down
GSE39645,RHOV,-0.421794,4.59E-05,0.000152,-4.541744,Down
GSE39645,RIPPLY1,-0.474837,4.6E-05,0.000152,-4.541528,Down
GSE39645,CHAD,-0.403863,4.61E-05,0.000153,-4.540882,Down
GSE39645,LYZL4,-0.587128,4.61E-05,0.000153,-4.54084,Down
GSE39645,GPR68,-0.491756,4.61E-05,0.000153,-4.540512,Down
GSE39645,SH2D6,-0.428761,4.62E-05,0.000153,-4.540148,Down
GSE39645,DLX1,0.701563,4.62E-05,0.000153,4.540141,Up
GSE39645,NKX2-5,-0.474349,4.62E-05,0.000153,-4.539939,Down
GSE39645,IGFALS,-0.428929,4.62E-05,0.000153,-4.53982,Down
GSE39645,KIF17,-0.323583,4.63E-05,0.000153,-4.539483,Down
GSE39645,ZNF645,-0.706488,4.63E-05,0.000153,-4.539324,Down
GSE39645,SMIM20,0.381572,4.63E-05,0.000153,4.539182,Up
GSE39645,ABL2,0.935464,4.64E-05,0.000153,4.538828,Up
GSE39645,GREM1,-1.161641,4.64E-05,0.000154,-4.538585,Down
GSE39645,CHP1,0.70907,4.65E-05,0.000154,4.538281,Up
GSE39645,ASNA1,0.66011,4.65E-05,0.000154,4.538277,Up
GSE39645,LRRIQ1,-0.639569,4.65E-05,0.000154,-4.537821,Down
GSE39645,CBSL///CBS,0.735521,4.66E-05,0.000154,4.537081,Up
GSE39645,TAF1A,0.517168,4.67E-05,0.000154,4.536909,Up
GSE39645,BSND,-0.470527,4.67E-05,0.000154,-4.536871,Down
GSE39645,CCDC88C,-0.412098,4.67E-05,0.000154,-4.536385,Down
GSE39645,GALP,-0.506442,4.68E-05,0.000154,-4.536248,Down
GSE39645,NUMBL,-0.316247,4.68E-05,0.000154,-4.536214,Down
GSE39645,GPAT4,0.492434,4.69E-05,0.000155,4.535467,Up
GSE39645,NUAK2,0.579239,4.69E-05,0.000155,4.534975,Up
GSE39645,RPA4,-0.818251,4.7E-05,0.000155,-4.534507,Down
GSE39645,BRINP3,-0.604025,4.7E-05,0.000155,-4.534356,Down
GSE39645,TTC19,0.498701,4.71E-05,0.000155,4.53417,Up
GSE39645,OLIG1,-0.363586,4.71E-05,0.000156,-4.5336,Down
GSE39645,MED8,0.550543,4.72E-05,0.000156,4.533467,Up
GSE39645,HAUS2,0.609881,4.73E-05,0.000156,4.532747,Up
GSE39645,SYNPO,0.509186,4.73E-05,0.000156,4.532724,Up
GSE39645,MMS19,0.385578,4.74E-05,0.000156,4.532161,Up
GSE39645,KIAA0368,0.616107,4.74E-05,0.000156,4.531994,Up
GSE39645,FOXN4,-0.463543,4.74E-05,0.000156,-4.531699,Down
GSE39645,LCT,-0.661176,4.75E-05,0.000156,-4.531385,Down
GSE39645,SGCZ,-0.593391,4.75E-05,0.000157,-4.531236,Down
GSE39645,SIAH3,-0.513184,4.76E-05,0.000157,-4.530406,Down
GSE39645,PARP4,0.806379,4.76E-05,0.000157,4.530337,Up
GSE39645,MKRN2,0.441389,4.77E-05,0.000157,4.530088,Up
GSE39645,NPM2,-0.444639,4.77E-05,0.000157,-4.530034,Down
GSE39645,CPA1,-0.347474,4.77E-05,0.000157,-4.529745,Down
GSE39645,PIK3C2A,0.913107,4.77E-05,0.000157,4.529732,Up
GSE39645,GSDMC,-0.599509,4.77E-05,0.000157,-4.529612,Down
GSE39645,SAG,-0.708778,4.78E-05,0.000157,-4.529422,Down
GSE39645,TMEM110-MUSTN1///MUSTN1,-0.64964,4.78E-05,0.000157,-4.529305,Down
GSE39645,LONP2,0.653993,4.79E-05,0.000157,4.528804,Up
GSE39645,FUT2,-0.491656,4.79E-05,0.000157,-4.528797,Down
GSE39645,MRPS14,0.732112,4.79E-05,0.000157,4.52878,Up
GSE39645,SLC25A47,-0.452982,4.79E-05,0.000157,-4.528699,Down
GSE39645,RCAN2,-1.034781,4.79E-05,0.000157,-4.528685,Down
GSE39645,TNKS,0.752125,4.79E-05,0.000157,4.528585,Up
GSE39645,ACMSD,-0.489619,4.79E-05,0.000157,-4.528524,Down
GSE39645,CRNN,-0.790153,4.8E-05,0.000158,-4.528153,Down
GSE39645,KCNQ2,-0.418315,4.81E-05,0.000158,-4.527299,Down
GSE39645,PABPC1L2B///PABPC1L2A,-0.481969,4.82E-05,0.000158,-4.526799,Down
GSE39645,R3HDML,-0.565687,4.83E-05,0.000158,-4.52615,Down
GSE39645,TEX13B,-0.676107,4.83E-05,0.000158,-4.526147,Down
GSE39645,SLC35E4,-0.300439,4.83E-05,0.000158,-4.525995,Down
GSE39645,F12,-0.368806,4.83E-05,0.000159,-4.525767,Down
GSE39645,HNRNPUL2-BSCL2///HNRNPUL2,0.519687,4.83E-05,0.000159,4.525742,Up
GSE39645,TEAD2,-0.727533,4.84E-05,0.000159,-4.525648,Down
GSE39645,ZNF644,0.659145,4.84E-05,0.000159,4.525612,Up
GSE39645,KBTBD13,-0.36138,4.85E-05,0.000159,-4.524935,Down
GSE39645,ASNSD1,0.577567,4.85E-05,0.000159,4.524545,Up
GSE39645,CDC40,0.387766,4.86E-05,0.000159,4.524285,Up
GSE39645,RAB14,0.791955,4.86E-05,0.000159,4.524146,Up
GSE39645,LOC101060256,-1.327818,4.86E-05,0.000159,-4.524004,Down
GSE39645,LENG1,0.449311,4.86E-05,0.000159,4.523817,Up
GSE39645,DST,0.846163,4.87E-05,0.00016,4.523249,Up
GSE39645,MLEC,0.659876,4.88E-05,0.00016,4.522897,Up
GSE39645,PIM3,-0.480018,4.88E-05,0.00016,-4.522656,Down
GSE39645,SDF4,0.49887,4.88E-05,0.00016,4.522625,Up
GSE39645,RSPH14,-0.378975,4.88E-05,0.00016,-4.522538,Down
GSE39645,FBXO24,-0.486501,4.89E-05,0.00016,-4.52224,Down
GSE39645,CD14,1.35019,4.9E-05,0.00016,4.521551,Up
GSE39645,POU4F1,-0.411412,4.9E-05,0.00016,-4.521385,Down
GSE39645,TIMMDC1,0.992317,4.9E-05,0.00016,4.521307,Up
GSE39645,MARC1,0.822379,4.91E-05,0.000161,4.520588,Up
GSE39645,ARPC3,0.998144,4.94E-05,0.000161,4.519086,Up
GSE39645,TDGF1,-0.415645,4.94E-05,0.000161,-4.518908,Down
GSE39645,GPR62,-0.326007,4.94E-05,0.000161,-4.518893,Down
GSE39645,CXXC4,-0.421602,4.95E-05,0.000162,-4.518129,Down
GSE39645,SNF8,0.532874,4.97E-05,0.000162,4.517106,Up
GSE39645,GATC,0.346181,4.98E-05,0.000163,4.516355,Up
GSE39645,CABP2,-0.435525,4.98E-05,0.000163,-4.516306,Down
GSE39645,SCN2A,1.060181,4.99E-05,0.000163,4.515532,Up
GSE39645,IGF1R,0.594995,5.01E-05,0.000163,4.514581,Up
GSE39645,SPIB,-0.448765,5.01E-05,0.000164,-4.514379,Down
GSE39645,CREB3,0.467805,5.01E-05,0.000164,4.51436,Up
GSE39645,PYURF///PIGY,0.542464,5.02E-05,0.000164,4.514174,Up
GSE39645,PRRG2,-0.437838,5.02E-05,0.000164,-4.513816,Down
GSE39645,MAP2K1,0.476081,5.03E-05,0.000164,4.513456,Up
GSE39645,KRTAP5-3,-0.680035,5.04E-05,0.000164,-4.512896,Down
GSE39645,C17orf53,-0.52553,5.05E-05,0.000165,-4.511755,Down
GSE39645,TEX101,-0.480508,5.05E-05,0.000165,-4.511728,Down
GSE39645,NUGGC,-0.705741,5.06E-05,0.000165,-4.511263,Down
GSE39645,HIST2H4B///HIST2H4A,0.694671,5.07E-05,0.000165,4.510594,Up
GSE39645,COX19///ADAP1,0.609253,5.08E-05,0.000165,4.510425,Up
GSE39645,PREX1,0.805779,5.08E-05,0.000165,4.510293,Up
GSE39645,PSMB4,0.557959,5.08E-05,0.000165,4.510274,Up
GSE39645,NEDD8-MDP1///NEDD8,0.432035,5.08E-05,0.000165,4.510019,Up
GSE39645,CUL4A,0.637616,5.08E-05,0.000165,4.509909,Up
GSE39645,FAM205BP///FAM205A,-0.617949,5.09E-05,0.000166,-4.50966,Down
GSE39645,DMBT1,-0.78934,5.09E-05,0.000166,-4.509634,Down
GSE39645,CT47A12///CT47A1///CT47A2///CT47A3///CT47A4///CT47A5///CT47A6///CT47A8///CT47A9///CT47A10///CT47A7///CT47B1///CT47A11,-0.462822,5.09E-05,0.000166,-4.509235,Down
GSE39645,SAR1A,0.447142,5.1E-05,0.000166,4.509013,Up
GSE39645,EPHA1,-0.434193,5.1E-05,0.000166,-4.508656,Down
GSE39645,GATA5,-0.461222,5.11E-05,0.000166,-4.508548,Down
GSE39645,KRT1,-0.53655,5.12E-05,0.000166,-4.50778,Down
GSE39645,ABCA13,-0.535909,5.12E-05,0.000166,-4.507518,Down
GSE39645,SERPINA9,-0.553573,5.12E-05,0.000166,-4.507508,Down
GSE39645,GDNF,-0.326911,5.14E-05,0.000167,-4.506724,Down
GSE39645,SPTLC2,0.845971,5.14E-05,0.000167,4.506655,Up
GSE39645,ZNF280B,-0.463004,5.15E-05,0.000167,-4.50603,Down
GSE39645,EQTN,-0.30783,5.15E-05,0.000167,-4.505968,Down
GSE39645,AVPR2,-0.492677,5.16E-05,0.000168,-4.505152,Down
GSE39645,TPBG,-0.416525,5.16E-05,0.000168,-4.505101,Down
GSE39645,LSMEM2,-0.376997,5.17E-05,0.000168,-4.504646,Down
GSE39645,NDUFB6,1.041449,5.18E-05,0.000168,4.50394,Up
GSE39645,OCSTAMP,-0.516953,5.19E-05,0.000168,-4.503446,Down
GSE39645,CDHR4,-0.622923,5.19E-05,0.000168,-4.503245,Down
GSE39645,C8orf33,0.480158,5.2E-05,0.000169,4.502788,Up
GSE39645,LZTR1,0.645798,5.2E-05,0.000169,4.502682,Up
GSE39645,CDX4,-0.440168,5.2E-05,0.000169,-4.502553,Down
GSE39645,PLA2G3,-0.481319,5.21E-05,0.000169,-4.502188,Down
GSE39645,MLLT1,0.417151,5.22E-05,0.000169,4.501646,Up
GSE39645,AMER3,-0.462094,5.22E-05,0.000169,-4.501497,Down
GSE39645,TRIM26,0.46457,5.23E-05,0.000169,4.501175,Up
GSE39645,HLA-H///HLA-F///HLA-E///HLA-B///HLA-A///HLA-A,0.508735,5.23E-05,0.000169,4.501162,Up
GSE39645,EPM2A,0.757003,5.23E-05,0.000169,4.501082,Up
GSE39645,NEXN,-1.024843,5.23E-05,0.000169,-4.500843,Down
GSE39645,DNAJB13,-0.446153,5.24E-05,0.00017,-4.500477,Down
GSE39645,REG1B,-0.62948,5.24E-05,0.00017,-4.500405,Down
GSE39645,FSHB,-0.540279,5.24E-05,0.00017,-4.500258,Down
GSE39645,KCNV2,-0.469393,5.25E-05,0.00017,-4.500065,Down
GSE39645,PNPT1,0.815728,5.26E-05,0.00017,4.499433,Up
GSE39645,DMKN,-0.611789,5.26E-05,0.00017,-4.499061,Down
GSE39645,PNLDC1,-0.450429,5.27E-05,0.00017,-4.498492,Down
GSE39645,ENKUR,-0.918307,5.28E-05,0.000171,-4.498008,Down
GSE39645,PROM1,-0.672256,5.29E-05,0.000171,-4.497395,Down
GSE39645,SLFN11,0.697191,5.29E-05,0.000171,4.497173,Up
GSE39645,GFM1,0.688994,5.3E-05,0.000171,4.496962,Up
GSE39645,ABCC12,-0.629255,5.3E-05,0.000171,-4.496836,Down
GSE39645,PADI3,-0.390484,5.3E-05,0.000171,-4.496606,Down
GSE39645,SMAD4,0.719502,5.31E-05,0.000171,4.496468,Up
GSE39645,STPG3,-0.388107,5.32E-05,0.000172,-4.495883,Down
GSE39645,RPL36A-HNRNPH2///HNRNPH2,0.657354,5.32E-05,0.000172,4.49559,Up
GSE39645,CLU,0.688081,5.32E-05,0.000172,4.495552,Up
GSE39645,ATP6V0B,0.625343,5.33E-05,0.000172,4.494723,Up
GSE39645,PARP11,0.502502,5.34E-05,0.000172,4.494491,Up
GSE39645,HDAC6,0.519868,5.35E-05,0.000172,4.493983,Up
GSE39645,CYP8B1,-0.467815,5.35E-05,0.000172,-4.493892,Down
GSE39645,SETX,0.664958,5.35E-05,0.000172,4.49382,Up
GSE39645,SRRM4,-0.436,5.35E-05,0.000173,-4.493638,Down
GSE39645,CNST,0.476774,5.35E-05,0.000173,4.493584,Up
GSE39645,KRT10,-0.286348,5.37E-05,0.000173,-4.492796,Down
GSE39645,GPC4,1.007044,5.37E-05,0.000173,4.492554,Up
GSE39645,TEFM,0.572147,5.37E-05,0.000173,4.492516,Up
GSE39645,KRT71,-0.415126,5.38E-05,0.000173,-4.49222,Down
GSE39645,TRIP6,0.373697,5.38E-05,0.000173,4.492048,Up
GSE39645,ZNF879,0.380396,5.39E-05,0.000173,4.491571,Up
GSE39645,CARD19,0.50867,5.4E-05,0.000174,4.490951,Up
GSE39645,WFDC5,-0.559296,5.42E-05,0.000174,-4.489846,Down
GSE39645,HHLA1,-0.496536,5.42E-05,0.000174,-4.489807,Down
GSE39645,COQ3,0.629501,5.42E-05,0.000174,4.489796,Up
GSE39645,YAF2,0.632491,5.42E-05,0.000174,4.489768,Up
GSE39645,SSX1,-0.650931,5.45E-05,0.000175,-4.488076,Down
GSE39645,FBN3,-0.405227,5.46E-05,0.000176,-4.487359,Down
GSE39645,GSTA2,-0.596111,5.48E-05,0.000176,-4.486296,Down
GSE39645,LOC254896///TNFRSF10C,-0.717901,5.48E-05,0.000176,-4.486263,Down
GSE39645,PRTN3,-0.418052,5.48E-05,0.000176,-4.486162,Down
GSE39645,AMELX,-0.41385,5.49E-05,0.000176,-4.485654,Down
GSE39645,EFTUD2,0.63454,5.51E-05,0.000177,4.484536,Up
GSE39645,XDH,-0.671154,5.51E-05,0.000177,-4.484518,Down
GSE39645,TREML4,-0.729188,5.51E-05,0.000177,-4.484505,Down
GSE39645,PAK1IP1,0.641415,5.52E-05,0.000177,4.483936,Up
GSE39645,MMP21,-0.351531,5.53E-05,0.000177,-4.483574,Down
GSE39645,SLC35B1,0.625436,5.53E-05,0.000177,4.483434,Up
GSE39645,APBB1,0.7563,5.53E-05,0.000177,4.483412,Up
GSE39645,RAX2,-0.508095,5.53E-05,0.000177,-4.483369,Down
GSE39645,TBC1D13,0.574559,5.55E-05,0.000178,4.4825,Up
GSE39645,TCP10L,-0.361339,5.55E-05,0.000178,-4.482334,Down
GSE39645,C12orf42,-0.427698,5.56E-05,0.000178,-4.481714,Down
GSE39645,AHSA1,0.714598,5.57E-05,0.000178,4.481364,Up
GSE39645,ZNF620,0.435183,5.57E-05,0.000179,4.481102,Up
GSE39645,PTGES3,0.924931,5.57E-05,0.000179,4.481095,Up
GSE39645,CHMP2A,0.399239,5.57E-05,0.000179,4.481019,Up
GSE39645,OTOP2,-0.428828,5.58E-05,0.000179,-4.480724,Down
GSE39645,TRIM59,-0.704748,5.58E-05,0.000179,-4.480643,Down
GSE39645,UPK2,-0.671336,5.59E-05,0.000179,-4.48021,Down
GSE39645,ARL6IP5,0.516341,5.59E-05,0.000179,4.479858,Up
GSE39645,ESR2,-0.365122,5.6E-05,0.000179,-4.479587,Down
GSE39645,TCEAL7,0.461234,5.6E-05,0.000179,4.479344,Up
GSE39645,ATP6V0A1,0.770365,5.61E-05,0.000179,4.47903,Up
GSE39645,SLC2A2,-0.576512,5.62E-05,0.00018,-4.478072,Down
GSE39645,WAPL,0.641979,5.63E-05,0.00018,4.477998,Up
GSE39645,ADAD1,-0.394699,5.63E-05,0.00018,-4.477994,Down
GSE39645,CLK4,0.908459,5.63E-05,0.00018,4.477824,Up
GSE39645,KRTAP4-7///KRTAP4-9///KRTAP4-8///KRTAP4-11///KRTAP4-5///KRTAP4-4///KRTAP4-12///KRTAP4-6///KRTAP4-7,-0.593762,5.64E-05,0.00018,-4.47718,Down
GSE39645,PAX1,-0.434279,5.64E-05,0.00018,-4.476921,Down
GSE39645,MAPRE1,0.481227,5.65E-05,0.000181,4.476681,Up
GSE39645,VGLL1,-0.452519,5.66E-05,0.000181,-4.476315,Down
GSE39645,NLRP7,-0.463867,5.66E-05,0.000181,-4.476106,Down
GSE39645,KRTAP6-1,-0.545036,5.67E-05,0.000181,-4.475581,Down
GSE39645,C3orf20,-0.516807,5.68E-05,0.000181,-4.475038,Down
GSE39645,GTF2E1,0.405723,5.68E-05,0.000181,4.475018,Up
GSE39645,TGM5,-0.527898,5.68E-05,0.000181,-4.474754,Down
GSE39645,KRT72,-0.345804,5.68E-05,0.000181,-4.474747,Down
GSE39645,SMTNL2,-0.350244,5.68E-05,0.000181,-4.474684,Down
GSE39645,MRE11A,0.695085,5.69E-05,0.000182,4.474231,Up
GSE39645,C1D,0.828211,5.7E-05,0.000182,4.474083,Up
GSE39645,CWC15,0.925787,5.7E-05,0.000182,4.473596,Up
GSE39645,CARTPT,-0.413984,5.71E-05,0.000182,-4.473514,Down
GSE39645,DNAH10,-0.422369,5.71E-05,0.000182,-4.473218,Down
GSE39645,LMAN2,0.616153,5.71E-05,0.000182,4.473122,Up
GSE39645,GBX2,-0.372611,5.72E-05,0.000182,-4.472944,Down
GSE39645,BIRC7,-0.517499,5.72E-05,0.000182,-4.472762,Down
GSE39645,SLC17A3,-0.493627,5.72E-05,0.000182,-4.472643,Down
GSE39645,KRTAP9-3,-0.618986,5.73E-05,0.000182,-4.472305,Down
GSE39645,GZMM,-0.395647,5.74E-05,0.000183,-4.471788,Down
GSE39645,CLLU1OS,-0.573722,5.74E-05,0.000183,-4.471782,Down
GSE39645,CFHR5,-0.416266,5.75E-05,0.000183,-4.471355,Down
GSE39645,LTA4H,0.720414,5.75E-05,0.000183,4.471068,Up
GSE39645,RHOB,0.683719,5.76E-05,0.000183,4.47036,Up
GSE39645,PAN2,0.510226,5.77E-05,0.000183,4.470234,Up
GSE39645,SYT12,-0.581716,5.78E-05,0.000184,-4.469226,Down
GSE39645,TSPYL6,-0.522692,5.79E-05,0.000184,-4.469114,Down
GSE39645,PBOV1,-1.083732,5.79E-05,0.000184,-4.469034,Down
GSE39645,CLPX,0.642062,5.79E-05,0.000184,4.46879,Up
GSE39645,PKHD1,-0.5969,5.79E-05,0.000184,-4.468654,Down
GSE39645,ANXA10,-0.446669,5.8E-05,0.000184,-4.468215,Down
GSE39645,GALNT5///GALNT5,1.174828,5.8E-05,0.000184,4.468203,Up
GSE39645,ERLEC1,0.834024,5.8E-05,0.000184,4.468124,Up
GSE39645,NIT1,0.48358,5.81E-05,0.000184,4.468074,Up
GSE39645,KCNJ4,-0.368169,5.81E-05,0.000185,-4.46762,Down
GSE39645,ZP2,-0.669219,5.81E-05,0.000185,-4.467599,Down
GSE39645,SMURF2,0.762599,5.83E-05,0.000185,4.466893,Up
GSE39645,PRR35,-0.453353,5.83E-05,0.000185,-4.466479,Down
GSE39645,RB1CC1,0.695186,5.84E-05,0.000185,4.465967,Up
GSE39645,USH2A,-0.503845,5.85E-05,0.000186,-4.465649,Down
GSE39645,RAB9B,-0.392483,5.85E-05,0.000186,-4.465587,Down
GSE39645,RPA2,0.47696,5.85E-05,0.000186,4.465567,Up
GSE39645,TFPI,-1.342389,5.85E-05,0.000186,-4.465532,Down
GSE39645,NTAN1,0.588658,5.85E-05,0.000186,4.465416,Up
GSE39645,UBC,0.265824,5.86E-05,0.000186,4.46519,Up
GSE39645,C16orf74,-0.372276,5.87E-05,0.000186,-4.46468,Down
GSE39645,NGLY1,0.542369,5.87E-05,0.000186,4.464446,Up
GSE39645,TMEM209,0.708004,5.88E-05,0.000186,4.463995,Up
GSE39645,ZBED9,-0.604728,5.91E-05,0.000187,-4.462204,Down
GSE39645,GSKIP,0.722647,5.92E-05,0.000187,4.462125,Up
GSE39645,SH2D1B,-0.502441,5.94E-05,0.000188,-4.460879,Down
GSE39645,TMEM156,1.065465,5.94E-05,0.000188,4.460774,Up
GSE39645,SCO1,0.53203,5.94E-05,0.000188,4.460769,Up
GSE39645,NUDT12,0.747048,5.94E-05,0.000188,4.460715,Up
GSE39645,CRX,-0.537782,5.96E-05,0.000189,-4.459668,Down
GSE39645,MYCT1,-0.822685,5.97E-05,0.000189,-4.459311,Down
GSE39645,PGC,-0.567185,5.97E-05,0.000189,-4.459288,Down
GSE39645,PSMC6,0.695027,5.97E-05,0.000189,4.459199,Up
GSE39645,TTC16,-0.353024,5.97E-05,0.000189,-4.459034,Down
GSE39645,IRF4,-0.531132,5.98E-05,0.000189,-4.458973,Down
GSE39645,SMU1,0.456825,5.99E-05,0.00019,4.457966,Up
GSE39645,PPM1J,-0.311864,6E-05,0.00019,-4.457858,Down
GSE39645,LOC105375355///UPK3B,-0.504387,6E-05,0.00019,-4.457634,Down
GSE39645,POLQ,-0.55645,6.01E-05,0.00019,-4.457219,Down
GSE39645,CHGB,-0.665872,6.01E-05,0.00019,-4.457002,Down
GSE39645,C2orf73,-0.548779,6.01E-05,0.00019,-4.456915,Down
GSE39645,ASTL,-0.41208,6.02E-05,0.00019,-4.456844,Down
GSE39645,CASK,0.830953,6.03E-05,0.00019,4.455965,Up
GSE39645,CCDC3,-1.117911,6.04E-05,0.000191,-4.45566,Down
GSE39645,OCLM,-0.548314,6.04E-05,0.000191,-4.455382,Down
GSE39645,TIFAB///DCANP1,-0.422102,6.06E-05,0.000191,-4.45444,Down
GSE39645,MAPK15,-0.431206,6.07E-05,0.000192,-4.453793,Down
GSE39645,C14orf178,-0.35663,6.08E-05,0.000192,-4.453667,Down
GSE39645,LCE3E,-0.392889,6.08E-05,0.000192,-4.453583,Down
GSE39645,MYL5,0.4261,6.09E-05,0.000192,4.452755,Up
GSE39645,IQCG,0.689451,6.1E-05,0.000192,4.452518,Up
GSE39645,ANKRD13C,0.738301,6.1E-05,0.000192,4.45232,Up
GSE39645,EXOSC1,0.715717,6.11E-05,0.000193,4.451887,Up
GSE39645,PPIL4,0.961516,6.11E-05,0.000193,4.45177,Up
GSE39645,RGCC,0.976969,6.12E-05,0.000193,4.451584,Up
GSE39645,LRTM1,-0.5773,6.13E-05,0.000193,-4.451025,Down
GSE39645,LY9,-0.623601,6.13E-05,0.000193,-4.451024,Down
GSE39645,CHRDL1,1.588736,6.13E-05,0.000193,4.450839,Up
GSE39645,TPSD1,-0.447045,6.14E-05,0.000193,-4.45055,Down
GSE39645,TCF15,-0.334139,6.14E-05,0.000193,-4.450507,Down
GSE39645,CDRT15P2///CDRT15///CDRT15P1,-0.659502,6.14E-05,0.000193,-4.450149,Down
GSE39645,ACAN,-0.457397,6.15E-05,0.000193,-4.450003,Down
GSE39645,GTSF1L,-0.566401,6.15E-05,0.000193,-4.449985,Down
GSE39645,SEL1L2///GPR37,-0.964758,6.15E-05,0.000193,-4.449862,Down
GSE39645,OLFML2A,0.662542,6.15E-05,0.000194,4.449627,Up
GSE39645,LARP4B,0.669171,6.16E-05,0.000194,4.449346,Up
GSE39645,TBCC,0.542837,6.16E-05,0.000194,4.449243,Up
GSE39645,HNRNPA1L2,0.467602,6.17E-05,0.000194,4.448957,Up
GSE39645,SCN11A,-0.637228,6.17E-05,0.000194,-4.448855,Down
GSE39645,ELANE,-0.385808,6.17E-05,0.000194,-4.448801,Down
GSE39645,PDSS2,0.45239,6.17E-05,0.000194,4.448772,Up
GSE39645,PPM1N,-0.491376,6.18E-05,0.000194,-4.448365,Down
GSE39645,MEIS2,-0.729498,6.19E-05,0.000194,-4.447864,Down
GSE39645,EFEMP1,-1.56564,6.21E-05,0.000195,-4.446987,Down
GSE39645,ACOT13,0.742626,6.21E-05,0.000195,4.446953,Up
GSE39645,AIPL1,-0.447573,6.21E-05,0.000195,-4.446933,Down
GSE39645,GPR148,-0.515419,6.21E-05,0.000195,-4.446848,Down
GSE39645,SEC62,0.54353,6.21E-05,0.000195,4.446714,Up
GSE39645,BTRC,0.52844,6.21E-05,0.000195,4.446571,Up
GSE39645,SIX2,-0.375587,6.22E-05,0.000195,-4.44639,Down
GSE39645,DHX8,0.467093,6.22E-05,0.000195,4.446067,Up
GSE39645,ZNF268,0.328788,6.23E-05,0.000195,4.446036,Up
GSE39645,FGF8,-0.485056,6.23E-05,0.000195,-4.445712,Down
GSE39645,PROP1,-0.551964,6.24E-05,0.000196,-4.445402,Down
GSE39645,MS4A1,-0.628051,6.24E-05,0.000196,-4.445112,Down
GSE39645,P4HA1///P4HA1,0.925609,6.25E-05,0.000196,4.444583,Up
GSE39645,BPIFB2,-0.453115,6.26E-05,0.000196,-4.444501,Down
GSE39645,PLA2R1,-0.731082,6.27E-05,0.000196,-4.443953,Down
GSE39645,U2SURP,0.740693,6.29E-05,0.000197,4.442973,Up
GSE39645,SOD1,0.363418,6.29E-05,0.000197,4.442792,Up
GSE39645,ZNF543,0.577563,6.29E-05,0.000197,4.442698,Up
GSE39645,PCSK9,-0.401885,6.29E-05,0.000197,-4.442639,Down
GSE39645,ZNF639,0.655638,6.29E-05,0.000197,4.442548,Up
GSE39645,NEUROD4,-0.509698,6.3E-05,0.000197,-4.442319,Down
GSE39645,ZNF184,0.500866,6.3E-05,0.000197,4.442078,Up
GSE39645,ZSCAN10,-0.438445,6.31E-05,0.000197,-4.441751,Down
GSE39645,DDX25,-0.631549,6.32E-05,0.000197,-4.441477,Down
GSE39645,SLMO2-ATP5E///PRELID3B,0.73116,6.32E-05,0.000198,4.441335,Up
GSE39645,SBNO1,0.704203,6.32E-05,0.000198,4.441157,Up
GSE39645,CD164L2,-0.446775,6.33E-05,0.000198,-4.440925,Down
GSE39645,GABRA4,-0.42903,6.33E-05,0.000198,-4.440877,Down
GSE39645,NSMAF,0.529466,6.34E-05,0.000198,4.440178,Up
GSE39645,ZNF761,0.517869,6.34E-05,0.000198,4.440086,Up
GSE39645,CEP63,0.427607,6.35E-05,0.000198,4.439873,Up
GSE39645,HERC2,0.529301,6.36E-05,0.000198,4.439393,Up
GSE39645,MAB21L2,-0.53759,6.36E-05,0.000198,-4.439379,Down
GSE39645,SENP7,0.695052,6.36E-05,0.000199,4.43921,Up
GSE39645,AMBN,-0.614719,6.36E-05,0.000199,-4.439142,Down
GSE39645,USP30,0.430436,6.37E-05,0.000199,4.43899,Up
GSE39645,MYO7B,-0.369814,6.38E-05,0.000199,-4.438306,Down
GSE39645,CSN1S1,-0.402297,6.38E-05,0.000199,-4.43828,Down
GSE39645,STX11,0.972609,6.39E-05,0.000199,4.43772,Up
GSE39645,AOC2,-0.355255,6.4E-05,2E-04,-4.437345,Down
GSE39645,PLCZ1,-0.519089,6.41E-05,2E-04,-4.436598,Down
GSE39645,RGAG1,-0.564907,6.41E-05,2E-04,-4.43656,Down
GSE39645,SPANXA2///SPANXC///SPANXD///SPANXA1,-1.030489,6.43E-05,2E-04,-4.435916,Down
GSE39645,PSKH2,-0.507784,6.43E-05,2E-04,-4.435867,Down
GSE39645,MRPL18,0.590295,6.43E-05,2E-04,4.435705,Up
GSE39645,CYP7B1,0.923171,6.45E-05,0.000201,4.435012,Up
GSE39645,ZFP1,0.493281,6.47E-05,0.000201,4.434079,Up
GSE39645,RNF31,0.363179,6.47E-05,0.000201,4.433935,Up
GSE39645,CLPTM1,0.427211,6.48E-05,0.000202,4.433467,Up
GSE39645,NKPD1,-0.356553,6.48E-05,0.000202,-4.433322,Down
GSE39645,TDRKH,0.405468,6.48E-05,0.000202,4.433288,Up
GSE39645,RAB18,0.860359,6.51E-05,0.000202,4.432026,Up
GSE39645,HOOK1,-0.355112,6.51E-05,0.000203,-4.43193,Down
GSE39645,GLRA3,-0.352663,6.51E-05,0.000203,-4.431673,Down
GSE39645,CFAP46,-0.315467,6.52E-05,0.000203,-4.431567,Down
GSE39645,C1orf100,-0.469186,6.52E-05,0.000203,-4.431185,Down
GSE39645,PIK3C3,0.860409,6.53E-05,0.000203,4.430974,Up
GSE39645,AGBL4,-0.750862,6.54E-05,0.000203,-4.430666,Down
GSE39645,ANAPC10,0.67896,6.56E-05,0.000204,4.429702,Up
GSE39645,NPHS2,-0.586425,6.56E-05,0.000204,-4.429658,Down
GSE39645,GABRG1,-1.127433,6.56E-05,0.000204,-4.42958,Down
GSE39645,SNTB2,-0.470209,6.57E-05,0.000204,-4.429097,Down
GSE39645,OSR2,-0.971269,6.57E-05,0.000204,-4.428894,Down
GSE39645,POMP,0.614965,6.58E-05,0.000204,4.428628,Up
GSE39645,NKX2-2,-0.570833,6.58E-05,0.000204,-4.428619,Down
GSE39645,FAM20B,0.492364,6.58E-05,0.000204,4.428328,Up
GSE39645,LPAR3,-0.766463,6.6E-05,0.000205,-4.427696,Down
GSE39645,SCGN,-0.525653,6.6E-05,0.000205,-4.42763,Down
GSE39645,KCNE5,-0.333656,6.6E-05,0.000205,-4.427549,Down
GSE39645,MRPL19,0.546605,6.6E-05,0.000205,4.427412,Up
GSE39645,BEGAIN,-0.493835,6.62E-05,0.000205,-4.426685,Down
GSE39645,CCDC114,-0.421764,6.63E-05,0.000205,-4.426261,Down
GSE39645,SMAP1,0.417475,6.63E-05,0.000206,4.425995,Up
GSE39645,RNF113A,0.354976,6.64E-05,0.000206,4.42554,Up
GSE39645,WASL,0.385429,6.64E-05,0.000206,4.425472,Up
GSE39645,CD200R1L,-0.375232,6.64E-05,0.000206,-4.425465,Down
GSE39645,GK2,-0.436803,6.66E-05,0.000206,-4.424736,Down
GSE39645,GRIP2,-0.393717,6.69E-05,0.000207,-4.423422,Down
GSE39645,THEM4,0.435221,6.7E-05,0.000207,4.42301,Up
GSE39645,ZAN,-0.445453,6.7E-05,0.000207,-4.422947,Down
GSE39645,WDR33,0.480457,6.7E-05,0.000207,4.422629,Up
GSE39645,ZNF790,0.44906,6.7E-05,0.000207,4.422608,Up
GSE39645,ST6GALNAC3,-0.480552,6.7E-05,0.000207,-4.422557,Down
GSE39645,HS3ST6,-0.372988,6.71E-05,0.000207,-4.422506,Down
GSE39645,GPLD1,-0.465422,6.72E-05,0.000208,-4.422021,Down
GSE39645,FGF17,-0.46057,6.72E-05,0.000208,-4.422009,Down
GSE39645,GOLPH3L,0.790136,6.72E-05,0.000208,4.421716,Up
GSE39645,CCND3,0.382392,6.72E-05,0.000208,4.421674,Up
GSE39645,CKAP5,0.926216,6.74E-05,0.000208,4.421072,Up
GSE39645,C15orf40,0.605966,6.74E-05,0.000208,4.420945,Up
GSE39645,ELP4,0.585119,6.74E-05,0.000208,4.420821,Up
GSE39645,APOH,-0.312511,6.74E-05,0.000208,-4.420755,Down
GSE39645,PHLDA3,0.528203,6.74E-05,0.000208,4.420752,Up
GSE39645,SYCP2L,-0.372019,6.74E-05,0.000208,-4.420695,Down
GSE39645,P2RX3,-0.390935,6.75E-05,0.000209,-4.420328,Down
GSE39645,PTPRT,-0.587128,6.76E-05,0.000209,-4.420052,Down
GSE39645,SLFNL1,-0.558719,6.77E-05,0.000209,-4.419556,Down
GSE39645,BCL2A1,-1.073322,6.77E-05,0.000209,-4.419405,Down
GSE39645,TTC22,-0.373683,6.78E-05,0.000209,-4.418959,Down
GSE39645,SDHAF2,0.576139,6.78E-05,0.000209,4.418838,Up
GSE39645,LAIR2,-0.724664,6.79E-05,0.000209,-4.418692,Down
GSE39645,GPATCH4,0.488706,6.79E-05,0.00021,4.418382,Up
GSE39645,INO80B-WBP1///WBP1,0.300558,6.8E-05,0.00021,4.417955,Up
GSE39645,RAB40B,0.663532,6.8E-05,0.00021,4.417865,Up
GSE39645,MLH3,0.603701,6.81E-05,0.00021,4.417459,Up
GSE39645,NRSN2,0.602209,6.83E-05,0.000211,4.416504,Up
GSE39645,ANGEL1,0.505183,6.85E-05,0.000211,4.415911,Up
GSE39645,KIFC3,0.48169,6.86E-05,0.000211,4.415211,Up
GSE39645,RAB33A,-0.439862,6.88E-05,0.000212,-4.41458,Down
GSE39645,SPATA31A5///SPATA31A3///SPATA31A1///SPATA31C2///LOC642943///SPATA31C1///SPATA31A6///SPATA31A7,-0.547827,6.88E-05,0.000212,-4.414563,Down
GSE39645,SPATS1,-0.616022,6.88E-05,0.000212,-4.414488,Down
GSE39645,MADCAM1,-0.405384,6.88E-05,0.000212,-4.414436,Down
GSE39645,MPP3,-0.348382,6.88E-05,0.000212,-4.414304,Down
GSE39645,JRKL,0.542638,6.89E-05,0.000212,4.413983,Up
GSE39645,ASAP3,-0.439412,6.89E-05,0.000212,-4.413976,Down
GSE39645,MRM2,0.372946,6.89E-05,0.000212,4.413956,Up
GSE39645,PAX8,-0.468158,6.89E-05,0.000212,-4.413922,Down
GSE39645,IPP,0.624984,6.89E-05,0.000212,4.413873,Up
GSE39645,MSS51,-0.437493,6.9E-05,0.000212,-4.413635,Down
GSE39645,CYP2C18,-0.453508,6.92E-05,0.000213,-4.41266,Down
GSE39645,MUC1,-0.501907,6.92E-05,0.000213,-4.412532,Down
GSE39645,AGT,-1.039667,6.92E-05,0.000213,-4.412482,Down
GSE39645,NDUFB3,0.700577,6.92E-05,0.000213,4.41238,Up
GSE39645,NSFL1C,0.426573,6.93E-05,0.000213,4.412318,Up
GSE39645,SLCO4A1,-0.50921,6.94E-05,0.000213,-4.411641,Down
GSE39645,CDHR2,-0.449812,6.95E-05,0.000213,-4.411231,Down
GSE39645,EDEM3,0.842138,6.95E-05,0.000213,4.41121,Up
GSE39645,ADIG,-0.507254,6.95E-05,0.000213,-4.411181,Down
GSE39645,HOXC10,-0.532005,6.96E-05,0.000214,-4.410576,Down
GSE39645,ADAMTS20,-0.447965,6.97E-05,0.000214,-4.410329,Down
GSE39645,MKRN3,-0.550316,6.97E-05,0.000214,-4.410258,Down
GSE39645,KCNJ9,-0.380093,6.99E-05,0.000214,-4.409513,Down
GSE39645,GRHL2,-0.633928,6.99E-05,0.000214,-4.409409,Down
GSE39645,SFTPC,-0.438794,6.99E-05,0.000214,-4.409355,Down
GSE39645,PTPN22,0.760544,6.99E-05,0.000214,4.409318,Up
GSE39645,PRKACB,0.788932,6.99E-05,0.000214,4.409316,Up
GSE39645,AKT3,0.929411,7E-05,0.000215,4.408791,Up
GSE39645,PLP1,1.004687,7.01E-05,0.000215,4.408631,Up
GSE39645,CBARP,-0.348183,7.01E-05,0.000215,-4.40851,Down
GSE39645,GLI3,0.914047,7.01E-05,0.000215,4.408284,Up
GSE39645,A2M,1.163132,7.02E-05,0.000215,4.407838,Up
GSE39645,CD300A,0.878661,7.03E-05,0.000215,4.407708,Up
GSE39645,PRKACA,0.523619,7.03E-05,0.000215,4.407465,Up
GSE39645,SGCG,-0.517191,7.05E-05,0.000216,-4.406716,Down
GSE39645,ONECUT1,-0.347895,7.05E-05,0.000216,-4.406475,Down
GSE39645,DNAJB12,0.323999,7.05E-05,0.000216,4.406465,Up
GSE39645,C1orf127,-0.401436,7.06E-05,0.000216,-4.406285,Down
GSE39645,ZNF230,0.451919,7.06E-05,0.000216,4.406277,Up
GSE39645,DRC7,-0.380607,7.06E-05,0.000216,-4.406143,Down
GSE39645,MYH13,-0.633476,7.06E-05,0.000216,-4.406,Down
GSE39645,AKR1C3,-1.135568,7.07E-05,0.000216,-4.405714,Down
GSE39645,NDUFS1,0.688706,7.08E-05,0.000216,4.405336,Up
GSE39645,KYNU,0.706738,7.08E-05,0.000217,4.405132,Up
GSE39645,COL9A2,-0.425035,7.08E-05,0.000217,-4.405102,Down
GSE39645,CERKL,-0.33088,7.1E-05,0.000217,-4.404611,Down
GSE39645,SLC35G3,-0.602343,7.1E-05,0.000217,-4.404473,Down
GSE39645,ATPAF1,0.40705,7.11E-05,0.000217,4.404199,Up
GSE39645,ATMIN,0.507193,7.11E-05,0.000217,4.404116,Up
GSE39645,TIMM17A,0.75021,7.11E-05,0.000217,4.403991,Up
GSE39645,ANKRA2,0.660933,7.11E-05,0.000217,4.403977,Up
GSE39645,MPHOSPH6,0.745427,7.12E-05,0.000217,4.40336,Up
GSE39645,APOO,0.882532,7.13E-05,0.000218,4.403054,Up
GSE39645,LRRFIP2,0.514901,7.15E-05,0.000218,4.402355,Up
GSE39645,CPEB1,0.591685,7.15E-05,0.000218,4.402231,Up
GSE39645,SNAP23,0.732907,7.15E-05,0.000218,4.402123,Up
GSE39645,HHIPL2,-0.613855,7.16E-05,0.000218,-4.401842,Down
GSE39645,CALCA,-0.574871,7.16E-05,0.000218,-4.40179,Down
GSE39645,PMPCB,0.813603,7.17E-05,0.000219,4.401446,Up
GSE39645,C4orf32,-0.311622,7.18E-05,0.000219,-4.400817,Down
GSE39645,FAM187A///CCDC103,0.569308,7.19E-05,0.000219,4.400581,Up
GSE39645,LAD1,-0.477759,7.2E-05,0.000219,-4.400184,Down
GSE39645,ARID3C,-0.462572,7.2E-05,0.00022,-4.399808,Down
GSE39645,XAB2,0.50881,7.21E-05,0.00022,4.399662,Up
GSE39645,TWSG1,0.591809,7.22E-05,0.00022,4.398942,Up
GSE39645,TTL,0.499673,7.23E-05,0.00022,4.398771,Up
GSE39645,S100A5,-0.492883,7.23E-05,0.00022,-4.398512,Down
GSE39645,TMPRSS3,-0.597491,7.24E-05,0.00022,-4.398353,Down
GSE39645,IGSF6,1.034849,7.24E-05,0.00022,4.39814,Up
GSE39645,SH2D3C,-0.418886,7.25E-05,0.000221,-4.397897,Down
GSE39645,CNOT4,0.53265,7.25E-05,0.000221,4.39769,Up
GSE39645,CT83,-0.59259,7.27E-05,0.000221,-4.396732,Down
GSE39645,TFAP2A-AS1,0.497776,7.28E-05,0.000221,4.396605,Up
GSE39645,GDPGP1,0.478322,7.28E-05,0.000221,4.396408,Up
GSE39645,SDHB,0.803523,7.3E-05,0.000222,4.395784,Up
GSE39645,KIR2DL5B///KIR2DL5A,-0.351431,7.33E-05,0.000223,-4.394145,Down
GSE39645,BCOR///BCOR,0.595694,7.35E-05,0.000223,4.393476,Up
GSE39645,FAM110D,-0.288285,7.35E-05,0.000223,-4.393364,Down
GSE39645,ITGB1,0.484882,7.36E-05,0.000224,4.39311,Up
GSE39645,ITGB2,0.868592,7.36E-05,0.000224,4.393008,Up
GSE39645,VCX3B///VCY1B///VCX3A///VCX2///VCX///VCY,-0.393879,7.36E-05,0.000224,-4.392913,Down
GSE39645,LRRC26,-0.375241,7.37E-05,0.000224,-4.392437,Down
GSE39645,ACTL6B,-0.433049,7.39E-05,0.000224,-4.39162,Down
GSE39645,GABRA1,-0.429244,7.4E-05,0.000225,-4.391243,Down
GSE39645,TRAFD1,0.475871,7.41E-05,0.000225,4.390932,Up
GSE39645,ATP10A,-0.494147,7.42E-05,0.000225,-4.390464,Down
GSE39645,ZNF471,0.647198,7.43E-05,0.000226,4.389905,Up
GSE39645,MTF1,0.661975,7.45E-05,0.000226,4.389056,Up
GSE39645,LOR,-0.433331,7.45E-05,0.000226,-4.38897,Down
GSE39645,CCDC178,-0.293509,7.46E-05,0.000226,-4.388953,Down
GSE39645,MRAS,0.7096,7.46E-05,0.000226,4.38883,Up
GSE39645,MOGS,0.502782,7.47E-05,0.000227,4.38822,Up
GSE39645,AASS,0.731636,7.48E-05,0.000227,4.388068,Up
GSE39645,XPO7,0.723936,7.48E-05,0.000227,4.38789,Up
GSE39645,PCTP,0.877464,7.49E-05,0.000227,4.387667,Up
GSE39645,SPIRE2,-0.332832,7.49E-05,0.000227,-4.387552,Down
GSE39645,MRPL57,0.53063,7.49E-05,0.000227,4.387412,Up
GSE39645,ADPRHL1,-0.440183,7.5E-05,0.000227,-4.387042,Down
GSE39645,ATP9B,0.520453,7.54E-05,0.000228,4.385565,Up
GSE39645,ZNF45,0.488703,7.54E-05,0.000228,4.3852,Up
GSE39645,BMP15,-0.510584,7.55E-05,0.000228,-4.385043,Down
GSE39645,VCAM1,-1.225533,7.55E-05,0.000228,-4.384967,Down
GSE39645,CDC7,-0.625411,7.55E-05,0.000228,-4.384934,Down
GSE39645,OLFML3,0.783984,7.56E-05,0.000229,4.384686,Up
GSE39645,PEBP1,0.382196,7.56E-05,0.000229,4.384681,Up
GSE39645,PLCXD2,-0.448645,7.57E-05,0.000229,-4.384255,Down
GSE39645,FADS6,-0.380827,7.57E-05,0.000229,-4.384167,Down
GSE39645,AWAT1,-0.604235,7.57E-05,0.000229,-4.384066,Down
GSE39645,RAD51C,0.642443,7.59E-05,0.000229,4.383387,Up
GSE39645,TMEM212,-0.829301,7.59E-05,0.000229,-4.383287,Down
GSE39645,YIPF3,0.460127,7.61E-05,0.00023,4.382623,Up
GSE39645,KLHL1,-0.377056,7.61E-05,0.00023,-4.382602,Down
GSE39645,CLEC6A,-0.773395,7.61E-05,0.00023,-4.382368,Down
GSE39645,TBC1D12,0.653221,7.62E-05,0.00023,4.382207,Up
GSE39645,SUGCT,-0.376173,7.62E-05,0.00023,-4.382188,Down
GSE39645,TMEM14EP,-0.549107,7.62E-05,0.00023,-4.382131,Down
GSE39645,UBAP2L,0.522843,7.62E-05,0.00023,4.382119,Up
GSE39645,PLAC9,-0.68551,7.62E-05,0.00023,-4.382001,Down
GSE39645,FCGRT,0.568606,7.64E-05,0.00023,4.381383,Up
GSE39645,FARP1,-0.661894,7.65E-05,0.000231,-4.380905,Down
GSE39645,LHB,-0.650924,7.66E-05,0.000231,-4.38019,Down
GSE39645,MTERF3,0.66052,7.66E-05,0.000231,4.380176,Up
GSE39645,MBOAT4,-0.650594,7.69E-05,0.000232,-4.379076,Down
GSE39645,LCE2D,-0.702618,7.69E-05,0.000232,-4.378907,Down
GSE39645,RAB33B,0.473082,7.7E-05,0.000232,4.378878,Up
GSE39645,VWA3B,-0.582197,7.7E-05,0.000232,-4.378565,Down
GSE39645,TRUB1,0.440844,7.7E-05,0.000232,4.378521,Up
GSE39645,CDSN,-0.323056,7.71E-05,0.000232,-4.378482,Down
GSE39645,TMEM217,-0.727745,7.71E-05,0.000232,-4.378144,Down
GSE39645,CFAP58,-0.662844,7.73E-05,0.000233,-4.377559,Down
GSE39645,GP9,-0.455862,7.74E-05,0.000233,-4.37695,Down
GSE39645,CDH12,-0.471453,7.75E-05,0.000233,-4.376712,Down
GSE39645,CLCNKB,-0.502366,7.75E-05,0.000233,-4.376458,Down
GSE39645,ABCB1,-0.712572,7.76E-05,0.000233,-4.376366,Down
GSE39645,C6orf15,-0.546153,7.77E-05,0.000234,-4.375771,Down
GSE39645,TTLL10,-0.430119,7.77E-05,0.000234,-4.375755,Down
GSE39645,INTS4,0.537177,7.77E-05,0.000234,4.375684,Up
GSE39645,CEP41///CEP41,0.483112,7.79E-05,0.000234,4.374889,Up
GSE39645,TRAF6,0.430733,7.8E-05,0.000234,4.374696,Up
GSE39645,MATK,-0.485832,7.8E-05,0.000234,-4.374657,Down
GSE39645,HIST2H2BE,0.61627,7.84E-05,0.000236,4.373107,Up
GSE39645,TIMELESS,-0.4165,7.85E-05,0.000236,-4.372538,Down
GSE39645,C16orf58,0.33137,7.87E-05,0.000236,4.371897,Up
GSE39645,SMIM8,0.455319,7.88E-05,0.000237,4.37155,Up
GSE39645,KIAA0825,0.519193,7.88E-05,0.000237,4.371458,Up
GSE39645,ATP5SL,0.417948,7.88E-05,0.000237,4.371449,Up
GSE39645,MICALCL,-0.575681,7.88E-05,0.000237,-4.37143,Down
GSE39645,ANKRD34C,-0.542285,7.88E-05,0.000237,-4.371377,Down
GSE39645,CUL2,0.866457,7.88E-05,0.000237,4.371238,Up
GSE39645,SLC23A1,-0.415939,7.89E-05,0.000237,-4.371047,Down
GSE39645,WDTC1,0.662451,7.89E-05,0.000237,4.370879,Up
GSE39645,COQ6,0.369265,7.9E-05,0.000237,4.370562,Up
GSE39645,RALYL,-0.421823,7.91E-05,0.000237,-4.370066,Down
GSE39645,NDN,0.723307,7.92E-05,0.000237,4.369854,Up
GSE39645,NPAS4,-0.384191,7.92E-05,0.000238,-4.369695,Down
GSE39645,DNAI2,-0.395014,7.92E-05,0.000238,-4.369693,Down
GSE39645,PSMA1,0.60017,7.93E-05,0.000238,4.369246,Up
GSE39645,RNASE12///RNASE11,-0.50054,7.95E-05,0.000238,-4.368458,Down
GSE39645,NTS,-0.284125,7.97E-05,0.000239,-4.367697,Down
GSE39645,CPA4,-0.753083,7.98E-05,0.000239,-4.367209,Down
GSE39645,RAB28,0.678363,7.99E-05,0.000239,4.366954,Up
GSE39645,SLC39A9,0.558741,7.99E-05,0.000239,4.366835,Up
GSE39645,PDRG1,0.752827,8E-05,0.000239,4.366757,Up
GSE39645,AURKB,-0.708815,8E-05,0.00024,-4.36654,Down
GSE39645,CD68,0.786681,8E-05,0.00024,4.366493,Up
GSE39645,CYP11B2,-0.503096,8E-05,0.00024,-4.366395,Down
GSE39645,SESN3,0.940222,8.02E-05,0.00024,4.365775,Up
GSE39645,CYB5R4,0.59261,8.02E-05,0.00024,4.365639,Up
GSE39645,ALKBH1,0.569933,8.03E-05,0.00024,4.365424,Up
GSE39645,PCF11,0.653553,8.03E-05,0.00024,4.365397,Up
GSE39645,RNF181,0.339293,8.03E-05,0.00024,4.365352,Up
GSE39645,ZNF217,0.619829,8.04E-05,0.00024,4.365074,Up
GSE39645,ARHGAP31,0.774185,8.04E-05,0.00024,4.365042,Up
GSE39645,ALPK2,-0.998668,8.04E-05,0.00024,-4.364867,Down
GSE39645,CATSPERB,-0.347385,8.05E-05,0.000241,-4.364546,Down
GSE39645,CEP85,0.822249,8.06E-05,0.000241,4.364083,Up
GSE39645,CHST4,-0.661809,8.06E-05,0.000241,-4.364082,Down
GSE39645,GRK2,0.552749,8.08E-05,0.000241,4.363268,Up
GSE39645,ACSM6,-0.704766,8.09E-05,0.000242,-4.363176,Down
GSE39645,SPATA16,-0.500336,8.09E-05,0.000242,-4.36295,Down
GSE39645,RNF183,-0.506979,8.1E-05,0.000242,-4.362738,Down
GSE39645,ZNF836,0.495731,8.1E-05,0.000242,4.36273,Up
GSE39645,SF3B1,0.579492,8.1E-05,0.000242,4.362448,Up
GSE39645,JAGN1,0.487063,8.11E-05,0.000242,4.362376,Up
GSE39645,BABAM1///BABAM1,0.49822,8.13E-05,0.000243,4.36131,Up
GSE39645,SNAPIN,0.804135,8.14E-05,0.000243,4.360982,Up
GSE39645,SULT1E1,-0.521569,8.14E-05,0.000243,-4.360924,Down
GSE39645,GRIN2D,-0.442238,8.15E-05,0.000243,-4.360768,Down
GSE39645,MMP10,-0.426596,8.15E-05,0.000243,-4.360513,Down
GSE39645,CA1,-0.401953,8.16E-05,0.000243,-4.360266,Down
GSE39645,XRN1,0.638354,8.16E-05,0.000243,4.36023,Up
GSE39645,GPR119,-0.769996,8.17E-05,0.000243,-4.360013,Down
GSE39645,AQR,0.676489,8.17E-05,0.000243,4.35999,Up
GSE39645,PSMD13,0.497652,8.18E-05,0.000244,4.359437,Up
GSE39645,GGTLC1,-0.345284,8.19E-05,0.000244,-4.359286,Down
GSE39645,RPN1,0.568239,8.19E-05,0.000244,4.358938,Up
GSE39645,BPIFA3,-0.658168,8.21E-05,0.000245,-4.358209,Down
GSE39645,IL13RA1,0.840354,8.22E-05,0.000245,4.358085,Up
GSE39645,MLH1,0.669112,8.22E-05,0.000245,4.35792,Up
GSE39645,NR1I2,-0.509346,8.22E-05,0.000245,-4.357771,Down
GSE39645,PPY,-0.396057,8.23E-05,0.000245,-4.357439,Down
GSE39645,ZNF607,0.460334,8.24E-05,0.000245,4.357302,Up
GSE39645,SCGB3A2,-0.470212,8.24E-05,0.000245,-4.356986,Down
GSE39645,LIG4,0.703767,8.25E-05,0.000245,4.356813,Up
GSE39645,CELA2A,-0.400202,8.27E-05,0.000246,-4.356141,Down
GSE39645,PDLIM7,-0.622211,8.27E-05,0.000246,-4.355905,Down
GSE39645,ARG1,-0.584217,8.28E-05,0.000246,-4.355568,Down
GSE39645,LYPD4,-0.830031,8.28E-05,0.000246,-4.355526,Down
GSE39645,CPLX3,-0.368318,8.29E-05,0.000246,-4.355236,Down
GSE39645,VGLL2,-0.425509,8.3E-05,0.000246,-4.355023,Down
GSE39645,C1orf228,-0.334966,8.3E-05,0.000247,-4.354887,Down
GSE39645,MOV10,0.524839,8.3E-05,0.000247,4.354855,Up
GSE39645,OTOR,-0.613678,8.31E-05,0.000247,-4.354675,Down
GSE39645,DHRS11,0.643448,8.32E-05,0.000247,4.354242,Up
GSE39645,CD160,-0.480437,8.34E-05,0.000248,-4.353259,Down
GSE39645,PLA2G2D,-0.61066,8.35E-05,0.000248,-4.353049,Down
GSE39645,MOB1B,0.68197,8.36E-05,0.000248,4.352531,Up
GSE39645,MAGEA10,-0.59041,8.36E-05,0.000248,-4.352458,Down
GSE39645,CPSF3,0.901346,8.37E-05,0.000248,4.352254,Up
GSE39645,KLK10,-0.544644,8.37E-05,0.000248,-4.352173,Down
GSE39645,VPS54,0.540774,8.38E-05,0.000248,4.351863,Up
GSE39645,RBM11,1.444176,8.41E-05,0.000249,4.350566,Up
GSE39645,VANGL2,-0.409562,8.42E-05,0.00025,-4.350447,Down
GSE39645,SPTAN1,0.681144,8.45E-05,0.000251,4.349095,Up
GSE39645,NUP210L,-0.463993,8.46E-05,0.000251,-4.348628,Down
GSE39645,KCNRG///TRIM13,0.496355,8.47E-05,0.000251,4.348461,Up
GSE39645,SPATA19,-0.395102,8.48E-05,0.000251,-4.348011,Down
GSE39645,PTP4A1,0.747216,8.5E-05,0.000252,4.347424,Up
GSE39645,NGDN,0.6258,8.5E-05,0.000252,4.347347,Up
GSE39645,SPX,-0.712801,8.52E-05,0.000252,-4.346731,Down
GSE39645,ZNF174,0.48904,8.52E-05,0.000252,4.346548,Up
GSE39645,CD38,-0.596912,8.52E-05,0.000252,-4.346483,Down
GSE39645,SPACA5B///SPACA5,-0.8882,8.52E-05,0.000252,-4.346379,Down
GSE39645,CRYBA2,-0.347849,8.55E-05,0.000253,-4.345436,Down
GSE39645,ERAS,-0.502753,8.55E-05,0.000253,-4.34539,Down
GSE39645,LITAF,0.75946,8.55E-05,0.000253,4.345306,Up
GSE39645,LPAR1,0.681738,8.56E-05,0.000253,4.34505,Up
GSE39645,ILDR1,-0.424111,8.56E-05,0.000253,-4.344876,Down
GSE39645,ZNF641,0.575252,8.58E-05,0.000254,4.344317,Up
GSE39645,OMP,-0.335531,8.59E-05,0.000254,-4.344036,Down
GSE39645,MIEF2,-0.336278,8.59E-05,0.000254,-4.344005,Down
GSE39645,SETD3,0.49576,8.6E-05,0.000254,4.343626,Up
GSE39645,LCE5A,-0.598177,8.6E-05,0.000254,-4.343539,Down
GSE39645,ATP2A1,-0.379769,8.61E-05,0.000254,-4.343184,Down
GSE39645,KRT77,-0.543495,8.61E-05,0.000254,-4.343135,Down
GSE39645,SFT2D1,0.717204,8.63E-05,0.000255,4.342616,Up
GSE39645,POLR1D,0.729558,8.63E-05,0.000255,4.342509,Up
GSE39645,NEU4,-0.368835,8.63E-05,0.000255,-4.342447,Down
GSE39645,TPM3///ROS1,-0.465809,8.63E-05,0.000255,-4.342347,Down
GSE39645,WRB,0.618012,8.63E-05,0.000255,4.342319,Up
GSE39645,SAMD10,-0.385964,8.64E-05,0.000255,-4.342226,Down
GSE39645,RHBDD3,-0.343152,8.65E-05,0.000255,-4.341871,Down
GSE39645,NPBWR2,-0.394105,8.65E-05,0.000255,-4.341819,Down
GSE39645,APPL1,0.75736,8.66E-05,0.000255,4.341306,Up
GSE39645,TYROBP,0.856464,8.67E-05,0.000256,4.340939,Up
GSE39645,ACTR1A,0.809258,8.67E-05,0.000256,4.340856,Up
GSE39645,TRMT112,0.412079,8.69E-05,0.000256,4.340335,Up
GSE39645,HTR3E,-0.433375,8.69E-05,0.000256,-4.340178,Down
GSE39645,ERVFRD-1,-0.48118,8.7E-05,0.000256,-4.339956,Down
GSE39645,RTP3,-0.508992,8.71E-05,0.000257,-4.339385,Down
GSE39645,CSRP2,-0.587635,8.72E-05,0.000257,-4.339199,Down
GSE39645,ST8SIA5,-0.354056,8.74E-05,0.000257,-4.338593,Down
GSE39645,L3HYPDH,0.650081,8.74E-05,0.000257,4.338549,Up
GSE39645,PCYOX1,0.647271,8.75E-05,0.000257,4.338251,Up
GSE39645,HGD,-0.529677,8.75E-05,0.000258,-4.338149,Down
GSE39645,ZNF624,0.479047,8.75E-05,0.000258,4.338111,Up
GSE39645,RHOD,-0.521635,8.75E-05,0.000258,-4.338007,Down
GSE39645,VAMP7,0.575118,8.75E-05,0.000258,4.337964,Up
GSE39645,ADH1C,-1.491076,8.77E-05,0.000258,-4.337291,Down
GSE39645,RBBP8NL,-0.474664,8.78E-05,0.000258,-4.337072,Down
GSE39645,MRPS5,0.433863,8.79E-05,0.000259,4.336612,Up
GSE39645,DEFB132,-0.649539,8.79E-05,0.000259,-4.336529,Down
GSE39645,NLRP13,-0.57763,8.79E-05,0.000259,-4.33645,Down
GSE39645,VPREB1,-0.443349,8.8E-05,0.000259,-4.33628,Down
GSE39645,FNBP4,0.445206,8.81E-05,0.000259,4.336025,Up
GSE39645,WNT9A,-0.321171,8.81E-05,0.000259,-4.335738,Down
GSE39645,ONECUT2,-0.345293,8.84E-05,0.00026,-4.334706,Down
GSE39645,RAB6B,-0.538883,8.84E-05,0.00026,-4.334687,Down
GSE39645,SPAG9,0.701397,8.85E-05,0.00026,4.334452,Up
GSE39645,ROS1///LRIG3///SLC34A2///ROS1,-0.512185,8.85E-05,0.00026,-4.334367,Down
GSE39645,TMEM132B,0.896628,8.86E-05,0.00026,4.334005,Up
GSE39645,NUDCD3,0.331966,8.86E-05,0.00026,4.333972,Up
GSE39645,BPIFB4,-0.347403,8.87E-05,0.00026,-4.333659,Down
GSE39645,ORC4,0.739507,8.9E-05,0.000261,4.332708,Up
GSE39645,KRTAP22-1,-0.651106,8.9E-05,0.000261,-4.332504,Down
GSE39645,DHRS4L1///DHRS4L2///DHRS4,0.500891,8.91E-05,0.000261,4.33227,Up
GSE39645,TMEM106B,0.829927,8.91E-05,0.000261,4.33219,Up
GSE39645,KLK1,-0.833195,8.91E-05,0.000261,-4.332151,Down
GSE39645,TTC38,0.463772,8.92E-05,0.000261,4.332042,Up
GSE39645,ZNF234,0.455275,8.92E-05,0.000261,4.332037,Up
GSE39645,PPP3CB,0.658607,8.92E-05,0.000261,4.33202,Up
GSE39645,MYEOV,-0.552805,8.92E-05,0.000261,-4.331918,Down
GSE39645,SLC4A9,-0.538954,8.92E-05,0.000261,-4.331914,Down
GSE39645,RTN2,-0.340262,8.96E-05,0.000262,-4.330634,Down
GSE39645,IFT46,0.843486,8.96E-05,0.000262,4.330498,Up
GSE39645,OC90,-0.63994,8.97E-05,0.000263,-4.330312,Down
GSE39645,HGSNAT,0.533583,8.98E-05,0.000263,4.32984,Up
GSE39645,TSTD2,0.418146,8.98E-05,0.000263,4.329828,Up
GSE39645,CPA3,-1.168892,8.99E-05,0.000263,-4.329626,Down
GSE39645,TJP3,-0.500862,8.99E-05,0.000263,-4.32949,Down
GSE39645,PNCK,-0.363372,9E-05,0.000263,-4.329195,Down
GSE39645,ZNF839,0.333962,9.01E-05,0.000264,4.328667,Up
GSE39645,PAG1,0.415817,9.01E-05,0.000264,4.328587,Up
GSE39645,ZMYM4,0.623794,9.05E-05,0.000265,4.327417,Up
GSE39645,DHDH,-0.3811,9.06E-05,0.000265,-4.326928,Down
GSE39645,PANX1,0.642615,9.07E-05,0.000265,4.326694,Up
GSE39645,AAK1,0.59979,9.08E-05,0.000265,4.326436,Up
GSE39645,CARMIL1,-0.792747,9.08E-05,0.000265,-4.326354,Down
GSE39645,NECTIN1,-0.374376,9.08E-05,0.000265,-4.32634,Down
GSE39645,SQSTM1,0.429237,9.09E-05,0.000266,4.325973,Up
GSE39645,GUCY2F,-0.813875,9.09E-05,0.000266,-4.32591,Down
GSE39645,GPX6,-0.546061,9.1E-05,0.000266,-4.325468,Down
GSE39645,HIP1,0.704206,9.11E-05,0.000266,4.325341,Up
GSE39645,RFPL2,-0.319652,9.12E-05,0.000266,-4.324724,Down
GSE39645,GJA8,-0.491495,9.13E-05,0.000266,-4.324645,Down
GSE39645,MRPS18A,0.674619,9.13E-05,0.000266,4.324617,Up
GSE39645,FGF22///FGF22,-0.339707,9.13E-05,0.000266,-4.324582,Down
GSE39645,KCNK18,-0.444066,9.15E-05,0.000267,-4.32377,Down
GSE39645,PRL,-0.525132,9.17E-05,0.000268,-4.323137,Down
GSE39645,MEIS1,-0.642803,9.17E-05,0.000268,-4.323074,Down
GSE39645,ELF5,-0.815178,9.18E-05,0.000268,-4.322757,Down
GSE39645,HELQ,0.397708,9.18E-05,0.000268,4.3227,Up
GSE39645,UBE2R2,0.411852,9.19E-05,0.000268,4.322397,Up
GSE39645,LYRM2,0.385785,9.2E-05,0.000268,4.322267,Up
GSE39645,IPO9,0.785761,9.2E-05,0.000268,4.321988,Up
GSE39645,AGO1,0.399947,9.21E-05,0.000268,4.32174,Up
GSE39645,TMEM55A,0.688938,9.22E-05,0.000269,4.321487,Up
GSE39645,LYPD1,1.140865,9.23E-05,0.000269,4.321147,Up
GSE39645,NSF,0.640118,9.23E-05,0.000269,4.321096,Up
GSE39645,PPP2R2D,0.63704,9.23E-05,0.000269,4.320995,Up
GSE39645,SPESP1///NOX5,-0.405812,9.24E-05,0.000269,-4.320769,Down
GSE39645,FOLH1B///FOLH1,-1.265767,9.24E-05,0.000269,-4.320666,Down
GSE39645,EPHA10,-0.414645,9.25E-05,0.000269,-4.32026,Down
GSE39645,TMEM47,0.91378,9.27E-05,0.00027,4.319853,Up
GSE39645,KIF4B///KIF4A,-0.636245,9.27E-05,0.00027,-4.319546,Down
GSE39645,TRAM1,0.525451,9.28E-05,0.00027,4.319418,Up
GSE39645,TBR1,-0.299806,9.28E-05,0.00027,-4.319225,Down
GSE39645,CLK2,0.65628,9.29E-05,0.00027,4.31893,Up
GSE39645,TCAP,-0.520447,9.31E-05,0.000271,-4.318481,Down
GSE39645,KLK3,-0.506654,9.31E-05,0.000271,-4.318409,Down
GSE39645,FER1L6,-0.625447,9.32E-05,0.000271,-4.318138,Down
GSE39645,MTAP,0.351678,9.32E-05,0.000271,4.318055,Up
GSE39645,RAPGEF2,0.582906,9.32E-05,0.000271,4.318022,Up
GSE39645,PCM1,0.776884,9.32E-05,0.000271,4.317902,Up
GSE39645,NDUFB7,0.5526,9.33E-05,0.000271,4.317754,Up
GSE39645,CHURC1-FNTB///FNTB,0.859204,9.35E-05,0.000271,4.317113,Up
GSE39645,LAMB4,-0.515922,9.35E-05,0.000271,-4.316993,Down
GSE39645,UBE2H,0.606641,9.35E-05,0.000271,4.316965,Up
GSE39645,KRTAP5-5,-0.636376,9.35E-05,0.000271,-4.316932,Down
GSE39645,MUSK,-0.563398,9.36E-05,0.000272,-4.316679,Down
GSE39645,ULK3,0.376985,9.37E-05,0.000272,4.316406,Up
GSE39645,MRPL2,0.452027,9.37E-05,0.000272,4.316258,Up
GSE39645,BAZ1B,0.536901,9.38E-05,0.000272,4.315982,Up
GSE39645,WDR11,0.61962,9.39E-05,0.000272,4.315494,Up
GSE39645,CHRNA4,-0.407616,9.41E-05,0.000273,-4.315058,Down
GSE39645,CALML3,-0.436564,9.41E-05,0.000273,-4.314797,Down
GSE39645,CYP26A1,-0.334219,9.42E-05,0.000273,-4.31443,Down
GSE39645,ZNF365,-0.435925,9.45E-05,0.000274,-4.313667,Down
GSE39645,IL25,-0.492806,9.45E-05,0.000274,-4.313542,Down
GSE39645,FOXN1,-0.36237,9.45E-05,0.000274,-4.313539,Down
GSE39645,MKKS,0.747888,9.46E-05,0.000274,4.31334,Up
GSE39645,PRG4,-1.056378,9.46E-05,0.000274,-4.313095,Down
GSE39645,C17orf99,-0.542965,9.46E-05,0.000274,-4.313088,Down
GSE39645,C2orf54,-0.444312,9.47E-05,0.000274,-4.312793,Down
GSE39645,PMP2,1.837102,9.5E-05,0.000275,4.311919,Up
GSE39645,HAMP,0.898672,9.5E-05,0.000275,4.311721,Up
GSE39645,NDUFB8,0.398935,9.52E-05,0.000275,4.311326,Up
GSE39645,FAM213A,0.543315,9.52E-05,0.000276,4.311129,Up
GSE39645,MAPK9,0.51736,9.52E-05,0.000276,4.311063,Up
GSE39645,TAPBPL,0.445878,9.53E-05,0.000276,4.311032,Up
GSE39645,OMD,-1.494282,9.53E-05,0.000276,-4.310963,Down
GSE39645,SLURP1,-0.393422,9.54E-05,0.000276,-4.310572,Down
GSE39645,1,0.39128,9.54E-05,0.000276,4.310548,Up
GSE39645,TMTC3,0.868247,9.55E-05,0.000276,4.31031,Up
GSE39645,FAM132A,-0.364101,9.6E-05,0.000277,-4.30868,Down
GSE39645,CERS3,-0.515747,9.6E-05,0.000277,-4.308636,Down
GSE39645,UPP1,0.714192,9.6E-05,0.000277,4.308457,Up
GSE39645,PAX5,-0.379552,9.61E-05,0.000278,-4.308188,Down
GSE39645,HYAL1,-0.368347,9.61E-05,0.000278,-4.30818,Down
GSE39645,C1orf61,-0.956906,9.62E-05,0.000278,-4.307969,Down
GSE39645,TMEM220,0.370823,9.62E-05,0.000278,4.307873,Up
GSE39645,SURF6,0.446165,9.63E-05,0.000278,4.30748,Up
GSE39645,GATB,1.062661,9.63E-05,0.000278,4.307409,Up
GSE39645,PLEKHN1,-0.299404,9.65E-05,0.000279,-4.30692,Down
GSE39645,TSPO,0.562852,9.66E-05,0.000279,4.306537,Up
GSE39645,KMT2A,0.53074,9.66E-05,0.000279,4.306472,Up
GSE39645,GPATCH1,0.440674,9.68E-05,0.000279,4.305855,Up
GSE39645,ATXN7L3B,0.711369,9.68E-05,0.000279,4.305823,Up
GSE39645,CWC27,0.773678,9.68E-05,0.000279,4.305726,Up
GSE39645,CREG2,-0.394857,9.69E-05,0.000279,-4.30553,Down
GSE39645,LCE3B,-0.547202,9.71E-05,0.00028,-4.305019,Down
GSE39645,H1FNT,-0.409473,9.72E-05,0.00028,-4.304675,Down
GSE39645,PEA15,0.622327,9.73E-05,0.000281,4.304154,Up
GSE39645,MYL1,-0.480982,9.73E-05,0.000281,-4.304117,Down
GSE39645,FAM134B,0.778845,9.75E-05,0.000281,4.303647,Up
GSE39645,KIRREL2,-0.456775,9.75E-05,0.000281,-4.303507,Down
GSE39645,KCNJ11,-0.420676,9.76E-05,0.000281,-4.30319,Down
GSE39645,EPS8L3,-0.53051,9.77E-05,0.000281,-4.303018,Down
GSE39645,DDX18,0.646256,9.78E-05,0.000281,4.302728,Up
GSE39645,KIAA1024,-0.327375,9.8E-05,0.000282,-4.301983,Down
GSE39645,PRSS41,-0.402952,9.82E-05,0.000283,-4.301402,Down
GSE39645,IL11,-0.397443,9.82E-05,0.000283,-4.301164,Down
GSE39645,ZNF777,0.384637,9.82E-05,0.000283,4.301148,Up
GSE39645,TRAF3IP1,0.523918,9.83E-05,0.000283,4.301115,Up
GSE39645,GAL3ST1,1.125038,9.83E-05,0.000283,4.301015,Up
GSE39645,TAS2R42,-0.727262,9.84E-05,0.000283,-4.300796,Down
GSE39645,POU2F3,-0.521602,9.87E-05,0.000284,-4.299737,Down
GSE39645,ZNF747,-0.368529,9.87E-05,0.000284,-4.299571,Down
GSE39645,RAET1L,-0.544606,9.87E-05,0.000284,-4.299528,Down
GSE39645,PTCRA,-0.446944,9.88E-05,0.000284,-4.299224,Down
GSE39645,MUC2,-0.363115,9.89E-05,0.000284,-4.29902,Down
GSE39645,DENR,0.580897,9.91E-05,0.000285,4.298498,Up
GSE39645,HACD2///HACD2,0.768621,9.91E-05,0.000285,4.298495,Up
GSE39645,CDC42BPG,-0.37546,9.91E-05,0.000285,-4.298411,Down
GSE39645,FAM209A,-0.510455,9.91E-05,0.000285,-4.298302,Down
GSE39645,SLC27A4,0.436402,9.91E-05,0.000285,4.298241,Up
GSE39645,TRIM60,-0.463616,9.92E-05,0.000285,-4.298212,Down
GSE39645,HABP2,-0.42537,9.93E-05,0.000285,-4.297881,Down
GSE39645,OPN1MW2///OPN1LW///OPN1MW,-0.46092,9.94E-05,0.000285,-4.297416,Down
GSE39645,MAGEB2,-0.653823,9.95E-05,0.000285,-4.297257,Down
GSE39645,TADA2A,0.68901,9.95E-05,0.000285,4.297243,Up
GSE39645,FAM234B,-0.38978,9.99E-05,0.000286,-4.295956,Down
GSE39645,ARPC4-TTLL3///TTLL3,0.515613,9.99E-05,0.000287,4.295837,Up
GSE39645,CYP2J2,0.730578,9.99E-05,0.000287,4.2958,Up
GSE39645,FCHSD2,0.720153,1E-04,0.000287,4.295345,Up
GSE39645,OOSP2,-0.311978,1E-04,0.000287,-4.294806,Down
GSE39645,CEACAM5,-0.715025,1E-04,0.000287,-4.294726,Down
GSE39645,CD40LG,-0.449049,1E-04,0.000288,-4.294126,Down
GSE39645,GALNT9,-0.384492,0.000101,0.00029,-4.292079,Down
GSE39645,CSGALNACT1,0.794268,0.000101,0.00029,4.291569,Up
GSE39645,GAL,-0.353293,0.000101,0.00029,-4.291507,Down
GSE39645,VPS26B,0.615141,0.000101,0.00029,4.291317,Up
GSE39645,METTL16,0.558096,0.000101,0.00029,4.291237,Up
GSE39645,ZC3H8,0.317402,0.000102,0.000291,4.290281,Up
GSE39645,TCL1B,-0.339414,0.000102,0.000292,-4.289425,Down
GSE39645,PTH,-0.398505,0.000102,0.000292,-4.289372,Down
GSE39645,VPS72,0.51987,0.000102,0.000292,4.288527,Up
GSE39645,TUBA3E,-0.424933,0.000102,0.000293,-4.288166,Down
GSE39645,HOXC11,-0.352368,0.000102,0.000293,-4.288108,Down
GSE39645,DCBLD2,1.063453,0.000102,0.000293,4.287951,Up
GSE39645,CWH43,-0.534677,0.000102,0.000293,-4.287896,Down
GSE39645,KRTAP4-7///KRTAP4-9///KRTAP4-8///KRTAP4-11///KRTAP4-2///KRTAP4-5///KRTAP4-4///KRTAP4-12///KRTAP4-6///KRTAP4-7,-0.608281,0.000102,0.000293,-4.28776,Down
GSE39645,ARG2,0.510754,0.000103,0.000293,4.287474,Up
GSE39645,FUT11,0.45293,0.000103,0.000293,4.287236,Up
GSE39645,TM2D3,0.424469,0.000103,0.000294,4.286831,Up
GSE39645,CDR2,-0.460465,0.000103,0.000294,-4.286487,Down
GSE39645,CHCHD3,0.74984,0.000103,0.000294,4.286361,Up
GSE39645,OXTR,1.317851,0.000103,0.000294,4.286075,Up
GSE39645,ACOT8,0.551906,0.000103,0.000295,4.285564,Up
GSE39645,FABP3,-0.999754,0.000103,0.000295,-4.285427,Down
GSE39645,UBXN4,0.594494,0.000103,0.000295,4.285111,Up
GSE39645,MKX,-0.373847,0.000103,0.000295,-4.285108,Down
GSE39645,TRPV4,-0.371582,0.000103,0.000295,-4.285104,Down
GSE39645,SPANXN3,-0.477717,0.000103,0.000295,-4.284927,Down
GSE39645,CREB1,0.601289,0.000104,0.000296,4.284202,Up
GSE39645,POLR1B,0.60652,0.000104,0.000296,4.284068,Up
GSE39645,C1orf168,-0.461332,0.000104,0.000296,-4.283626,Down
GSE39645,TSC22D4,0.491455,0.000104,0.000296,4.283409,Up
GSE39645,ADH1B,-1.920537,0.000104,0.000296,-4.283308,Down
GSE39645,GDAP1,0.651766,0.000104,0.000296,4.283154,Up
GSE39645,GSR,0.430692,0.000104,0.000296,4.282987,Up
GSE39645,SBK1,-0.347444,0.000104,0.000297,-4.282774,Down
GSE39645,SMNDC1,0.494787,0.000104,0.000297,4.282714,Up
GSE39645,PSMB3,0.580616,0.000104,0.000297,4.282369,Up
GSE39645,ARRDC4,0.966606,0.000104,0.000297,4.281917,Up
GSE39645,HIKESHI,0.584454,0.000104,0.000297,4.281879,Up
GSE39645,COX6A2,-0.371532,0.000104,0.000297,-4.281796,Down
GSE39645,FUBP3,0.370427,0.000105,0.000298,4.280982,Up
GSE39645,CXCL17,-0.626409,0.000105,0.000298,-4.28076,Down
GSE39645,ACSS3,0.766901,0.000105,0.000298,4.280554,Up
GSE39645,TSGA10IP,-0.346142,0.000105,0.000298,-4.280452,Down
GSE39645,COTL1,0.650935,0.000105,0.000298,4.280424,Up
GSE39645,TBC1D21,-0.557538,0.000105,0.000299,-4.279966,Down
GSE39645,SAP30,-0.366123,0.000105,0.000299,-4.279519,Down
GSE39645,KIFAP3,0.700111,0.000105,3E-04,4.278959,Up
GSE39645,TFAP2D,-0.386063,0.000105,3E-04,-4.278809,Down
GSE39645,MMRN2,-0.60895,0.000105,3E-04,-4.278758,Down
GSE39645,TRMO,0.470793,0.000105,3E-04,4.278757,Up
GSE39645,SERPINB12,-0.708379,0.000105,3E-04,-4.278538,Down
GSE39645,SPOCK1,-0.974236,0.000105,3E-04,-4.27851,Down
GSE39645,TMEM87B,0.485164,0.000106,3E-04,4.278386,Up
GSE39645,GHITM,0.535389,0.000106,3E-04,4.278218,Up
GSE39645,RANBP9,0.628639,0.000106,3E-04,4.278197,Up
GSE39645,SDC2,-0.689184,0.000106,3E-04,-4.277601,Down
GSE39645,KRTAP12-3,-0.438839,0.000106,3E-04,-4.2775,Down
GSE39645,NHLH1,-0.364062,0.000106,3E-04,-4.277475,Down
GSE39645,MT1M,1.114277,0.000106,0.000301,4.276822,Up
GSE39645,LY96,1.216815,0.000106,0.000301,4.276619,Up
GSE39645,ZNF287,0.639271,0.000106,0.000301,4.276195,Up
GSE39645,CDC20,-0.810128,0.000106,0.000301,-4.27616,Down
GSE39645,PDHA2,-0.524017,0.000106,0.000302,-4.275836,Down
GSE39645,GLUD2,0.557836,0.000106,0.000302,4.275471,Up
GSE39645,CINP,0.788593,0.000106,0.000302,4.275404,Up
GSE39645,RBM6,0.531402,0.000107,0.000302,4.275309,Up
GSE39645,C2CD4A,-0.386842,0.000107,0.000302,-4.275165,Down
GSE39645,TNNC2,-0.64138,0.000107,0.000302,-4.275021,Down
GSE39645,TSC2,0.523776,0.000107,0.000303,4.274504,Up
GSE39645,C8orf22,-0.654514,0.000107,0.000303,-4.274491,Down
GSE39645,UQCR10,0.519284,0.000107,0.000303,4.274387,Up
GSE39645,GSG2,-0.413189,0.000107,0.000303,-4.274189,Down
GSE39645,YTHDC1,0.563878,0.000107,0.000303,4.274028,Up
GSE39645,PRSS45,-0.469069,0.000107,0.000303,-4.274014,Down
GSE39645,POU5F1P4///POU5F1P3///POU5F1B///POU5F1,-0.370598,0.000107,0.000303,-4.273814,Down
GSE39645,CARMIL3,-0.3588,0.000107,0.000303,-4.27375,Down
GSE39645,CHI3L1,-1.312606,0.000107,0.000303,-4.273694,Down
GSE39645,ARPC4-TTLL3///ARPC4,0.530647,0.000107,0.000303,4.273187,Up
GSE39645,LMO3,-1.131972,0.000107,0.000304,-4.273057,Down
GSE39645,PANK1,-0.307657,0.000107,0.000304,-4.272941,Down
GSE39645,ARHGAP4,0.55617,0.000107,0.000304,4.272511,Up
GSE39645,PKD2L1,-0.582028,0.000108,0.000304,-4.272283,Down
GSE39645,STRCP1///STRC,-0.643286,0.000108,0.000305,-4.271771,Down
GSE39645,RSBN1L,0.63056,0.000108,0.000305,4.271254,Up
GSE39645,SPATA21,-0.518631,0.000108,0.000305,-4.271127,Down
GSE39645,BAHD1,0.584522,0.000108,0.000306,4.2706,Up
GSE39645,GS52,-0.355412,0.000108,0.000306,-4.270243,Down
GSE39645,NGB,-0.422846,0.000108,0.000306,-4.269974,Down
GSE39645,ZRANB1,0.51844,0.000108,0.000306,4.269454,Up
GSE39645,PNLIPRP3,-0.391481,0.000109,0.000307,-4.269028,Down
GSE39645,MYLPF,-0.437507,0.000109,0.000307,-4.269024,Down
GSE39645,ETV6///INO80D,0.694135,0.000109,0.000307,4.268833,Up
GSE39645,RASAL1,-0.435651,0.000109,0.000307,-4.268689,Down
GSE39645,TSSC1,0.543032,0.000109,0.000307,4.268324,Up
GSE39645,SERTM1,-0.456523,0.000109,0.000307,-4.26828,Down
GSE39645,SPATA3,-0.436769,0.000109,0.000308,-4.267747,Down
GSE39645,AVIL,-0.412449,0.000109,0.000308,-4.267499,Down
GSE39645,MOGAT3,-0.452141,0.000109,0.000308,-4.26742,Down
GSE39645,PTGS1,0.83562,0.000109,0.000308,4.26701,Up
GSE39645,JDP2,0.347383,0.000109,0.000308,4.266866,Up
GSE39645,DHX36,0.862737,0.000109,0.000309,4.266536,Up
GSE39645,RBM5,0.615506,0.00011,0.000309,4.266104,Up
GSE39645,CHMP4C,0.914964,0.00011,0.000309,4.266001,Up
GSE39645,SIGLEC12,-0.399661,0.00011,0.000309,-4.265959,Down
GSE39645,ZNF823,0.554343,0.00011,0.000309,4.265645,Up
GSE39645,DRD3,-0.454337,0.00011,0.00031,-4.26531,Down
GSE39645,HNF4G,-0.507002,0.00011,0.00031,-4.265175,Down
GSE39645,HPX,-0.469102,0.00011,0.00031,-4.264799,Down
GSE39645,CMTR2,0.44754,0.00011,0.000311,4.264167,Up
GSE39645,NAT9,0.345058,0.00011,0.000311,4.263968,Up
GSE39645,DEUP1,-0.329086,0.000111,0.000311,-4.263389,Down
GSE39645,AKAP4,-0.780085,0.000111,0.000312,-4.263052,Down
GSE39645,MDGA2,-0.599364,0.000111,0.000312,-4.262715,Down
GSE39645,RHAG,-0.631385,0.000111,0.000312,-4.262609,Down
GSE39645,ARRDC1,0.647854,0.000111,0.000312,4.261937,Up
GSE39645,FAM189A1,-0.375612,0.000111,0.000312,-4.261915,Down
GSE39645,SLC6A17,-0.49169,0.000111,0.000313,-4.261391,Down
GSE39645,CD53,0.907176,0.000111,0.000313,4.261386,Up
GSE39645,RSPO1,-0.446945,0.000111,0.000313,-4.261166,Down
GSE39645,TMSB4XP6///TMSB4XP2///TMSB4XP1///TMSB4X,0.278083,0.000112,0.000313,4.260653,Up
GSE39645,EXOSC8,0.961463,0.000112,0.000314,4.260349,Up
GSE39645,KCNJ18///KCNJ12,-0.435351,0.000112,0.000314,-4.260295,Down
GSE39645,VBP1,0.87975,0.000112,0.000314,4.259897,Up
GSE39645,GLE1,0.365905,0.000112,0.000314,4.259892,Up
GSE39645,PSMD5,0.649541,0.000112,0.000314,4.259375,Up
GSE39645,ADAD2,-0.389628,0.000112,0.000315,-4.25916,Down
GSE39645,CYP4F8,-0.404424,0.000112,0.000315,-4.259044,Down
GSE39645,IFT43,0.592683,0.000112,0.000315,4.258905,Up
GSE39645,FAM19A1,-0.432655,0.000112,0.000315,-4.25882,Down
GSE39645,ALMS1,0.672265,0.000112,0.000315,4.258603,Up
GSE39645,RNF123,0.480076,0.000112,0.000315,4.258487,Up
GSE39645,SCUBE3,-0.673642,0.000112,0.000315,-4.258091,Down
GSE39645,ANXA8L1///ANXA8,-0.474639,0.000113,0.000316,-4.25752,Down
GSE39645,TNK2,0.346478,0.000113,0.000316,4.257286,Up
GSE39645,TCF23,-0.566143,0.000113,0.000316,-4.25719,Down
GSE39645,ZMAT2,0.499183,0.000113,0.000316,4.257082,Up
GSE39645,ZNF880,0.514731,0.000113,0.000316,4.256939,Up
GSE39645,NELL1,-0.601952,0.000113,0.000317,-4.25653,Down
GSE39645,EPB42,-0.432932,0.000113,0.000318,-4.255505,Down
GSE39645,ASTE1,0.398168,0.000113,0.000318,4.255341,Up
GSE39645,NR1H2,0.629316,0.000114,0.000318,4.254969,Up
GSE39645,TSHR///TSHR,-0.449623,0.000114,0.000318,-4.254961,Down
GSE39645,MBD5,0.413571,0.000114,0.000318,4.254431,Up
GSE39645,NCBP2,0.783444,0.000114,0.000319,4.253947,Up
GSE39645,PSG4,-0.824817,0.000114,0.000319,-4.253766,Down
GSE39645,CDK9,0.371226,0.000114,0.000319,4.2537,Up
GSE39645,TAS2R39,-0.961831,0.000114,0.000319,-4.253522,Down
GSE39645,EPX,-0.425834,0.000114,0.000319,-4.253512,Down
GSE39645,RP1L1,-0.48495,0.000114,0.000319,-4.253431,Down
GSE39645,FAT2,-0.488577,0.000114,0.000319,-4.253287,Down
GSE39645,NLRC4,0.772532,0.000114,0.000319,4.25324,Up
GSE39645,SMR3A,-0.586487,0.000114,0.000319,-4.253239,Down
GSE39645,UGT1A3///UGT1A1///UGT1A4///UGT1A9///UGT1A5///UGT1A6///UGT1A7///UGT1A8///UGT1A10,-0.450158,0.000114,0.00032,-4.252759,Down
GSE39645,IGLL1,-0.510587,0.000114,0.00032,-4.252408,Down
GSE39645,GFI1B,-0.410913,0.000115,0.00032,-4.252203,Down
GSE39645,ZRANB2,0.696818,0.000115,0.00032,4.252052,Up
GSE39645,DDC-AS1,-0.420282,0.000115,0.00032,-4.252026,Down
GSE39645,WDR72,-0.415064,0.000115,0.00032,-4.251998,Down
GSE39645,SRD5A2,-0.48942,0.000115,0.00032,-4.251756,Down
GSE39645,KPRP,-0.324686,0.000115,0.00032,-4.25154,Down
GSE39645,TLK1,0.61902,0.000115,0.000321,4.251425,Up
GSE39645,FGF23,-0.618819,0.000115,0.000321,-4.250417,Down
GSE39645,MMP8,-0.663956,0.000116,0.000323,-4.249138,Down
GSE39645,DPYSL4,-0.388666,0.000116,0.000323,-4.249089,Down
GSE39645,ATG3,0.530165,0.000116,0.000324,4.248117,Up
GSE39645,LCMT1,0.506284,0.000116,0.000324,4.247825,Up
GSE39645,GPR6,-0.3028,0.000116,0.000324,-4.247688,Down
GSE39645,CACUL1,0.301303,0.000116,0.000325,4.246846,Up
GSE39645,KLK11,-0.525874,0.000117,0.000325,-4.246498,Down
GSE39645,ZNF248,0.511631,0.000117,0.000325,4.246435,Up
GSE39645,DMTN,-0.548157,0.000117,0.000325,-4.246229,Down
GSE39645,SAA2,-0.520003,0.000117,0.000327,-4.2448,Down
GSE39645,HPN,-0.355121,0.000118,0.000329,-4.242711,Down
GSE39645,PPM1D,0.420267,0.000118,0.00033,4.24165,Up
GSE39645,SLC25A4,0.651507,0.000118,0.00033,4.241576,Up
GSE39645,COMMD10,0.764189,0.000119,0.00033,4.241155,Up
GSE39645,FAM160B1,0.46885,0.000119,0.000331,4.240648,Up
GSE39645,SKP1,0.324806,0.000119,0.000332,4.239743,Up
GSE39645,LRRC74A,-0.541999,0.000119,0.000332,-4.239732,Down
GSE39645,AKR1B1,0.974608,0.000119,0.000332,4.239525,Up
GSE39645,TNPO1,0.541116,0.000119,0.000332,4.239461,Up
GSE39645,DDX53,-0.577829,0.000119,0.000332,-4.239398,Down
GSE39645,SPATA31D1,-0.593384,0.000119,0.000332,-4.239228,Down
GSE39645,C1orf158,-0.60344,0.000119,0.000332,-4.239183,Down
GSE39645,CFAP65,-0.375505,0.000119,0.000332,-4.23887,Down
GSE39645,FBXO6,0.368099,0.00012,0.000333,4.23837,Up
GSE39645,LMNB1,-0.727859,0.00012,0.000333,-4.238084,Down
GSE39645,GPR21,-0.756386,0.00012,0.000333,-4.237367,Down
GSE39645,ARSB,0.530547,0.00012,0.000334,4.237227,Up
GSE39645,PZP,-0.480003,0.00012,0.000334,-4.236809,Down
GSE39645,SH2B2,-0.373148,0.00012,0.000334,-4.236602,Down
GSE39645,DNAJA2///DNAJA2,0.775875,0.00012,0.000334,4.236516,Up
GSE39645,NAGS,-0.302358,0.00012,0.000334,-4.236338,Down
GSE39645,ZBTB38,0.699861,0.00012,0.000334,4.236287,Up
GSE39645,PAEP,-0.503026,0.00012,0.000335,-4.23592,Down
GSE39645,NPAT,0.46007,0.000121,0.000335,4.235537,Up
GSE39645,ITGA7,0.843082,0.000121,0.000335,4.235528,Up
GSE39645,FNDC7,-0.462256,0.000121,0.000335,-4.235358,Down
GSE39645,GDAP2,0.578643,0.000121,0.000335,4.235117,Up
GSE39645,SPATA6L,-0.288243,0.000121,0.000335,-4.235057,Down
GSE39645,HP1BP3,0.608366,0.000121,0.000335,4.234972,Up
GSE39645,DAPL1,-0.483548,0.000121,0.000335,-4.23492,Down
GSE39645,ZC3H12A,-0.546906,0.000121,0.000335,-4.234852,Down
GSE39645,FAP,-1.212649,0.000121,0.000336,-4.234622,Down
GSE39645,GABARAP,0.808151,0.000121,0.000336,4.234517,Up
GSE39645,CTDSP2,0.446336,0.000121,0.000336,4.234443,Up
GSE39645,RNF170,0.697986,0.000121,0.000336,4.234346,Up
GSE39645,H1FOO,-0.473401,0.000121,0.000336,-4.23411,Down
GSE39645,AWAT2,-0.608596,0.000121,0.000336,-4.233538,Down
GSE39645,RNF43,-0.50611,0.000122,0.000337,-4.232719,Down
GSE39645,CTNNA3,1.358588,0.000122,0.000338,4.232345,Up
GSE39645,MYO5B,-0.532736,0.000122,0.000338,-4.231886,Down
GSE39645,TMEM266,-0.437843,0.000122,0.000338,-4.231695,Down
GSE39645,CACNG1,-0.397836,0.000122,0.000338,-4.231435,Down
GSE39645,C1orf87,-0.624824,0.000122,0.000339,-4.230901,Down
GSE39645,ALPP,-0.677319,0.000122,0.000339,-4.230833,Down
GSE39645,C5orf24,0.412949,0.000122,0.000339,4.230788,Up
GSE39645,DROSHA,0.788455,0.000123,0.000339,4.230466,Up
GSE39645,VASP,-0.3611,0.000123,0.000339,-4.230398,Down
GSE39645,ISL1,-0.364498,0.000123,0.00034,-4.229951,Down
GSE39645,PRUNE2,1.075202,0.000123,0.00034,4.229941,Up
GSE39645,TBCCD1,0.45761,0.000124,0.000342,4.227677,Up
GSE39645,THBD,-1.192413,0.000124,0.000342,-4.227661,Down
GSE39645,REM2,-0.435049,0.000124,0.000342,-4.227016,Down
GSE39645,REXO2,0.874378,0.000124,0.000342,4.22693,Up
GSE39645,PLEKHF1,-0.535933,0.000124,0.000342,-4.226875,Down
GSE39645,FSHR,-0.644379,0.000124,0.000342,-4.226852,Down
GSE39645,RAC2,-0.558475,0.000124,0.000343,-4.226393,Down
GSE39645,TCERG1L,-0.343609,0.000124,0.000343,-4.225837,Down
GSE39645,SALL4,-0.453009,0.000124,0.000343,-4.225827,Down
GSE39645,NEFH,-0.766024,0.000124,0.000343,-4.22581,Down
GSE39645,COX15,0.428453,0.000124,0.000344,4.225541,Up
GSE39645,CMTM5,0.641254,0.000125,0.000344,4.224751,Up
GSE39645,EME2,-0.405467,0.000125,0.000345,-4.224614,Down
GSE39645,GIP,-0.487837,0.000125,0.000345,-4.223785,Down
GSE39645,DIRC1,-0.529806,0.000125,0.000345,-4.223765,Down
GSE39645,FAM153C///FAM153A///FAM153B,-0.703547,0.000125,0.000345,-4.223674,Down
GSE39645,CCDC62,-0.43728,0.000125,0.000345,-4.223647,Down
GSE39645,VPS4A,0.599584,0.000125,0.000346,4.223162,Up
GSE39645,DCAF4L2,-0.596583,0.000126,0.000346,-4.222723,Down
GSE39645,MYL12B,0.366111,0.000126,0.000346,4.222477,Up
GSE39645,TOPAZ1,-0.459458,0.000126,0.000346,-4.222463,Down
GSE39645,PPEF2,-0.621986,0.000126,0.000346,-4.222382,Down
GSE39645,RAPGEF3,-0.577829,0.000126,0.000347,-4.222174,Down
GSE39645,EP300,0.59175,0.000126,0.000347,4.221761,Up
GSE39645,FERMT2,0.777562,0.000126,0.000347,4.221612,Up
GSE39645,UQCR11,0.697989,0.000126,0.000348,4.221141,Up
GSE39645,ZBTB8OS,0.668153,0.000126,0.000348,4.220468,Up
GSE39645,UBE2E2,0.589676,0.000127,0.000349,4.219566,Up
GSE39645,CLDND2,-0.324747,0.000127,0.00035,-4.218821,Down
GSE39645,CEBPZ,0.589391,0.000127,0.00035,4.218675,Up
GSE39645,ELOVL5,0.640662,0.000127,0.00035,4.218641,Up
GSE39645,ZNF395,0.558099,0.000127,0.00035,4.218594,Up
GSE39645,VPREB3,-0.391597,0.000127,0.00035,-4.218188,Down
GSE39645,RAB5C,0.477222,0.000127,0.00035,4.218174,Up
GSE39645,3,0.734231,0.000128,0.000351,4.217193,Up
GSE39645,SLC23A3,-0.529962,0.000128,0.000352,-4.216486,Down
GSE39645,ABCC8,-0.347835,0.000128,0.000352,-4.216353,Down
GSE39645,RWDD2A,0.533233,0.000128,0.000352,4.21632,Up
GSE39645,SUZ12,0.797432,0.000128,0.000353,4.215601,Up
GSE39645,MAGEA8,-0.626859,0.000128,0.000353,-4.21545,Down
GSE39645,PRKAR2A,0.359498,0.000128,0.000353,4.21533,Up
GSE39645,CALB1,-0.363654,0.000129,0.000353,-4.215095,Down
GSE39645,FBXO11,0.591429,0.000129,0.000353,4.215081,Up
GSE39645,GJB5,-0.465548,0.000129,0.000353,-4.214896,Down
GSE39645,MAGEC3,-0.41388,0.000129,0.000353,-4.214819,Down
GSE39645,GRM4,-0.399589,0.000129,0.000353,-4.214688,Down
GSE39645,TEX11,-0.30437,0.000129,0.000354,-4.214595,Down
GSE39645,PCSK1,-0.907912,0.000129,0.000354,-4.214489,Down
GSE39645,SSPO,-0.392621,0.000129,0.000354,-4.214394,Down
GSE39645,CDNF,-0.410923,0.000129,0.000354,-4.214089,Down
GSE39645,SPCS1,0.435814,0.000129,0.000354,4.214078,Up
GSE39645,HMGB4,-0.388091,0.000129,0.000354,-4.21367,Down
GSE39645,OPN1MW2///OPN1LW///OPN1MW,-0.469745,0.000129,0.000355,-4.213356,Down
GSE39645,C10orf88,0.501666,0.000129,0.000355,4.213143,Up
GSE39645,FBXO22,0.520402,0.000129,0.000355,4.213142,Up
GSE39645,RXFP4,-0.473387,0.000129,0.000355,-4.212809,Down
GSE39645,PIK3CA,0.69154,0.00013,0.000355,4.212664,Up
GSE39645,LOC399851,-0.40825,0.00013,0.000355,-4.212585,Down
GSE39645,IL17A,-0.572867,0.00013,0.000355,-4.212523,Down
GSE39645,C1orf106,-0.426733,0.00013,0.000355,-4.212443,Down
GSE39645,HSD17B2,-0.599669,0.00013,0.000356,-4.211737,Down
GSE39645,CAMLG,0.527086,0.00013,0.000356,4.211662,Up
GSE39645,C20orf173,-0.635861,0.00013,0.000356,-4.211333,Down
GSE39645,LAT2,0.546048,0.000131,0.000357,4.210167,Up
GSE39645,PTGDR2,-0.348995,0.000131,0.000357,-4.21013,Down
GSE39645,MDFIC,-0.292107,0.000131,0.000358,-4.209745,Down
GSE39645,PBRM1,0.742529,0.000131,0.000358,4.209456,Up
GSE39645,PDE6A,-0.543985,0.000131,0.000359,-4.208618,Down
GSE39645,PKD1L3,-0.453327,0.000131,0.000359,-4.208497,Down
GSE39645,MIOX,-0.408742,0.000131,0.000359,-4.208136,Down
GSE39645,HTRA1,0.467443,0.000131,0.00036,4.207965,Up
GSE39645,MAGEB3,-0.559702,0.000132,0.00036,-4.207741,Down
GSE39645,AKR1C4,-0.358237,0.000132,0.00036,-4.207513,Down
GSE39645,GRP,-0.553726,0.000132,0.00036,-4.207203,Down
GSE39645,PUSL1,-0.279705,0.000132,0.00036,-4.207085,Down
GSE39645,RPRD2,0.615394,0.000132,0.000361,4.206515,Up
GSE39645,SLC30A1,0.59482,0.000132,0.000361,4.206427,Up
GSE39645,ZNF451,0.63339,0.000132,0.000362,4.205754,Up
GSE39645,RGS7BP,-0.534665,0.000132,0.000362,-4.20573,Down
GSE39645,GYPE,-0.585967,0.000132,0.000362,-4.205493,Down
GSE39645,GABRR2,-0.679751,0.000133,0.000362,-4.20538,Down
GSE39645,PRSS36,-0.383865,0.000133,0.000363,-4.203921,Down
GSE39645,PRF1,-0.520342,0.000133,0.000364,-4.203737,Down
GSE39645,NXT2,0.44789,0.000133,0.000364,4.203473,Up
GSE39645,MRPS22,0.50575,0.000133,0.000364,4.203449,Up
GSE39645,ABCA12,-0.567252,0.000134,0.000365,-4.202776,Down
GSE39645,ATP2B2,-0.637931,0.000134,0.000365,-4.202743,Down
GSE39645,SPACA7,-0.338842,0.000134,0.000365,-4.202604,Down
GSE39645,LRRC4B,-0.435614,0.000134,0.000365,-4.202381,Down
GSE39645,BICD2,0.465499,0.000134,0.000365,4.202319,Up
GSE39645,WNT8B,-0.548263,0.000134,0.000365,-4.202063,Down
GSE39645,CYP3A4///CYP3A4,-0.657426,0.000134,0.000365,-4.201891,Down
GSE39645,UMOD,-0.347603,0.000135,0.000367,-4.200509,Down
GSE39645,SYT10,1.014116,0.000135,0.000367,4.200443,Up
GSE39645,COL13A1,-0.483637,0.000135,0.000367,-4.200153,Down
GSE39645,NR0B2,-0.553122,0.000135,0.000367,-4.200029,Down
GSE39645,ZG16,-0.802756,0.000135,0.000367,-4.199677,Down
GSE39645,ZKSCAN1,0.552182,0.000135,0.000367,4.19963,Up
GSE39645,LRRC56,-0.374108,0.000135,0.000367,-4.199547,Down
GSE39645,IZUMO1,-0.425939,0.000135,0.000367,-4.199542,Down
GSE39645,KRTAP10-1,-0.56617,0.000135,0.000367,-4.199519,Down
GSE39645,YBX2,-0.339616,0.000135,0.000367,-4.199379,Down
GSE39645,HEXB,0.518177,0.000135,0.000367,4.199362,Up
GSE39645,ANTXR1,0.794562,0.000135,0.000368,4.199195,Up
GSE39645,PRSS50,-0.442673,0.000135,0.000368,-4.199077,Down
GSE39645,TMEM115,0.383972,0.000135,0.000368,4.199068,Up
GSE39645,NUP62CL,-0.405244,0.000135,0.000369,-4.198273,Down
GSE39645,IRX2,-0.307463,0.000136,0.000369,-4.198092,Down
GSE39645,PIN4,0.611138,0.000136,0.000369,4.198021,Up
GSE39645,TRIM65,-0.297431,0.000136,0.000369,-4.197775,Down
GSE39645,RNASE7,-0.629547,0.000136,0.000369,-4.197658,Down
GSE39645,LRRC20,-0.3066,0.000136,0.000369,-4.197539,Down
GSE39645,SLC35B3,0.552707,0.000136,0.00037,4.197101,Up
GSE39645,RBBP8,0.848567,0.000136,0.00037,4.196522,Up
GSE39645,LOC105370792,-0.437972,0.000136,0.00037,-4.196381,Down
GSE39645,CLEC4D,-0.682444,0.000136,0.00037,-4.196328,Down
GSE39645,WFDC6,-0.809858,0.000136,0.00037,-4.196099,Down
GSE39645,NA,-0.379982,0.000136,0.000371,-4.195914,Down
GSE39645,NKX6-3,-0.325098,0.000136,0.000371,-4.195883,Down
GSE39645,CETN2,0.595963,0.000137,0.000371,4.195336,Up
GSE39645,SLC6A7,-0.405846,0.000137,0.000371,-4.195308,Down
GSE39645,GPR26,-0.65583,0.000137,0.000371,-4.195273,Down
GSE39645,TRPV6,-0.571954,0.000137,0.000371,-4.194992,Down
GSE39645,SPRR4,-0.626478,0.000137,0.000371,-4.194931,Down
GSE39645,RABAC1,0.382771,0.000137,0.000372,4.194574,Up
GSE39645,MAP2K2,0.3337,0.000137,0.000372,4.194363,Up
GSE39645,ZXDC,0.410957,0.000137,0.000372,4.194357,Up
GSE39645,MYH6,-0.371742,0.000137,0.000372,-4.193873,Down
GSE39645,PRKCB,-0.709048,0.000137,0.000372,-4.193791,Down
GSE39645,SLAMF9,-0.468257,0.000137,0.000372,-4.193759,Down
GSE39645,ARHGEF4,-0.553938,0.000137,0.000373,-4.193564,Down
GSE39645,AGFG2,-0.398731,0.000138,0.000373,-4.193387,Down
GSE39645,LY6G6D,-0.621831,0.000138,0.000373,-4.193105,Down
GSE39645,SEBOX,-0.447105,0.000138,0.000373,-4.192895,Down
GSE39645,KRTAP5-10,-0.669406,0.000138,0.000373,-4.192887,Down
GSE39645,MARCH7,0.728408,0.000138,0.000373,4.192868,Up
GSE39645,FOXI2,-0.388553,0.000138,0.000373,-4.192669,Down
GSE39645,CCL1,-0.684748,0.000138,0.000374,-4.192331,Down
GSE39645,CDC14B,0.499286,0.000138,0.000374,4.192265,Up
GSE39645,ARIH2,0.479263,0.000138,0.000374,4.192224,Up
GSE39645,TRPA1,-0.411481,0.000138,0.000374,-4.19205,Down
GSE39645,BARHL1,-0.326486,0.000138,0.000374,-4.191824,Down
GSE39645,GAD2,-0.534919,0.000138,0.000374,-4.191803,Down
GSE39645,UBB,-0.399255,0.000138,0.000374,-4.191505,Down
GSE39645,RANGRF,0.471074,0.000138,0.000374,4.191446,Up
GSE39645,PROKR1///PROKR1,-0.546419,0.000138,0.000374,-4.191355,Down
GSE39645,SYT9,-0.638226,0.000138,0.000374,-4.191286,Down
GSE39645,GSS,0.512241,0.000139,0.000375,4.190544,Up
GSE39645,GAREM2,-0.295397,0.000139,0.000376,-4.189907,Down
GSE39645,1,1.941137,0.000139,0.000376,4.189688,Up
GSE39645,ZBTB46,-0.299476,0.000139,0.000376,-4.189499,Down
GSE39645,VPS36,0.692727,0.000139,0.000376,4.189176,Up
GSE39645,MAST3,0.534669,0.000139,0.000376,4.189119,Up
GSE39645,ERMN,-0.996169,0.000139,0.000376,-4.18907,Down
GSE39645,TULP4,0.563196,0.000139,0.000377,4.188888,Up
GSE39645,ZCCHC9,0.351459,0.00014,0.000377,4.188644,Up
GSE39645,BATF,-0.709755,0.00014,0.000377,-4.188431,Down
GSE39645,MLC1,-0.874871,0.00014,0.000377,-4.188158,Down
GSE39645,SH2D4B,-0.546058,0.00014,0.000378,-4.187759,Down
GSE39645,CYB561A3,0.501938,0.00014,0.000378,4.187429,Up
GSE39645,TMEM131,0.659183,0.00014,0.000378,4.187145,Up
GSE39645,KRT33B,-0.530503,0.00014,0.000379,-4.18689,Down
GSE39645,XKR9,-0.563296,0.00014,0.000379,-4.186783,Down
GSE39645,PPBP,-1.089025,0.00014,0.000379,-4.186659,Down
GSE39645,TNFRSF10A,-0.471997,0.000141,0.00038,-4.185868,Down
GSE39645,AP3B1,0.637364,0.000141,0.00038,4.185856,Up
GSE39645,TIE1,-0.65943,0.000141,0.00038,-4.185725,Down
GSE39645,2,-0.444449,0.000141,0.00038,-4.185592,Down
GSE39645,RNF141,0.83058,0.000141,0.00038,4.185514,Up
GSE39645,VWC2L,-0.568683,0.000141,0.00038,-4.185301,Down
GSE39645,MEF2C,0.873436,0.000141,0.00038,4.185117,Up
GSE39645,LRRIQ4,-0.441981,0.000141,0.00038,-4.185099,Down
GSE39645,EID3,-0.368798,0.000141,0.00038,-4.185079,Down
GSE39645,FAM124B,-0.547954,0.000141,0.00038,-4.184714,Down
GSE39645,TMC3,-0.548527,0.000141,0.000381,-4.18434,Down
GSE39645,C9orf78,0.526487,0.000142,0.000381,4.184044,Up
GSE39645,KCNH6,-0.403828,0.000142,0.000381,-4.184014,Down
GSE39645,NT5C,0.377322,0.000142,0.000381,4.183813,Up
GSE39645,PDIA3P1///PDIA3,0.70017,0.000142,0.000381,4.18357,Up
GSE39645,FOXQ1,-0.360862,0.000142,0.000382,-4.183514,Down
GSE39645,DNTT,-0.618377,0.000142,0.000382,-4.182978,Down
GSE39645,TMPRSS2///LOC285847///FKBP5,-0.526685,0.000142,0.000382,-4.182763,Down
GSE39645,YIPF2,0.327182,0.000142,0.000383,4.182188,Up
GSE39645,BFSP2,-0.633259,0.000143,0.000384,-4.181485,Down
GSE39645,SLC26A8,-0.513898,0.000143,0.000384,-4.181458,Down
GSE39645,FRG2C///FRG2EP///FRG2///FRG2B,-0.752143,0.000143,0.000384,-4.181282,Down
GSE39645,KERA,-0.582115,0.000143,0.000384,-4.181078,Down
GSE39645,GLT8D1,0.78603,0.000143,0.000384,4.180808,Up
GSE39645,ZFAND3,0.582816,0.000143,0.000384,4.180734,Up
GSE39645,MMP20,-0.459551,0.000143,0.000385,-4.180163,Down
GSE39645,CSAG2///CSAG3///CSAG1,-0.834382,0.000143,0.000385,-4.180099,Down
GSE39645,CLEC4F,-0.527105,0.000143,0.000385,-4.179993,Down
GSE39645,UBL5,0.322126,0.000143,0.000385,4.179956,Up
GSE39645,MAP3K15,-0.422975,0.000143,0.000385,-4.179903,Down
GSE39645,MUC16,-0.64645,0.000144,0.000385,-4.179628,Down
GSE39645,ACOX1,0.616169,0.000144,0.000386,4.17905,Up
GSE39645,ODF3L2,-0.39408,0.000144,0.000386,-4.178543,Down
GSE39645,PTPN23,0.419448,0.000144,0.000387,4.178057,Up
GSE39645,ANXA8L1///ANXA8,-0.407698,0.000144,0.000387,-4.177833,Down
GSE39645,GIF,-0.617942,0.000145,0.000388,-4.177315,Down
GSE39645,MRPL9,0.530057,0.000145,0.000388,4.177284,Up
GSE39645,SOX30,-0.503853,0.000145,0.000388,-4.17666,Down
GSE39645,MDM4,0.791005,0.000145,0.000388,4.176552,Up
GSE39645,ZSCAN21,0.364016,0.000145,0.000388,4.176484,Up
GSE39645,PNLIP///COL1A2,-0.519298,0.000145,0.000389,-4.175741,Down
GSE39645,FAM71D,-0.510301,0.000145,0.000389,-4.17569,Down
GSE39645,SEMA3G,-0.549551,0.000146,0.00039,-4.175126,Down
GSE39645,USP21,0.424929,0.000146,0.00039,4.175036,Up
GSE39645,MRPS9,0.546841,0.000146,0.00039,4.174933,Up
GSE39645,C12orf29,0.507414,0.000146,0.00039,4.174831,Up
GSE39645,SCGB1D4,-0.366961,0.000146,0.00039,-4.174786,Down
GSE39645,MC2R,-0.783402,0.000146,0.00039,-4.174498,Down
GSE39645,GPR78,-0.386624,0.000146,0.000391,-4.173997,Down
GSE39645,IL6,-2.186779,0.000146,0.000392,-4.173163,Down
GSE39645,TNFRSF13B,-0.507741,0.000147,0.000392,-4.172702,Down
GSE39645,CACNG2,-0.506448,0.000147,0.000393,-4.17231,Down
GSE39645,UTP6,0.594682,0.000147,0.000393,4.172061,Up
GSE39645,CCNK,0.515532,0.000147,0.000393,4.171774,Up
GSE39645,MATN4,-0.443102,0.000147,0.000394,-4.17154,Down
GSE39645,SCGB1A1,-0.495695,0.000147,0.000394,-4.171521,Down
GSE39645,OVGP1,-0.381448,0.000147,0.000394,-4.171424,Down
GSE39645,BTBD16,-0.412762,0.000147,0.000394,-4.171334,Down
GSE39645,TUBA3C,-0.492281,0.000147,0.000394,-4.171139,Down
GSE39645,POLR2L,0.39741,0.000147,0.000394,4.171041,Up
GSE39645,ADGRF4,-0.60379,0.000148,0.000394,-4.170637,Down
GSE39645,TMEM248,0.555981,0.000148,0.000395,4.170457,Up
GSE39645,MED10,0.785303,0.000148,0.000395,4.170398,Up
GSE39645,POLR2J,0.436721,0.000148,0.000395,4.170342,Up
GSE39645,CPNE5,-0.407569,0.000148,0.000395,-4.169995,Down
GSE39645,PCNA,0.962386,0.000148,0.000395,4.169765,Up
GSE39645,EMC4///EMC4,0.364277,0.000148,0.000395,4.1695,Up
GSE39645,ZMYM2,0.630932,0.000148,0.000395,4.169363,Up
GSE39645,GPR75,-0.628912,0.000149,0.000396,-4.168526,Down
GSE39645,GOLGB1,0.618806,0.000149,0.000397,4.168315,Up
GSE39645,GCNT3,-0.596446,0.000149,0.000397,-4.168308,Down
GSE39645,VCX3B///VCY1B///VCX3A///VCX2///VCX///VCY,-0.500365,0.000149,0.000397,-4.167999,Down
GSE39645,FAM109B,-0.408169,0.000149,0.000397,-4.167892,Down
GSE39645,GBP3,1.047719,0.000149,0.000397,4.167616,Up
GSE39645,SLC22A10,-0.674916,0.000149,0.000397,-4.167592,Down
GSE39645,CRISP2,-0.398583,0.000149,0.000397,-4.167456,Down
GSE39645,FRG2C///FRG2EP///FRG2///FRG2B,-0.709608,0.000149,0.000397,-4.16743,Down
GSE39645,ASCC2,0.480274,0.000149,0.000398,4.167147,Up
GSE39645,DNAH11,-0.454054,0.000149,0.000398,-4.167027,Down
GSE39645,CBLL1,0.526705,0.000149,0.000398,4.166901,Up
GSE39645,GH1,-0.491279,0.000149,0.000398,-4.166867,Down
GSE39645,COX7B,1.25097,0.000149,0.000398,4.166767,Up
GSE39645,IK,0.496254,0.00015,0.000399,4.166171,Up
GSE39645,TM4SF19-TCTEX1D2///TM4SF19,-0.589372,0.00015,0.000399,-4.166105,Down
GSE39645,USP10,0.738852,0.00015,0.000399,4.165976,Up
GSE39645,CLDND1,0.672468,0.00015,0.000399,4.165869,Up
GSE39645,TOP2B,0.868683,0.00015,0.000399,4.165579,Up
GSE39645,RNF207,-0.328856,0.00015,4E-04,-4.165015,Down
GSE39645,SLC35B4,0.559097,0.00015,4E-04,4.164969,Up
GSE39645,METTL7A,0.895174,0.00015,4E-04,4.164761,Up
GSE39645,CAPN9,-0.476994,0.00015,4E-04,-4.164595,Down
GSE39645,C9orf24,-0.429823,0.00015,4E-04,-4.164544,Down
GSE39645,SARS,0.471501,0.000151,4E-04,4.164373,Up
GSE39645,TM4SF5,-0.476878,0.000151,0.000401,-4.163772,Down
GSE39645,ESCO1,0.567982,0.000151,0.000402,4.163087,Up
GSE39645,CNOT7,0.717284,0.000151,0.000402,4.162786,Up
GSE39645,CDK19,0.481326,0.000151,0.000402,4.162778,Up
GSE39645,ICE1,0.636479,0.000151,0.000402,4.162691,Up
GSE39645,FBXO45,0.665437,0.000151,0.000402,4.162686,Up
GSE39645,NUP37,0.94451,0.000151,0.000402,4.162569,Up
GSE39645,NSD1,0.523034,0.000151,0.000402,4.162481,Up
GSE39645,CD70,-0.41107,0.000151,0.000402,-4.162438,Down
GSE39645,SLC13A1,-0.511385,0.000152,0.000402,-4.162216,Down
GSE39645,IFNL1,-0.405175,0.000152,0.000402,-4.162005,Down
GSE39645,MAGEB4///MAGEB1,-0.438372,0.000152,0.000402,-4.161952,Down
GSE39645,PSMD8,0.668674,0.000152,0.000403,4.161522,Up
GSE39645,FAM172A,0.865562,0.000152,0.000403,4.161087,Up
GSE39645,TONSL,-0.339389,0.000152,0.000404,-4.160546,Down
GSE39645,FAM47C,-0.394153,0.000153,0.000405,-4.159977,Down
GSE39645,MAK,-0.50065,0.000153,0.000405,-4.159958,Down
GSE39645,DDB1,0.714927,0.000153,0.000405,4.159855,Up
GSE39645,TMEM211,-0.731911,0.000153,0.000405,-4.159732,Down
GSE39645,SIAH1,0.284242,0.000153,0.000405,4.159527,Up
GSE39645,C6orf118,-0.305652,0.000153,0.000405,-4.159096,Down
GSE39645,KRTCAP2,0.333607,0.000153,0.000405,4.159091,Up
GSE39645,GLYCTK,-0.367805,0.000153,0.000406,-4.158563,Down
GSE39645,INPP4A,0.572688,0.000153,0.000406,4.158274,Up
GSE39645,KRTAP4-7///KRTAP4-9///KRTAP4-8///KRTAP4-11///KRTAP4-2///KRTAP4-5///KRTAP4-4///KRTAP4-12///KRTAP4-6///KRTAP4-7,-0.567298,0.000153,0.000406,-4.158228,Down
GSE39645,RAB1B,0.479801,0.000153,0.000406,4.158071,Up
GSE39645,MTNR1A,-0.54607,0.000154,0.000407,-4.157763,Down
GSE39645,ZMPSTE24,0.790559,0.000154,0.000407,4.157258,Up
GSE39645,BDH2,0.475953,0.000154,0.000408,4.157017,Up
GSE39645,WDR87,-0.743413,0.000154,0.000408,-4.156673,Down
GSE39645,DLX3,-0.4308,0.000154,0.000408,-4.156581,Down
GSE39645,ZNF417,0.620689,0.000154,0.000408,4.156328,Up
GSE39645,FAM200B,0.634228,0.000155,0.000409,4.155452,Up
GSE39645,GBP7,0.532628,0.000155,0.000409,4.155409,Up
GSE39645,LRRK2,0.795147,0.000155,0.000409,4.155345,Up
GSE39645,IFI30,1.098328,0.000155,0.00041,4.15505,Up
GSE39645,COQ9,0.490397,0.000155,0.000411,4.154269,Up
GSE39645,DIRC2,0.516847,0.000155,0.000411,4.154145,Up
GSE39645,SULT2A1,-0.580799,0.000155,0.000411,-4.154013,Down
GSE39645,PRSS55,-0.446652,0.000156,0.000412,-4.153315,Down
GSE39645,NA,0.640489,0.000156,0.000412,4.153258,Up
GSE39645,TYR,-0.504694,0.000156,0.000412,-4.153221,Down
GSE39645,PCP2,-0.40556,0.000156,0.000412,-4.152767,Down
GSE39645,SLC26A3,-0.666432,0.000156,0.000412,-4.152675,Down
GSE39645,PRG3,-0.510045,0.000156,0.000413,-4.151972,Down
GSE39645,MRPL22,0.700527,0.000156,0.000413,4.151901,Up
GSE39645,NARS,0.557936,0.000156,0.000413,4.151828,Up
GSE39645,NRG3,-0.814942,0.000157,0.000413,-4.151484,Down
GSE39645,MYO3B,-0.538672,0.000157,0.000414,-4.15107,Down
GSE39645,ANXA8L1///ANXA8,-0.413813,0.000157,0.000414,-4.150956,Down
GSE39645,LY6K,-1.21366,0.000157,0.000414,-4.150753,Down
GSE39645,SLC1A6,-0.514107,0.000157,0.000415,-4.150372,Down
GSE39645,IL17F,-0.634147,0.000157,0.000415,-4.150201,Down
GSE39645,COL19A1,-0.467912,0.000157,0.000415,-4.150091,Down
GSE39645,DMRTB1,-0.371791,0.000158,0.000416,-4.149518,Down
GSE39645,C6orf222,-0.464552,0.000158,0.000416,-4.149392,Down
GSE39645,MRPL21,0.486656,0.000158,0.000416,4.149387,Up
GSE39645,THAP1,0.441675,0.000158,0.000416,4.14882,Up
GSE39645,CRNKL1,0.401014,0.000158,0.000416,4.148757,Up
GSE39645,APPBP2,0.743379,0.000158,0.000416,4.148738,Up
GSE39645,DCTN1,0.514249,0.000158,0.000416,4.148594,Up
GSE39645,ACAD9,0.582716,0.000158,0.000417,4.148357,Up
GSE39645,FOXC1,-0.315513,0.000158,0.000417,-4.147793,Down
GSE39645,ZYG11B,0.51072,0.000158,0.000417,4.14778,Up
GSE39645,FOXI1,-0.461879,0.000159,0.000417,-4.147548,Down
GSE39645,TMEM92,-0.451403,0.000159,0.000417,-4.147501,Down
GSE39645,ACAD10,0.455631,0.000159,0.000418,4.146654,Up
GSE39645,EIF4E1B,-0.41121,0.000159,0.000419,-4.146476,Down
GSE39645,CBLN2,-0.321066,0.000159,0.000419,-4.146322,Down
GSE39645,GPHN,0.448989,0.000159,0.000419,4.146068,Up
GSE39645,RGS21,-0.252958,0.000159,0.000419,-4.145726,Down
GSE39645,TMEM127,0.285329,0.00016,0.00042,4.145468,Up
GSE39645,C15orf53,-0.702113,0.00016,0.00042,-4.145358,Down
GSE39645,FAM169B,-0.567751,0.00016,0.00042,-4.145208,Down
GSE39645,KCNA7,-0.445681,0.00016,0.00042,-4.14511,Down
GSE39645,WFDC11,-0.491628,0.00016,0.00042,-4.144687,Down
GSE39645,BCL2L10,-0.320849,0.00016,0.000421,-4.144551,Down
GSE39645,PACRGL,0.535678,0.00016,0.000421,4.144079,Up
GSE39645,PNPLA8,0.698485,0.00016,0.000421,4.143968,Up
GSE39645,SERP2,0.614555,0.00016,0.000421,4.143895,Up
GSE39645,KRT24,-0.504874,0.00016,0.000421,-4.143788,Down
GSE39645,SORBS1,0.804725,0.000161,0.000422,4.14307,Up
GSE39645,MORN5,-0.528727,0.000161,0.000422,-4.143035,Down
GSE39645,NSG1,-0.495438,0.000161,0.000422,-4.142792,Down
GSE39645,ANKIB1,0.745041,0.000161,0.000423,4.142639,Up
GSE39645,FAM162A,0.686429,0.000162,0.000424,4.141617,Up
GSE39645,DDAH1,0.755347,0.000162,0.000425,4.140914,Up
GSE39645,VEZT,0.799752,0.000162,0.000425,4.140795,Up
GSE39645,SLC28A3,-0.725732,0.000162,0.000425,-4.140253,Down
GSE39645,VCAN,-1.285557,0.000162,0.000426,-4.140182,Down
GSE39645,DAOA,-0.516199,0.000162,0.000426,-4.139749,Down
GSE39645,ZCCHC11,0.496742,0.000163,0.000426,4.139623,Up
GSE39645,CHRNB3,-0.402811,0.000163,0.000427,-4.139218,Down
GSE39645,KRTAP12-4,-0.609157,0.000163,0.000427,-4.138555,Down
GSE39645,SPC24,-0.632427,0.000163,0.000427,-4.138447,Down
GSE39645,GATA6,-0.464392,0.000163,0.000428,-4.138333,Down
GSE39645,CA8,-0.421779,0.000163,0.000428,-4.138169,Down
GSE39645,ZNF345,0.444398,0.000163,0.000428,4.138107,Up
GSE39645,F7,-0.41916,0.000163,0.000428,-4.13794,Down
GSE39645,COL10A1,-0.375983,0.000164,0.000429,-4.137011,Down
GSE39645,NA,-0.387517,0.000164,0.000429,-4.136765,Down
GSE39645,MYOM3,-0.49859,0.000164,0.00043,-4.136356,Down
GSE39645,PYGO2,0.377192,0.000164,0.00043,4.13634,Up
GSE39645,TNP2,-0.431063,0.000164,0.00043,-4.135986,Down
GSE39645,ZNF17,0.450219,0.000164,0.00043,4.135702,Up
GSE39645,KANSL1,0.333362,0.000164,0.00043,4.135697,Up
GSE39645,RNASE12///RNASE11,-0.385683,0.000165,0.000431,-4.135438,Down
GSE39645,CCL17,-0.423286,0.000165,0.000431,-4.13488,Down
GSE39645,FARP2,0.399743,0.000165,0.000432,4.134616,Up
GSE39645,ISM2,-0.539872,0.000165,0.000432,-4.134268,Down
GSE39645,RXFP3,-0.35802,0.000165,0.000432,-4.134243,Down
GSE39645,DGKH,-0.400213,0.000165,0.000432,-4.134187,Down
GSE39645,PPP4R3B,0.680118,0.000165,0.000432,4.13418,Up
GSE39645,ALG14,0.553993,0.000165,0.000432,4.13411,Up
GSE39645,PLSCR2,-0.430561,0.000165,0.000432,-4.133898,Down
GSE39645,GPR87,-0.671495,0.000165,0.000432,-4.133831,Down
GSE39645,MAVS,0.400765,0.000166,0.000432,4.133649,Up
GSE39645,KRTAP10-12///KRTAP10-3///KRTAP10-2///KRTAP10-11///KRTAP10-1///KRTAP10-9///KRTAP10-7///KRTAP10-6///KRTAP10-4///KRTAP10-10,-0.419906,0.000166,0.000432,-4.133643,Down
GSE39645,FMO4,0.351636,0.000166,0.000432,4.133604,Up
GSE39645,LENEP,-0.64194,0.000166,0.000432,-4.13358,Down
GSE39645,ADH7,-0.728182,0.000166,0.000433,-4.133419,Down
GSE39645,MGAT5B,-0.365582,0.000166,0.000433,-4.133036,Down
GSE39645,CHRNA3,-0.573054,0.000166,0.000433,-4.13289,Down
GSE39645,SLC25A18,-0.689066,0.000166,0.000434,-4.132355,Down
GSE39645,YME1L1,0.493558,0.000167,0.000435,4.131476,Up
GSE39645,KRTAP24-1,-0.566716,0.000167,0.000435,-4.131429,Down
GSE39645,CEACAM20,-0.698653,0.000167,0.000435,-4.131367,Down
GSE39645,IMPDH1,-0.297343,0.000167,0.000436,-4.130777,Down
GSE39645,CAMKV,-0.407014,0.000167,0.000436,-4.130628,Down
GSE39645,KLK13,-0.471245,0.000167,0.000436,-4.130298,Down
GSE39645,LAG3,-0.383127,0.000167,0.000437,-4.129872,Down
GSE39645,ANKZF1,0.44794,0.000167,0.000437,4.129857,Up
GSE39645,PSMA4,0.86855,0.000168,0.000437,4.129779,Up
GSE39645,IL36RN,-0.495121,0.000168,0.000437,-4.129289,Down
GSE39645,C2orf83,-0.650712,0.000168,0.000438,-4.128841,Down
GSE39645,TNFRSF9,-0.473483,0.000168,0.000438,-4.128554,Down
GSE39645,PSMA5,1.040626,0.000168,0.000438,4.128504,Up
GSE39645,SPAG17,-0.423935,0.000169,0.000439,-4.127617,Down
GSE39645,GGT5,-0.845586,0.000169,0.000439,-4.127421,Down
GSE39645,GLA,0.53318,0.000169,0.00044,4.12722,Up
GSE39645,SGTB,0.618848,0.000169,0.00044,4.127016,Up
GSE39645,AIMP1,0.566192,0.000169,0.00044,4.126865,Up
GSE39645,IFNA6,-0.647846,0.000169,0.00044,-4.126682,Down
GSE39645,REG3A,-0.693191,0.000169,0.00044,-4.126602,Down
GSE39645,CUL4B,0.518187,0.00017,0.000442,4.125566,Up
GSE39645,MMP14,0.854832,0.00017,0.000442,4.125147,Up
GSE39645,GTF2H2C_2///GTF2H2C///GTF2H2B///GTF2H2,0.749115,0.00017,0.000443,4.124615,Up
GSE39645,BTBD6,0.3411,0.00017,0.000443,4.124273,Up
GSE39645,SUCO,0.528101,0.00017,0.000443,4.124167,Up
GSE39645,SLC44A4,-0.366975,0.000171,0.000443,-4.124023,Down
GSE39645,MYBPC2,-0.463754,0.000171,0.000443,-4.123897,Down
GSE39645,BCAP31,0.436892,0.000171,0.000444,4.123817,Up
GSE39645,ARL6IP6,0.651223,0.000171,0.000445,4.122691,Up
GSE39645,MIR1-1HG,-0.396711,0.000172,0.000446,-4.121806,Down
GSE39645,RUFY2,0.477446,0.000172,0.000446,4.121507,Up
GSE39645,LRRC40,0.675322,0.000172,0.000447,4.121267,Up
GSE39645,CDH3,-0.452079,0.000173,0.000448,-4.120272,Down
GSE39645,FAM84B,-0.50456,0.000173,0.000448,-4.120073,Down
GSE39645,ZSCAN20,0.353652,0.000173,0.00045,4.118964,Up
GSE39645,ZNF14,0.488124,0.000173,0.00045,4.118719,Up
GSE39645,MAP7D3,0.650653,0.000173,0.00045,4.118507,Up
GSE39645,ARNT2,0.740187,0.000174,0.00045,4.118373,Up
GSE39645,S100A11,0.414415,0.000174,0.000451,4.117725,Up
GSE39645,EFCAB6,-0.37811,0.000174,0.000451,-4.117521,Down
GSE39645,RGL3,0.4723,0.000174,0.000452,4.116973,Up
GSE39645,NEK4,0.435796,0.000174,0.000452,4.11693,Up
GSE39645,FSCN3,-0.568719,0.000174,0.000452,-4.116651,Down
GSE39645,MYOZ2,0.507998,0.000175,0.000453,4.11647,Up
GSE39645,CAMK2N2,-0.277048,0.000175,0.000453,-4.116412,Down
GSE39645,CNGB3,-0.516906,0.000175,0.000453,-4.116287,Down
GSE39645,GPR32P1///GPR32,-0.379792,0.000175,0.000453,-4.116275,Down
GSE39645,CRB3,-0.355237,0.000175,0.000453,-4.11615,Down
GSE39645,PADI6,-0.466218,0.000175,0.000453,-4.115842,Down
GSE39645,PABPC4,0.620187,0.000175,0.000454,4.115206,Up
GSE39645,SLC17A8,-0.699075,0.000176,0.000455,-4.114392,Down
GSE39645,URI1,0.688786,0.000176,0.000455,4.114362,Up
GSE39645,EVPL,-0.38899,0.000176,0.000455,-4.114108,Down
GSE39645,ARHGEF38,-0.596313,0.000176,0.000455,-4.113966,Down
GSE39645,SERPINA12,-0.454457,0.000176,0.000455,-4.113909,Down
GSE39645,FCGR2B,0.96939,0.000176,0.000455,4.113862,Up
GSE39645,YWHAB,0.501718,0.000176,0.000455,4.11385,Up
GSE39645,NR3C1,0.603878,0.000176,0.000456,4.113101,Up
GSE39645,MTHFSD,0.394666,0.000176,0.000456,4.11309,Up
GSE39645,KRT9,-0.494684,0.000177,0.000457,-4.112709,Down
GSE39645,THSD7A,1.095894,0.000177,0.000457,4.112451,Up
GSE39645,EBF2,-1.273401,0.000177,0.000458,-4.111934,Down
GSE39645,HAO1,-0.44767,0.000177,0.000458,-4.111918,Down
GSE39645,UBAC1,0.455131,0.000177,0.000458,4.111799,Up
GSE39645,NPLOC4,0.489969,0.000177,0.000458,4.111744,Up
GSE39645,ITM2B///ITM2B,0.401954,0.000177,0.000458,4.111559,Up
GSE39645,ETFA,0.870965,0.000178,0.00046,4.11031,Up
GSE39645,DPEP3,-0.331899,0.000178,0.000461,-4.109301,Down
GSE39645,TIMM22///TIMM22,0.358907,0.000179,0.000461,4.109197,Up
GSE39645,TRIM10,-0.433193,0.000179,0.000461,-4.109032,Down
GSE39645,HBG2///HBG1,-1.096786,0.000179,0.000461,-4.108947,Down
GSE39645,H1F0,0.559266,0.000179,0.000462,4.108776,Up
GSE39645,IQCK,-0.373959,0.000179,0.000462,-4.1085,Down
GSE39645,LTA,-0.380039,0.000179,0.000462,-4.108452,Down
GSE39645,HOXB5,-0.292833,0.000179,0.000462,-4.108349,Down
GSE39645,LEMD3,0.604196,0.000179,0.000462,4.108118,Up
GSE39645,FPR3,1.138087,0.000179,0.000462,4.108117,Up
GSE39645,USP29,-0.4487,0.000179,0.000462,-4.107906,Down
GSE39645,POM121L12,-0.508918,0.000179,0.000462,-4.107788,Down
GSE39645,UBR4,0.591137,0.000179,0.000462,4.107779,Up
GSE39645,SPAG7,0.472197,0.000179,0.000462,4.107758,Up
GSE39645,CLNS1A,0.791652,0.000179,0.000463,4.107469,Up
GSE39645,HSP90AA1,0.419347,0.00018,0.000463,4.107348,Up
GSE39645,MRGPRX4,-0.70529,0.00018,0.000463,-4.107254,Down
GSE39645,RAD54L2,0.502387,0.00018,0.000463,4.107225,Up
GSE39645,UBASH3A,-0.381736,0.00018,0.000464,-4.106663,Down
GSE39645,RBM7,0.893059,0.00018,0.000464,4.10643,Up
GSE39645,GPANK1,0.317952,0.00018,0.000464,4.106292,Up
GSE39645,RNF216,0.34651,0.00018,0.000464,4.106175,Up
GSE39645,KCTD16,-0.423767,0.00018,0.000464,-4.105921,Down
GSE39645,TAS2R3,-0.542622,0.00018,0.000464,-4.1059,Down
GSE39645,TBC1D29,-0.492587,0.00018,0.000464,-4.10588,Down
GSE39645,NUPL2,0.498333,0.00018,0.000464,4.105756,Up
GSE39645,RNF7,0.353749,0.000181,0.000465,4.10558,Up
GSE39645,SLC22A8,-0.514419,0.000181,0.000465,-4.105488,Down
GSE39645,KRTAP11-1,-0.486407,0.000182,0.000467,-4.103841,Down
GSE39645,MAP3K7,0.596596,0.000182,0.000467,4.103622,Up
GSE39645,MFSD6L,-0.423749,0.000182,0.000469,-4.102595,Down
GSE39645,PROKR2,-0.464239,0.000183,0.000469,-4.102018,Down
GSE39645,B3GALT1,-0.653661,0.000183,0.00047,-4.101676,Down
GSE39645,HTR1F,-0.535173,0.000183,0.00047,-4.101579,Down
GSE39645,FAM219A,0.420826,0.000183,0.000471,4.101164,Up
GSE39645,GUCA1A,-0.386475,0.000183,0.000471,-4.10111,Down
GSE39645,NPHP3-ACAD11///NPHP3,0.488429,0.000183,0.000471,4.100906,Up
GSE39645,RBM27,0.501415,0.000183,0.000472,4.100317,Up
GSE39645,CCZ1B///CCZ1,0.447492,0.000184,0.000472,4.100221,Up
GSE39645,GNB4,0.688167,0.000184,0.000472,4.100032,Up
GSE39645,RBX1,0.579066,0.000184,0.000472,4.100006,Up
GSE39645,RFX4,-1.012486,0.000184,0.000472,-4.099712,Down
GSE39645,ZNF569,0.306659,0.000184,0.000473,4.099123,Up
GSE39645,CDH16,-0.45444,0.000184,0.000473,-4.098969,Down
GSE39645,NEURL1,-0.290984,0.000184,0.000474,-4.098588,Down
GSE39645,ATP6V1G3,-0.432009,0.000185,0.000474,-4.098517,Down
GSE39645,MRGPRX3,-0.434961,0.000185,0.000475,-4.097675,Down
GSE39645,CTDSP1,0.387492,0.000185,0.000475,4.097385,Up
GSE39645,CYSRT1,-0.355581,0.000186,0.000476,-4.096783,Down
GSE39645,CYTH2,0.613336,0.000186,0.000476,4.096391,Up
GSE39645,MAGEB10,-0.394663,0.000186,0.000476,-4.096342,Down
GSE39645,FUNDC1,0.387008,0.000186,0.000477,4.0957,Up
GSE39645,CTCF,0.599777,0.000186,0.000478,4.095492,Up
GSE39645,EPO,-0.459452,0.000186,0.000478,-4.095199,Down
GSE39645,GP2,-0.601804,0.000187,0.000478,-4.095018,Down
GSE39645,WNT7A,-0.335128,0.000187,0.000478,-4.095004,Down
GSE39645,IFNA13,-0.549864,0.000187,0.000478,-4.09486,Down
GSE39645,PODXL2,-0.370983,0.000187,0.000478,-4.094831,Down
GSE39645,VWA7,-0.326101,0.000187,0.000479,-4.09448,Down
GSE39645,CLDN18,-0.487641,0.000187,0.000479,-4.094218,Down
GSE39645,GRB7,-0.421377,0.000187,0.000479,-4.093968,Down
GSE39645,NLN,0.573143,0.000187,0.000479,4.093884,Up
GSE39645,PSMD3,0.528423,0.000187,0.000479,4.093876,Up
GSE39645,MRPL46,0.597698,0.000187,0.00048,4.09352,Up
GSE39645,MRPS21,0.553705,0.000187,0.00048,4.093369,Up
GSE39645,CMC2,0.990241,0.000187,0.00048,4.093331,Up
GSE39645,TUSC1,-0.364384,0.000188,0.00048,-4.093251,Down
GSE39645,HIST1H4B,-0.527715,0.000188,0.00048,-4.093165,Down
GSE39645,ADAMTS4,-1.347075,0.000188,0.00048,-4.093114,Down
GSE39645,CHST5,-0.323317,0.000188,0.00048,-4.092766,Down
GSE39645,BCL7B,0.484741,0.000188,0.00048,4.09265,Up
GSE39645,LGI2,-0.827998,0.000188,0.000481,-4.092476,Down
GSE39645,KRT20,-0.568527,0.000188,0.000481,-4.092329,Down
GSE39645,TAMM41,0.461497,0.000188,0.000481,4.091941,Up
GSE39645,RPL10L,-0.272815,0.000188,0.000482,-4.091619,Down
GSE39645,BTNL8///BTNL3,-0.610589,0.000189,0.000483,-4.09105,Down
GSE39645,FAM153C///FAM153A///FAM153B,-0.707156,0.000189,0.000483,-4.090971,Down
GSE39645,TAP1,0.535713,0.000189,0.000484,4.090004,Up
GSE39645,CPA5,-0.390134,0.00019,0.000484,-4.089717,Down
GSE39645,SCYL3,0.487441,0.00019,0.000485,4.089371,Up
GSE39645,MARCH4,-0.382727,0.00019,0.000485,-4.089104,Down
GSE39645,PGA4///PGA3///PGA5,-0.706668,0.00019,0.000485,-4.089085,Down
GSE39645,CORO1A,0.71333,0.00019,0.000485,4.088802,Up
GSE39645,PQLC3,0.581402,0.00019,0.000485,4.0888,Up
GSE39645,ASRGL1///ASRGL1,0.64276,0.00019,0.000485,4.088762,Up
GSE39645,TMEM72,-0.394425,0.00019,0.000486,-4.088562,Down
GSE39645,PRRG4,1.266332,0.00019,0.000486,4.088438,Up
GSE39645,DMP1,-0.475837,0.00019,0.000486,-4.08826,Down
GSE39645,PRR19,-0.436134,0.00019,0.000486,-4.088247,Down
GSE39645,IFITM10,0.738866,0.000191,0.000486,4.087961,Up
GSE39645,CCKAR,-0.536629,0.000191,0.000486,-4.087951,Down
GSE39645,TARBP1,0.50248,0.000191,0.000487,4.087532,Up
GSE39645,ERICH6,-0.375013,0.000191,0.000487,-4.087279,Down
GSE39645,RAB24,-0.290334,0.000191,0.000487,-4.086912,Down
GSE39645,HIST1H1A,-0.870828,0.000191,0.000488,-4.086661,Down
GSE39645,NDUFA8,0.754656,0.000192,0.000488,4.08646,Up
GSE39645,ALOXE3,-0.405925,0.000192,0.000489,-4.085829,Down
GSE39645,RHOG,0.420993,0.000192,0.000489,4.085808,Up
GSE39645,KRTAP19-5,-0.776617,0.000192,0.000489,-4.085723,Down
GSE39645,PRPF39,0.520691,0.000192,0.000489,4.085373,Up
GSE39645,MAGED4///MAGED4B,0.493062,0.000192,0.00049,4.085149,Up
GSE39645,CORO7-PAM16///CORO7,0.495977,0.000192,0.00049,4.08495,Up
GSE39645,PRM3,-0.419613,0.000193,0.00049,-4.084615,Down
GSE39645,BRF2,0.280482,0.000193,0.000491,4.084318,Up
GSE39645,KSR1,0.378611,0.000193,0.000491,4.084228,Up
GSE39645,RBBP9,0.661439,0.000193,0.000491,4.084121,Up
GSE39645,NECTIN3,0.568301,0.000193,0.000491,4.083946,Up
GSE39645,SIRT1,0.450321,0.000193,0.000491,4.083657,Up
GSE39645,BCO1,-0.499427,0.000193,0.000492,-4.083393,Down
GSE39645,CUTC,0.338119,0.000193,0.000492,4.083181,Up
GSE39645,C17orf64,-0.355061,0.000194,0.000492,-4.083081,Down
GSE39645,PSMB1,0.609425,0.000194,0.000493,4.082413,Up
GSE39645,NR1I3,-0.399118,0.000194,0.000493,-4.082393,Down
GSE39645,TMC7,0.700006,0.000195,0.000495,4.081267,Up
GSE39645,GATA4,-0.357773,0.000195,0.000495,-4.081,Down
GSE39645,SLC38A8,-0.412843,0.000195,0.000496,-4.08016,Down
GSE39645,ACPT,-0.337216,0.000196,0.000497,-4.079505,Down
GSE39645,ITGB6///ITGB6,-0.54215,0.000196,0.000497,-4.079287,Down
GSE39645,HIPK3,0.70775,0.000196,0.000497,4.079134,Up
GSE39645,A4GNT,-0.444307,0.000196,0.000497,-4.079066,Down
GSE39645,SCGB3A1,-0.431338,0.000196,0.000498,-4.078651,Down
GSE39645,TMSB4Y///TMSB4XP6///TMSB4XP2///TMSB4XP1///TMSB4X,0.334332,0.000196,0.000499,4.078246,Up
GSE39645,SFTPA2///SFTPA1///SFTPA2///SFTPA1,-0.778753,0.000197,0.000499,-4.077994,Down
GSE39645,PLAC4,-0.498714,0.000197,5E-04,-4.077472,Down
GSE39645,POU6F2,-0.611466,0.000197,5E-04,-4.077433,Down
GSE39645,NMUR1,-0.362132,0.000197,5E-04,-4.077295,Down
GSE39645,SIX5,-0.319812,0.000197,5E-04,-4.077157,Down
GSE39645,SP8,-0.351695,0.000197,5E-04,-4.077072,Down
GSE39645,KCND3,-0.48041,0.000197,5E-04,-4.077059,Down
GSE39645,NOS2,-0.308608,0.000198,0.000502,-4.075415,Down
GSE39645,CLCA2,-0.452838,0.000198,0.000502,-4.075325,Down
GSE39645,FYN,0.620593,0.000198,0.000503,4.075156,Up
GSE39645,PSMD9,0.564285,0.000198,0.000503,4.074829,Up
GSE39645,LPGAT1,0.450113,0.000199,0.000503,4.074577,Up
GSE39645,RALGAPA2,-0.472708,0.000199,0.000504,-4.074336,Down
GSE39645,RPE,0.713786,0.000199,0.000504,4.074322,Up
GSE39645,ZNF428,0.376041,0.000199,0.000504,4.074118,Up
GSE39645,GTF2A1,0.506726,0.000199,0.000504,4.073878,Up
GSE39645,HHLA2,-0.443796,0.000199,0.000504,-4.073832,Down
GSE39645,SUMO1,0.810976,0.000199,0.000504,4.073692,Up
GSE39645,TMEM33,0.56308,0.000199,0.000505,4.073217,Up
GSE39645,DDX19A,0.450787,2E-04,0.000506,4.072808,Up
GSE39645,REM1,0.796574,2E-04,0.000506,4.072789,Up
GSE39645,KLHL34,-0.347179,2E-04,0.000506,-4.072273,Down
GSE39645,CCDC120,-0.318649,2E-04,0.000506,-4.072263,Down
GSE39645,GRAMD4,0.752068,2E-04,0.000506,4.072159,Up
GSE39645,UBL4A,0.360473,2E-04,0.000506,4.072125,Up
GSE39645,GNA13///GNA13,0.795047,2E-04,0.000507,4.07177,Up
GSE39645,ZXDA,-0.417034,0.000201,0.000508,-4.07088,Down
GSE39645,RETSAT,0.53483,0.000201,0.000508,4.070646,Up
GSE39645,AKNAD1,-0.435151,0.000201,0.000508,-4.070526,Down
GSE39645,SDR42E1,-0.567717,0.000201,0.000509,-4.070221,Down
GSE39645,NWD2,-0.397191,0.000202,0.00051,-4.069609,Down
GSE39645,TBP,0.418714,0.000202,0.00051,4.069594,Up
GSE39645,ADAP1,0.72848,0.000202,0.00051,4.069566,Up
GSE39645,COPS4,0.903981,0.000202,0.00051,4.069113,Up
GSE39645,FKBP1A,0.694065,0.000202,0.00051,4.068975,Up
GSE39645,GABARAPL1,0.563225,0.000203,0.000511,4.068312,Up
GSE39645,ZNF157,-0.490194,0.000203,0.000511,-4.068266,Down
GSE39645,C15orf54,-0.65331,0.000203,0.000512,-4.068022,Down
GSE39645,ALKBH6,0.438131,0.000203,0.000512,4.067932,Up
GSE39645,SLC52A1,-0.505562,0.000203,0.000512,-4.067839,Down
GSE39645,CST9,-0.53419,0.000203,0.000512,-4.067833,Down
GSE39645,HACD1,0.486163,0.000203,0.000512,4.067635,Up
GSE39645,GPHA2,-0.426618,0.000203,0.000513,-4.067072,Down
GSE39645,ZNF573,0.366156,0.000204,0.000514,4.066527,Up
GSE39645,MAPK3,0.553305,0.000204,0.000514,4.066468,Up
GSE39645,TSPO2,-0.537315,0.000204,0.000515,-4.065799,Down
GSE39645,SCN3B,-0.393584,0.000204,0.000515,-4.065591,Down
GSE39645,OVOL1,-0.417729,0.000204,0.000516,-4.065176,Down
GSE39645,ZNF486,0.576199,0.000205,0.000516,4.064973,Up
GSE39645,PKP3,-0.40932,0.000205,0.000516,-4.064915,Down
GSE39645,PKMYT1,-0.403682,0.000205,0.000516,-4.064859,Down
GSE39645,RIF1,0.517251,0.000205,0.000517,4.064179,Up
GSE39645,STC1,-1.198197,0.000205,0.000517,-4.063747,Down
GSE39645,GAL3ST2,-0.317518,0.000205,0.000518,-4.063624,Down
GSE39645,POLR3F,0.552728,0.000206,0.000518,4.063062,Up
GSE39645,NDNF,-0.529648,0.000206,0.000519,-4.062759,Down
GSE39645,ORAOV1,0.476028,0.000206,0.000519,4.06234,Up
GSE39645,USF2,0.369095,0.000207,0.00052,4.061882,Up
GSE39645,WBP2,0.642266,0.000207,0.000521,4.061414,Up
GSE39645,AGR2,-0.393023,0.000207,0.000521,-4.061188,Down
GSE39645,TREH,-0.364315,0.000207,0.000521,-4.061097,Down
GSE39645,ACSM5,0.825897,0.000207,0.000521,4.061084,Up
GSE39645,EDN1,-0.842507,0.000207,0.000522,-4.060577,Down
GSE39645,DLX4,-0.373918,0.000207,0.000522,-4.060552,Down
GSE39645,TADA1,0.426813,0.000208,0.000522,4.060306,Up
GSE39645,STYXL1,0.640573,0.000208,0.000522,4.060286,Up
GSE39645,KRT79,-0.546921,0.000208,0.000522,-4.06014,Down
GSE39645,SLC25A11,0.63929,0.000208,0.000522,4.060053,Up
GSE39645,ZBTB3,0.333844,0.000208,0.000522,4.060018,Up
GSE39645,RPL3L,-0.378645,0.000208,0.000522,-4.059939,Down
GSE39645,NTF4,-0.455487,0.000208,0.000523,-4.059318,Down
GSE39645,FATE1,-0.38781,0.000208,0.000524,-4.059057,Down
GSE39645,DEFB105B///DEFB105A,-0.867714,0.000209,0.000524,-4.058788,Down
GSE39645,PLCD4,-0.318108,0.000209,0.000524,-4.058783,Down
GSE39645,FAXDC2,0.713145,0.000209,0.000524,4.058605,Up
GSE39645,SMC1B,-0.404958,0.000209,0.000524,-4.058275,Down
GSE39645,CASS4,0.529806,0.000209,0.000524,4.05827,Up
GSE39645,NAAA,0.494772,0.000209,0.000525,4.058077,Up
GSE39645,BTG4,-0.353276,0.000209,0.000525,-4.057667,Down
GSE39645,MYL4,-0.471533,0.000209,0.000525,-4.057606,Down
GSE39645,DUX4///DUX1///DUX5,-0.385677,0.000209,0.000525,-4.057492,Down
GSE39645,P2RY10,-0.597656,0.000209,0.000525,-4.057414,Down
GSE39645,WFDC12,-0.564908,0.00021,0.000525,-4.057284,Down
GSE39645,HSCB,0.415591,0.00021,0.000525,4.057266,Up
GSE39645,HARBI1,0.346959,0.00021,0.000526,4.057176,Up
GSE39645,PRSS57,-0.376863,0.00021,0.000526,-4.057154,Down
GSE39645,CLEC5A,1.001133,0.00021,0.000526,4.05711,Up
GSE39645,PRAMEF20,-0.675006,0.00021,0.000526,-4.056723,Down
GSE39645,ESAM,-0.621776,0.00021,0.000527,-4.056408,Down
GSE39645,SHFM1,0.368913,0.00021,0.000527,4.056106,Up
GSE39645,ART1,-0.50281,0.00021,0.000527,-4.056013,Down
GSE39645,ADH6,-0.566022,0.00021,0.000527,-4.055935,Down
GSE39645,MBD1,0.387007,0.000211,0.000527,4.055666,Up
GSE39645,LHX9,-0.366646,0.000211,0.000528,-4.055495,Down
GSE39645,NELFE,0.462037,0.000211,0.000528,4.055304,Up
GSE39645,HMGCS2,-0.555892,0.000211,0.000528,-4.055215,Down
GSE39645,CERS5,0.460696,0.000211,0.000528,4.055104,Up
GSE39645,SPINK5,-0.510446,0.000211,0.000529,-4.054621,Down
GSE39645,CT45A8///CT45A9///CT45A10///CT45A7///CT45A2///CT45A1///CT45A6///CT45A5///CT45A3///CT45A8,-1.167663,0.000212,0.000529,-4.054162,Down
GSE39645,FTL,0.426782,0.000212,0.000529,4.05415,Up
GSE39645,CCDC94,0.353499,0.000212,0.00053,4.053898,Up
GSE39645,BCL2L14,-0.479462,0.000212,0.00053,-4.053848,Down
GSE39645,INHBC,-0.423246,0.000212,0.00053,-4.053542,Down
GSE39645,TAAR8,-0.515303,0.000213,0.000531,-4.052648,Down
GSE39645,SCML4,-0.412114,0.000213,0.000532,-4.052496,Down
GSE39645,SAMD7,-0.601592,0.000213,0.000532,-4.052316,Down
GSE39645,GPHB5,-0.658202,0.000213,0.000532,-4.052122,Down
GSE39645,RBMXL2,-0.358581,0.000213,0.000532,-4.052103,Down
GSE39645,LCE4A,-0.443484,0.000213,0.000532,-4.052022,Down
GSE39645,SEC11C,0.908672,0.000213,0.000532,4.051956,Up
GSE39645,RTP5,-0.43017,0.000213,0.000532,-4.051739,Down
GSE39645,KEAP1,0.345061,0.000213,0.000533,4.051551,Up
GSE39645,IMPA1,0.598063,0.000213,0.000533,4.051336,Up
GSE39645,ITIH1,-0.430007,0.000214,0.000534,-4.050452,Down
GSE39645,BTNL3,-0.593504,0.000214,0.000535,-4.05024,Down
GSE39645,CAPN11,-0.3951,0.000214,0.000535,-4.05017,Down
GSE39645,TMEM80,0.450756,0.000214,0.000535,4.049659,Up
GSE39645,RNF169,0.438022,0.000214,0.000535,4.04962,Up
GSE39645,PHKG1,-0.594047,0.000215,0.000536,-4.049484,Down
GSE39645,GPR39,1.018234,0.000215,0.000536,4.049386,Up
GSE39645,ANKRD30B,1.677334,0.000215,0.000536,4.04937,Up
GSE39645,EMC3,0.574927,0.000215,0.000536,4.048882,Up
GSE39645,CARF,0.631677,0.000215,0.000536,4.048739,Up
GSE39645,TDRD1,-0.491643,0.000215,0.000536,-4.048738,Down
GSE39645,CATSPER1,-0.351028,0.000215,0.000537,-4.048604,Down
GSE39645,MAOB,1.238636,0.000215,0.000537,4.048536,Up
GSE39645,LCE1B,-0.478634,0.000215,0.000537,-4.048531,Down
GSE39645,YIPF5,0.531964,0.000215,0.000537,4.0483,Up
GSE39645,ASH1L,0.685619,0.000215,0.000537,4.048256,Up
GSE39645,ATG7,0.449172,0.000215,0.000537,4.048152,Up
GSE39645,LECT2,-0.541211,0.000216,0.000537,-4.047904,Down
GSE39645,TRAF4,-0.385424,0.000216,0.000538,-4.047154,Down
GSE39645,P2RY2,-0.411995,0.000217,0.00054,-4.045847,Down
GSE39645,PASD1,-0.422228,0.000217,0.000541,-4.045729,Down
GSE39645,KCNQ3,0.422097,0.000217,0.000541,4.045719,Up
GSE39645,IL15RA,-0.356729,0.000217,0.000541,-4.045357,Down
GSE39645,FBP2,-0.431247,0.000218,0.000542,-4.044962,Down
GSE39645,CSTA,0.612434,0.000218,0.000542,4.044558,Up
GSE39645,WBSCR28,-0.47559,0.000218,0.000542,-4.044526,Down
GSE39645,NPPC,-0.293566,0.000218,0.000543,-4.043868,Down
GSE39645,AOX1,-1.026735,0.000218,0.000543,-4.043836,Down
GSE39645,HTR3A,-0.451281,0.000218,0.000543,-4.043721,Down
GSE39645,PGBD1,0.407077,0.000218,0.000543,4.043692,Up
GSE39645,ALOX5,0.866108,0.000219,0.000544,4.043453,Up
GSE39645,GAR1,-0.262474,0.000219,0.000544,-4.043302,Down
GSE39645,PSTPIP2,0.871474,0.000219,0.000545,4.042806,Up
GSE39645,IGIP,0.783896,0.00022,0.000546,4.041945,Up
GSE39645,ANKS4B,-0.607428,0.00022,0.000546,-4.04173,Down
GSE39645,CDC20B,-0.465958,0.00022,0.000546,-4.0417,Down
GSE39645,TEX37,-0.512269,0.00022,0.000546,-4.041465,Down
GSE39645,SLC25A22,-0.285715,0.00022,0.000548,-4.040797,Down
GSE39645,AQP6,-0.48454,0.000221,0.000548,-4.040314,Down
GSE39645,CES5A,-0.556255,0.000221,0.000549,-4.039777,Down
GSE39645,LRRC8D,0.479235,0.000221,0.000549,4.039538,Up
GSE39645,PPFIA3,-0.330238,0.000221,0.00055,-4.039335,Down
GSE39645,XRCC3,-0.332393,0.000222,0.00055,-4.039023,Down
GSE39645,TMEM225,-0.555459,0.000222,0.00055,-4.038809,Down
GSE39645,PAQR9,-0.316517,0.000222,0.00055,-4.038727,Down
GSE39645,SPANXN4,-0.324171,0.000222,0.000551,-4.038495,Down
GSE39645,MMP3,-0.597839,0.000222,0.000551,-4.038306,Down
GSE39645,LOC100996333///ADGRA3,-0.857411,0.000222,0.000551,-4.038036,Down
GSE39645,C20orf85,-0.447405,0.000222,0.000551,-4.038024,Down
GSE39645,IL5RA,-0.408699,0.000222,0.000551,-4.037937,Down
GSE39645,PPM1B,0.523917,0.000222,0.000552,4.03784,Up
GSE39645,BPIFB1,-0.622327,0.000222,0.000552,-4.037792,Down
GSE39645,LRP2BP,-0.417513,0.000223,0.000552,-4.037568,Down
GSE39645,ZCCHC8,0.567643,0.000223,0.000552,4.037389,Up
GSE39645,C12orf74,-0.60788,0.000223,0.000552,-4.037317,Down
GSE39645,TMEM161A,0.436224,0.000223,0.000552,4.037169,Up
GSE39645,UBQLN3,-0.567788,0.000223,0.000552,-4.037073,Down
GSE39645,TRIT1,0.445183,0.000223,0.000552,4.037014,Up
GSE39645,LVRN,-0.370926,0.000223,0.000553,-4.036815,Down
GSE39645,ZNF410,0.670424,0.000223,0.000553,4.036547,Up
GSE39645,C8orf37,-0.447329,0.000224,0.000554,-4.035721,Down
GSE39645,TFAP2E,-0.350976,0.000224,0.000555,-4.03548,Down
GSE39645,NUP43,0.656516,0.000224,0.000555,4.03526,Up
GSE39645,TMEM189-UBE2V1///TMEM189///UBE2V1,0.465123,0.000224,0.000555,4.034982,Up
GSE39645,TRIP12,0.729032,0.000225,0.000556,4.0347,Up
GSE39645,KISS1R,-0.285783,0.000226,0.000558,-4.033316,Down
GSE39645,PARP1,0.667346,0.000226,0.000558,4.033204,Up
GSE39645,KRTAP9-6///KRTAP9-7///KRTAP9-4///KRTAP9-8///KRTAP9-3///KRTAP9-2///KRTAP9-9,-0.536131,0.000226,0.000559,-4.032531,Down
GSE39645,IL12RB2,-0.49096,0.000226,0.000559,-4.032344,Down
GSE39645,REEP3,0.784181,0.000227,0.00056,4.031807,Up
GSE39645,NKX6-1,-0.365034,0.000227,0.00056,-4.031787,Down
GSE39645,EPS8L1,-0.346207,0.000227,0.00056,-4.031666,Down
GSE39645,LAP3,0.679337,0.000227,0.000561,4.031253,Up
GSE39645,TMEM136///TMEM136,0.620308,0.000227,0.000561,4.031177,Up
GSE39645,WHSC1L1,0.515091,0.000227,0.000561,4.030993,Up
GSE39645,SULT1C3,-0.471149,0.000227,0.000562,-4.030579,Down
GSE39645,SLC6A18,-0.452625,0.000227,0.000562,-4.030526,Down
GSE39645,MAP4K4,0.494366,0.000228,0.000562,4.030198,Up
GSE39645,ZFP14,0.586739,0.000228,0.000562,4.030188,Up
GSE39645,SLC6A3,-0.403016,0.000228,0.000563,-4.029905,Down
GSE39645,TRIM71,-0.458243,0.000228,0.000563,-4.029879,Down
GSE39645,RDH16,-0.597266,0.000229,0.000564,-4.028904,Down
GSE39645,NPSR1,-0.546598,0.000229,0.000565,-4.028752,Down
GSE39645,C1QL2,-0.402455,0.000229,0.000565,-4.028195,Down
GSE39645,SNUPN,0.647851,0.000229,0.000566,4.028062,Up
GSE39645,CAMK1G,-0.371153,0.000229,0.000566,-4.027954,Down
GSE39645,CT45A8///CT45A9///CT45A10///CT45A7///CT45A2///CT45A1///CT45A6///CT45A5///CT45A3///CT45A8,-0.951188,0.000229,0.000566,-4.027935,Down
GSE39645,ARCN1,0.529391,0.000229,0.000566,4.027646,Up
GSE39645,EXOC4,0.4136,0.00023,0.000566,4.027587,Up
GSE39645,EI24,0.42787,0.00023,0.000566,4.02739,Up
GSE39645,MAP3K4,0.552475,0.00023,0.000567,4.027016,Up
GSE39645,PGA4///PGA3///PGA5,-0.664491,0.00023,0.000568,-4.026547,Down
GSE39645,RRP15,0.492085,0.00023,0.000568,4.026401,Up
GSE39645,IQCA1,-0.604315,0.000231,0.000568,-4.026007,Down
GSE39645,ZNF91,0.772426,0.000231,0.000569,4.025786,Up
GSE39645,CCL16,-0.578731,0.000231,0.00057,-4.024973,Down
GSE39645,GABRR1,-0.410115,0.000232,0.00057,-4.024725,Down
GSE39645,SNX17,0.45569,0.000232,0.00057,4.024702,Up
GSE39645,FHAD1,-0.430384,0.000232,0.00057,-4.024696,Down
GSE39645,PRPF3,0.478715,0.000232,0.000571,4.024183,Up
GSE39645,FAM170A,-0.528644,0.000232,0.000571,-4.024127,Down
GSE39645,SRMS,-0.32663,0.000232,0.000571,-4.023948,Down
GSE39645,IL12B,-0.632146,0.000232,0.000572,-4.02371,Down
GSE39645,NUTM1,-0.466245,0.000232,0.000572,-4.023605,Down
GSE39645,EPHA8,-0.304408,0.000233,0.000572,-4.023293,Down
GSE39645,KNCN,-0.477078,0.000233,0.000572,-4.023197,Down
GSE39645,IL23R,-0.630238,0.000233,0.000573,-4.02273,Down
GSE39645,PDP2,0.72293,0.000233,0.000574,4.022332,Up
GSE39645,RBBP5,0.452936,0.000233,0.000574,4.022261,Up
GSE39645,TAS1R2,-0.546203,0.000233,0.000574,-4.022244,Down
GSE39645,RNF34,0.672927,0.000233,0.000574,4.022175,Up
GSE39645,XIAP,0.484455,0.000234,0.000574,4.021826,Up
GSE39645,CTSE,-0.682506,0.000234,0.000575,-4.021387,Down
GSE39645,ACTL7B,-0.540114,0.000234,0.000575,-4.021351,Down
GSE39645,CETN3,0.976215,0.000234,0.000575,4.02127,Up
GSE39645,UCP1,-0.425452,0.000234,0.000575,-4.021187,Down
GSE39645,CNTLN,0.740858,0.000234,0.000575,4.021124,Up
GSE39645,APOBEC3H,0.605569,0.000234,0.000575,4.021067,Up
GSE39645,DHX57,0.426197,0.000234,0.000576,4.020767,Up
GSE39645,ZDHHC3,-0.394427,0.000234,0.000576,-4.020749,Down
GSE39645,ICOS,-0.550299,0.000234,0.000576,-4.020668,Down
GSE39645,TMPRSS4,-0.645629,0.000235,0.000576,-4.020475,Down
GSE39645,TPRKB,0.730975,0.000235,0.000577,4.019981,Up
GSE39645,KRTDAP,-0.601322,0.000235,0.000577,-4.019935,Down
GSE39645,TIMM9,0.674724,0.000236,0.000579,4.018805,Up
GSE39645,TRIM2,0.962243,0.000236,0.000579,4.01876,Up
GSE39645,MPZ,1.375623,0.000236,0.000579,4.018257,Up
GSE39645,TMEM207,-0.452813,0.000236,0.00058,-4.018101,Down
GSE39645,PRR7,-0.309031,0.000236,0.00058,-4.017983,Down
GSE39645,USP54,-0.635378,0.000237,0.00058,-4.017724,Down
GSE39645,PLPPR5,-0.5295,0.000237,0.00058,-4.017597,Down
GSE39645,SLC22A24,-0.581807,0.000237,0.00058,-4.017457,Down
GSE39645,ZFYVE16,0.7554,0.000237,0.00058,4.017419,Up
GSE39645,TTC9C,0.425964,0.000237,0.00058,4.017416,Up
GSE39645,VRTN,-0.413346,0.000237,0.000582,-4.016437,Down
GSE39645,CARS2,0.437531,0.000238,0.000582,4.016407,Up
GSE39645,APOF,-0.396693,0.000238,0.000582,-4.01637,Down
GSE39645,SLC22A2,-0.572646,0.000238,0.000582,-4.016271,Down
GSE39645,RCBTB1,0.372463,0.000238,0.000582,4.016186,Up
GSE39645,SCGB2A1,-0.840072,0.000238,0.000582,-4.016048,Down
GSE39645,MC5R,-0.520998,0.000238,0.000582,-4.015947,Down
GSE39645,XPO1,0.827252,0.000238,0.000583,4.015724,Up
GSE39645,CSNK2A2,0.504426,0.000238,0.000583,4.015697,Up
GSE39645,PPP2R5C,0.571107,0.000238,0.000583,4.015617,Up
GSE39645,NLRP3,0.793583,0.000238,0.000583,4.015316,Up
GSE39645,NMT2,0.648613,0.000238,0.000584,4.015112,Up
GSE39645,FBXW11,0.358993,0.000239,0.000586,4.013884,Up
GSE39645,AGO3,0.480022,0.000239,0.000586,4.013851,Up
GSE39645,ABHD2,0.576752,0.00024,0.000586,4.013329,Up
GSE39645,KRTAP5-4,-0.746126,0.00024,0.000587,-4.013178,Down
GSE39645,CTAG2,-0.400874,0.00024,0.000587,-4.012882,Down
GSE39645,TNFSF9,-0.353295,0.00024,0.000587,-4.012788,Down
GSE39645,TCHP,0.402211,0.00024,0.000587,4.012703,Up
GSE39645,FCRL4,-0.524336,0.00024,0.000587,-4.012668,Down
GSE39645,DLAT,0.599295,0.000241,0.00059,4.011268,Up
GSE39645,SOX17,-0.461846,0.000242,0.000591,-4.010761,Down
GSE39645,MYADML2,-0.357903,0.000242,0.000591,-4.010622,Down
GSE39645,SLC38A3,-0.648378,0.000242,0.000591,-4.010183,Down
GSE39645,ARR3,-0.390488,0.000243,0.000592,-4.009576,Down
GSE39645,GNAO1,-0.814729,0.000243,0.000592,-4.009561,Down
GSE39645,ZNF280D,0.540857,0.000243,0.000593,4.009441,Up
GSE39645,AP2A2,0.46515,0.000243,0.000593,4.009373,Up
GSE39645,PROZ,-0.383035,0.000243,0.000593,-4.009194,Down
GSE39645,MYBPH,-0.54737,0.000243,0.000593,-4.009176,Down
GSE39645,ANKRD12,0.614851,0.000243,0.000593,4.0091,Up
GSE39645,TMEM5///TMEM5,0.275784,0.000243,0.000593,4.008941,Up
GSE39645,ACBD7,-0.804861,0.000243,0.000593,-4.008903,Down
GSE39645,HCN3,-0.353823,0.000243,0.000593,-4.008589,Down
GSE39645,MYB///MYB,-0.428146,0.000243,0.000593,-4.008588,Down
GSE39645,FASLG,-0.399587,0.000243,0.000593,-4.008529,Down
GSE39645,ODF1,-0.739709,0.000243,0.000594,-4.008387,Down
GSE39645,NCR2,-0.557527,0.000244,0.000595,-4.007839,Down
GSE39645,BRMS1,0.419308,0.000244,0.000595,4.007523,Up
GSE39645,TMEM239,-0.367562,0.000244,0.000595,-4.007271,Down
GSE39645,TMEM229B,0.760102,0.000245,0.000596,4.006624,Up
GSE39645,NXNL1,-0.244177,0.000245,0.000597,-4.006046,Down
GSE39645,JAG1,-0.794955,0.000245,0.000598,-4.005659,Down
GSE39645,GALR1,-0.356324,0.000245,0.000598,-4.005646,Down
GSE39645,IMMT,0.526101,0.000245,0.000598,4.005637,Up
GSE39645,CT47A12///CT47A1///CT47A2///CT47A3///CT47A4///CT47A5///CT47A6///CT47A8///CT47A9///CT47A10///CT47A7///CT47B1///CT47A11,-0.360518,0.000246,0.000599,-4.005062,Down
GSE39645,CT47A12///CT47A1///CT47A2///CT47A3///CT47A4///CT47A5///CT47A6///CT47A8///CT47A9///CT47A10///CT47A7///CT47B1///CT47A11,-0.360518,0.000246,0.000599,-4.005062,Down
GSE39645,CCNF,-0.50807,0.000246,0.000599,-4.005041,Down
GSE39645,YIPF7,-0.414584,0.000246,0.000599,-4.004861,Down
GSE39645,SMYD1,-0.458331,0.000246,6E-04,-4.004539,Down
GSE39645,ERI3,0.418527,0.000247,6E-04,4.004124,Up
GSE39645,TCP11,-0.546194,0.000247,0.000601,-4.003592,Down
GSE39645,ZNF394,0.519537,0.000247,0.000601,4.003542,Up
GSE39645,ZBTB14,0.450187,0.000247,0.000602,4.003239,Up
GSE39645,GRIPAP1,0.342588,0.000247,0.000602,4.003195,Up
GSE39645,RPP14,0.634306,0.000247,0.000602,4.003054,Up
GSE39645,ZBED5,0.430976,0.000248,0.000602,4.002873,Up
GSE39645,TRIAP1,0.294921,0.000248,0.000603,4.002286,Up
GSE39645,CGB2///CGB1///CGB8///CGB7///CGB5///LHB///CGB3///CGB7,-0.373851,0.000248,0.000603,-4.002276,Down
GSE39645,ECH1,0.592862,0.000248,0.000603,4.002204,Up
GSE39645,MGAT3,0.462064,0.000248,0.000603,4.001955,Up
GSE39645,POC1A,-0.424644,0.000248,0.000603,-4.001925,Down
GSE39645,MYO9A,0.698347,0.000248,0.000603,4.001849,Up
GSE39645,CLUAP1,0.681896,0.000248,0.000603,4.001768,Up
GSE39645,NME6,0.529516,0.000249,0.000604,4.001332,Up
GSE39645,SFTPA2///SFTPA1///SFTPA2///SFTPA1,-0.734015,0.000249,0.000604,-4.001211,Down
GSE39645,TNN,-0.432603,0.000249,0.000606,-4.000455,Down
GSE39645,ZCRB1,0.853607,0.000249,0.000606,4.000408,Up
GSE39645,NDUFA3,0.498232,0.00025,0.000606,4.000019,Up
GSE39645,KRT38,-0.437885,0.00025,0.000607,-3.999411,Down
GSE39645,GNG13,-0.395044,0.00025,0.000607,-3.999294,Down
GSE39645,C15orf39,-0.380406,0.00025,0.000608,-3.99915,Down
GSE39645,MORN2,0.894907,0.000251,0.000609,3.99854,Up
GSE39645,KCP,-0.418379,0.000251,0.00061,-3.998023,Down
GSE39645,ANKRD34A,-0.304759,0.000251,0.00061,-3.997894,Down
GSE39645,TYK2,0.371422,0.000252,0.00061,3.997711,Up
GSE39645,PLG,-0.731663,0.000252,0.00061,-3.997474,Down
GSE39645,SLC25A31,-0.429736,0.000252,0.00061,-3.997396,Down
GSE39645,MS4A15,-0.55129,0.000252,0.000611,-3.997148,Down
GSE39645,SIM1,-0.275301,0.000252,0.000611,-3.996859,Down
GSE39645,ZNF821,-0.277855,0.000252,0.000611,-3.996797,Down
GSE39645,TSPAN10,-0.368792,0.000252,0.000611,-3.996722,Down
GSE39645,URGCP-MRPS24///URGCP,0.52434,0.000253,0.000612,3.996208,Up
GSE39645,NLRC3,-0.368621,0.000253,0.000612,-3.996182,Down
GSE39645,PPARA,0.522472,0.000253,0.000613,3.995876,Up
GSE39645,ADRA1D,-0.32477,0.000253,0.000613,-3.995781,Down
GSE39645,LINC01565,-0.471905,0.000253,0.000613,-3.995738,Down
GSE39645,CPNE4,-0.526525,0.000254,0.000614,-3.994897,Down
GSE39645,GTF2F2,0.663475,0.000254,0.000614,3.994818,Up
GSE39645,RIT2,-0.628185,0.000254,0.000615,-3.994632,Down
GSE39645,HSF5,-0.557751,0.000254,0.000616,-3.993978,Down
GSE39645,SLC7A13,-0.471289,0.000254,0.000616,-3.993925,Down
GSE39645,BMP8B///BMP8B,0.417431,0.000254,0.000616,3.993884,Up
GSE39645,PLAC8L1,-0.456555,0.000255,0.000617,-3.993322,Down
GSE39645,POLR1A///POLR1A,0.494236,0.000255,0.000617,3.993268,Up
GSE39645,MYH2,-0.549203,0.000255,0.000617,-3.993243,Down
GSE39645,MYO10,-0.840201,0.000255,0.000617,-3.993194,Down
GSE39645,INHBE,-0.477021,0.000255,0.000617,-3.993172,Down
GSE39645,LNPK,0.770927,0.000255,0.000617,3.993038,Up
GSE39645,OPRK1,-0.370095,0.000256,0.000618,-3.992312,Down
GSE39645,KRTAP9-1,-0.399168,0.000256,0.000618,-3.992074,Down
GSE39645,CCDC65,-0.296988,0.000256,0.000619,-3.991801,Down
GSE39645,VWA3A,-0.446503,0.000256,0.000619,-3.991476,Down
GSE39645,NLRP9,-0.537571,0.000257,0.00062,-3.991171,Down
GSE39645,ASF1A,0.761508,0.000257,0.00062,3.991065,Up
GSE39645,WNT9B,-0.397274,0.000257,0.00062,-3.991056,Down
GSE39645,PRLR,0.833925,0.000257,0.00062,3.990979,Up
GSE39645,BPI,-0.416201,0.000257,0.00062,-3.990896,Down
GSE39645,UBQLNL,-0.492258,0.000257,0.00062,-3.990784,Down
GSE39645,SH2D3A,-0.455651,0.000257,0.000621,-3.990506,Down
GSE39645,C4orf17,-0.616111,0.000257,0.000621,-3.990497,Down
GSE39645,PRDX3,0.696303,0.000257,0.000621,3.990428,Up
GSE39645,SPDEF,-0.363256,0.000257,0.000621,-3.99039,Down
GSE39645,NECAP2,0.544957,0.000258,0.000621,3.989898,Up
GSE39645,EIF2A,0.58078,0.000258,0.000621,3.989854,Up
GSE39645,TMIGD1,-0.469487,0.000258,0.000622,-3.989507,Down
GSE39645,C11orf58,0.424433,0.000258,0.000622,3.98937,Up
GSE39645,DPF1,-0.384498,0.000258,0.000623,-3.98911,Down
GSE39645,FNTA,0.500228,0.000258,0.000623,3.988843,Up
GSE39645,HMGB3,-0.404556,0.000258,0.000623,-3.988791,Down
GSE39645,COPB1,0.667549,0.000259,0.000624,3.988023,Up
GSE39645,HADH,0.501909,0.000259,0.000625,3.987959,Up
GSE39645,PTPN21,0.66077,0.000259,0.000625,3.987789,Up
GSE39645,MYPN,-0.601873,0.000259,0.000625,-3.987757,Down
GSE39645,FITM1,-0.373294,0.000259,0.000625,-3.987594,Down
GSE39645,RNF115,0.725694,0.00026,0.000625,3.987382,Up
GSE39645,NKX2-3,-0.294327,0.00026,0.000626,-3.986943,Down
GSE39645,DPYS,-0.479546,0.00026,0.000626,-3.986941,Down
GSE39645,TMEM89,-0.417386,0.00026,0.000626,-3.986923,Down
GSE39645,ABO,-0.362977,0.00026,0.000626,-3.986753,Down
GSE39645,EXO1,-0.643105,0.00026,0.000626,-3.986525,Down
GSE39645,SAFB,0.501204,0.00026,0.000626,3.986523,Up
GSE39645,DTWD1,0.699752,0.00026,0.000627,3.986355,Up
GSE39645,MAP7,-0.739552,0.000261,0.000628,-3.985847,Down
GSE39645,CRP,-0.561692,0.000261,0.000628,-3.985779,Down
GSE39645,WNT5B,-0.366534,0.000261,0.000628,-3.985751,Down
GSE39645,MSL1,0.517262,0.000261,0.000629,3.985178,Up
GSE39645,DSCAM,-0.481111,0.000261,0.000629,-3.985066,Down
GSE39645,KRTAP10-8,-0.457451,0.000262,0.000629,-3.984899,Down
GSE39645,SPATA32,-0.383456,0.000262,0.000629,-3.984839,Down
GSE39645,TSTA3,0.622175,0.000262,0.000629,3.984712,Up
GSE39645,FGG,-0.418212,0.000262,0.000629,-3.984569,Down
GSE39645,KIAA1429,0.543567,0.000262,0.00063,3.984144,Up
GSE39645,ATP5C1,0.719797,0.000262,0.00063,3.984046,Up
GSE39645,FAM160B2,0.408347,0.000262,0.000631,3.983721,Up
GSE39645,CLDN34,-0.492294,0.000262,0.000631,-3.983712,Down
GSE39645,ACSM2B///ACSM2A,-0.641605,0.000263,0.000631,-3.983479,Down
GSE39645,TMEM151B,-0.289501,0.000263,0.000632,-3.983147,Down
GSE39645,KIAA1324,-0.834429,0.000263,0.000632,-3.982672,Down
GSE39645,LEFTY1,-0.454704,0.000264,0.000633,-3.982436,Down
GSE39645,ZNF430,0.476821,0.000264,0.000633,3.982399,Up
GSE39645,RPP30,0.662321,0.000264,0.000634,3.981875,Up
GSE39645,TENM4,-0.470586,0.000264,0.000634,-3.981476,Down
GSE39645,PDE6D///PDE6D,0.591678,0.000264,0.000634,3.981402,Up
GSE39645,CXCL10,1.157291,0.000265,0.000635,3.981175,Up
GSE39645,SYNGR2,0.490568,0.000265,0.000635,3.981106,Up
GSE39645,SWT1,0.625435,0.000265,0.000635,3.981092,Up
GSE39645,RGR,-0.399699,0.000265,0.000635,-3.981086,Down
GSE39645,SLC15A5,-0.526634,0.000265,0.000635,-3.981033,Down
GSE39645,KIAA2013,-0.272391,0.000265,0.000635,-3.980914,Down
GSE39645,RASA1,0.851168,0.000265,0.000636,3.980012,Up
GSE39645,4,-0.4188,0.000267,0.000639,-3.978546,Down
GSE39645,CTNNBIP1,-0.291564,0.000268,0.000642,-3.97701,Down
GSE39645,PTGDR,-0.262747,0.000268,0.000642,-3.976905,Down
GSE39645,GKN1,-0.338763,0.000268,0.000642,-3.976821,Down
GSE39645,PDILT,-0.514128,0.000268,0.000642,-3.976772,Down
GSE39645,UCK1,0.480676,0.000268,0.000642,3.976741,Up
GSE39645,ZNF146,0.777648,0.000268,0.000642,3.976737,Up
GSE39645,COL26A1,-0.373973,0.000268,0.000643,-3.976519,Down
GSE39645,ATL3,0.589512,0.000269,0.000644,3.975989,Up
GSE39645,CA11,-0.393061,0.000269,0.000645,-3.975125,Down
GSE39645,PLPP6,0.47028,0.00027,0.000646,3.974538,Up
GSE39645,TMOD4,-0.478512,0.000271,0.000648,-3.973652,Down
GSE39645,ARNT,0.456648,0.000271,0.000649,3.97326,Up
GSE39645,LARGE1,0.628592,0.000272,0.000651,3.972085,Up
GSE39645,HOXB1,-0.462632,0.000272,0.000652,-3.97159,Down
GSE39645,DYM,0.661307,0.000272,0.000652,3.971516,Up
GSE39645,TEKT5,-0.431245,0.000273,0.000653,-3.97066,Down
GSE39645,DEFB113,-0.50466,0.000273,0.000654,-3.970416,Down
GSE39645,PGLYRP3,-0.526893,0.000274,0.000654,-3.970112,Down
GSE39645,CD164,0.699315,0.000274,0.000655,3.96973,Up
GSE39645,C10orf53,-0.616761,0.000274,0.000655,-3.969647,Down
GSE39645,STC2,-0.530668,0.000274,0.000655,-3.969581,Down
GSE39645,SPRR2E,-0.602141,0.000274,0.000655,-3.9694,Down
GSE39645,TRPM1,-0.408359,0.000275,0.000656,-3.969038,Down
GSE39645,TBX20,-0.354592,0.000275,0.000656,-3.968917,Down
GSE39645,TNPO3,0.562642,0.000275,0.000656,3.968883,Up
GSE39645,CCDC60,-0.624576,0.000275,0.000656,-3.968793,Down
GSE39645,IDH3G,0.558312,0.000275,0.000657,3.968409,Up
GSE39645,SUGT1,0.865147,0.000275,0.000657,3.968143,Up
GSE39645,MXD1,-0.963856,0.000275,0.000658,-3.967904,Down
GSE39645,KRTAP15-1,-0.787961,0.000276,0.000659,-3.967273,Down
GSE39645,DCLRE1B,0.629514,0.000276,0.000659,3.967039,Up
GSE39645,PERP,-0.756649,0.000276,0.000659,-3.967009,Down
GSE39645,GALNS,0.38144,0.000276,0.000659,3.966942,Up
GSE39645,VKORC1L1,0.750932,0.000277,0.000661,3.965853,Up
GSE39645,NT5DC3,0.989031,0.000277,0.000661,3.96577,Up
GSE39645,DDIT3,0.845525,0.000278,0.000663,3.965177,Up
GSE39645,TNFRSF18,-0.324849,0.000278,0.000663,-3.96514,Down
GSE39645,INA,-0.79111,0.000278,0.000663,-3.964738,Down
GSE39645,FBXO46,-0.277206,0.000279,0.000664,-3.964165,Down
GSE39645,NOX3,-0.509974,0.000279,0.000664,-3.964142,Down
GSE39645,TTC23L///TTC23L,-0.618608,0.000279,0.000665,-3.963754,Down
GSE39645,TRIM55,-0.373641,0.000279,0.000665,-3.963606,Down
GSE39645,CDK16,0.605625,0.000279,0.000666,3.963395,Up
GSE39645,FCRL1,-0.496476,0.000279,0.000666,-3.963343,Down
GSE39645,KDF1,-0.414253,0.00028,0.000666,-3.963139,Down
GSE39645,CDK5,0.543888,0.00028,0.000666,3.963103,Up
GSE39645,PAGE4,-0.368039,0.00028,0.000666,-3.962967,Down
GSE39645,IDNK,0.3504,0.00028,0.000667,3.962399,Up
GSE39645,CASKIN1,-0.336345,0.00028,0.000667,-3.96223,Down
GSE39645,KRT6A,-0.492727,0.000281,0.00067,-3.961069,Down
GSE39645,SZRD1,0.517913,0.000281,0.00067,3.960883,Up
GSE39645,YWHAE,0.43361,0.000282,0.00067,3.960656,Up
GSE39645,EPHB3,-0.446321,0.000282,0.000671,-3.960054,Down
GSE39645,ETV2,-0.352169,0.000282,0.000672,-3.959762,Down
GSE39645,AIM1,0.512277,0.000283,0.000672,3.959632,Up
GSE39645,MED20,0.378798,0.000283,0.000673,3.958925,Up
GSE39645,NAXE///NAXE,0.572621,0.000283,0.000673,3.958919,Up
GSE39645,PCBD2,0.360951,0.000283,0.000674,3.958721,Up
GSE39645,DNAJC22,-0.379234,0.000283,0.000674,-3.958643,Down
GSE39645,BET1,0.439576,0.000284,0.000674,3.958439,Up
GSE39645,MRPL47,0.78542,0.000284,0.000674,3.958256,Up
GSE39645,UMODL1,-0.328479,0.000284,0.000674,-3.958249,Down
GSE39645,TSHB,-0.601707,0.000285,0.000676,-3.957225,Down
GSE39645,LYRM4,0.561716,0.000285,0.000676,3.957194,Up
GSE39645,NPFFR2,-0.40017,0.000285,0.000676,-3.957092,Down
GSE39645,GDF7,-0.300095,0.000285,0.000676,-3.957074,Down
GSE39645,CGREF1,0.538646,0.000285,0.000677,3.956953,Up
GSE39645,TNFRSF25,-0.317153,0.000285,0.000677,-3.956907,Down
GSE39645,STRN4,0.450653,0.000285,0.000677,3.956881,Up
GSE39645,CLPS,-0.326959,0.000285,0.000677,-3.956528,Down
GSE39645,E2F5,0.617278,0.000285,0.000678,3.956244,Up
GSE39645,GNB3,-0.358475,0.000285,0.000678,-3.956232,Down
GSE39645,MS4A5,-0.550568,0.000286,0.000678,-3.956122,Down
GSE39645,CASP9,0.463726,0.000286,0.000678,3.956027,Up
GSE39645,AGGF1,0.359209,0.000286,0.000678,3.955866,Up
GSE39645,C10orf99,-0.44293,0.000286,0.000678,-3.955791,Down
GSE39645,VGF,-0.292806,0.000286,0.000679,-3.955293,Down
GSE39645,PINK1,0.50123,0.000286,0.000679,3.955243,Up
GSE39645,SOST,-0.443893,0.000286,0.000679,-3.95515,Down
GSE39645,SNX22,-0.368063,0.000287,0.00068,-3.95492,Down
GSE39645,THRA,0.653206,0.000287,0.000681,3.954371,Up
GSE39645,MUCL1,-0.880232,0.000287,0.000681,-3.953933,Down
GSE39645,ADAMTS13,-0.360613,0.000288,0.000681,-3.953862,Down
GSE39645,UCHL3,0.774776,0.000288,0.000682,3.953686,Up
GSE39645,SLC22A15,-0.501061,0.000288,0.000683,-3.953044,Down
GSE39645,ABI1,0.631939,0.000288,0.000683,3.952902,Up
GSE39645,RNF166,0.409546,0.000289,0.000684,3.952716,Up
GSE39645,ALPPL2,-0.400467,0.000289,0.000684,-3.952343,Down
GSE39645,C17orf74,-0.392852,0.000289,0.000685,-3.951997,Down
GSE39645,FGD2,0.713527,0.000289,0.000685,3.951955,Up
GSE39645,CUX1,0.551613,0.00029,0.000686,3.95156,Up
GSE39645,ADNP,0.691246,0.00029,0.000686,3.951432,Up
GSE39645,NDUFA12,0.699426,0.00029,0.000686,3.951428,Up
GSE39645,CACNG8,-0.312187,0.00029,0.000686,-3.951355,Down
GSE39645,ERAL1,0.549156,0.00029,0.000686,3.951299,Up
GSE39645,TUBGCP3,0.493893,0.00029,0.000686,3.951261,Up
GSE39645,CLIC3,-0.317772,0.00029,0.000686,-3.951018,Down
GSE39645,VSIG8,-0.471802,0.00029,0.000687,-3.950705,Down
GSE39645,EIF4G3,0.672964,0.000291,0.000687,3.950415,Up
GSE39645,VWC2,-0.38616,0.000291,0.000687,-3.950402,Down
GSE39645,CNEP1R1,0.482656,0.000291,0.000687,3.95028,Up
GSE39645,MRI1,0.485711,0.000291,0.000688,3.949928,Up
GSE39645,DAND5,-0.478486,0.000291,0.000689,-3.949452,Down
GSE39645,SETD2,0.542621,0.000292,0.000689,3.94928,Up
GSE39645,NFE4,-0.664849,0.000292,0.000689,-3.949218,Down
GSE39645,VASN,-0.503559,0.000292,0.000689,-3.949136,Down
GSE39645,RTP2,-0.625167,0.000292,0.00069,-3.948648,Down
GSE39645,PEX10,0.275496,0.000292,0.000691,3.948324,Up
GSE39645,DBH,-0.389671,0.000292,0.000691,-3.948248,Down
GSE39645,ZBTB7A,0.387658,0.000293,0.000691,3.948143,Up
GSE39645,RIC8A///RIC8A,0.468845,0.000293,0.000693,3.94735,Up
GSE39645,CEACAM19,-0.426835,0.000293,0.000693,-3.947128,Down
GSE39645,CDHR1,-0.392767,0.000294,0.000694,-3.94673,Down
GSE39645,UBE2Z,0.605467,0.000294,0.000694,3.94663,Up
GSE39645,FXYD6-FXYD2///FXYD6,-1.040757,0.000294,0.000694,-3.946418,Down
GSE39645,PABPC1L2B///PABPC1L2A,-0.352978,0.000294,0.000694,-3.946239,Down
GSE39645,FNDC3B,0.334973,0.000294,0.000695,3.946155,Up
GSE39645,TBC1D16,0.553381,0.000295,0.000695,3.94599,Up
GSE39645,IL31RA,-0.553169,0.000295,0.000695,-3.945826,Down
GSE39645,NT5E,-1.187129,0.000295,0.000695,-3.94568,Down
GSE39645,AUNIP,-0.588426,0.000295,0.000696,-3.945403,Down
GSE39645,TSPAN6,0.650789,0.000295,0.000696,3.945369,Up
GSE39645,SLC39A10,0.665007,0.000295,0.000696,3.944998,Up
GSE39645,SUPT20HL1///SUPT20HL2,-0.757541,0.000296,0.000697,-3.944674,Down
GSE39645,MYLK,0.691759,0.000296,0.000697,3.944506,Up
GSE39645,TTLL2,-0.599982,0.000297,0.000699,-3.943459,Down
GSE39645,SMCP,-0.70875,0.000297,7E-04,-3.942907,Down
GSE39645,CEP295,0.483848,0.000297,0.000701,3.942794,Up
GSE39645,ZPLD1,-0.639822,0.000298,0.000702,-3.942232,Down
GSE39645,TLX2,-0.354549,0.000298,0.000702,-3.942203,Down
GSE39645,FBXO27,0.443886,0.000299,0.000703,3.941466,Up
GSE39645,PFDN1,0.632385,0.000299,0.000704,3.941171,Up
GSE39645,OLFML2B,1.239661,0.000299,0.000704,3.941073,Up
GSE39645,HAGHL,-0.39384,0.000299,0.000704,-3.941034,Down
GSE39645,EXOC3L2,-0.395205,0.000299,0.000704,-3.940969,Down
GSE39645,KCNN4,-0.416192,0.000299,0.000704,-3.940931,Down
GSE39645,SRPRA,0.420329,0.000299,0.000704,3.940851,Up
GSE39645,STAM2,0.582931,3E-04,0.000705,3.940424,Up
GSE39645,TCTEX1D1,-0.485713,3E-04,0.000705,-3.940071,Down
GSE39645,EGFL6,-0.792334,3E-04,0.000706,-3.939885,Down
GSE39645,FKBP11,-0.438891,3E-04,0.000706,-3.93968,Down
GSE39645,HIST1H1T,-0.62061,0.000301,0.000707,-3.939208,Down
GSE39645,ACSBG2,-0.6473,0.000301,0.000708,-3.938889,Down
GSE39645,CAV2///LOC105375463///CAV2,-1.074454,0.000301,0.000708,-3.938509,Down
GSE39645,NCOR1,0.520549,0.000302,0.00071,3.93771,Up
GSE39645,SNX10,0.860964,0.000302,0.00071,3.937622,Up
GSE39645,BCAS2,0.692491,0.000302,0.00071,3.937486,Up
GSE39645,APOA2,-0.547509,0.000302,0.00071,-3.937483,Down
GSE39645,REG4,-0.560692,0.000302,0.00071,-3.937271,Down
GSE39645,THOC7,0.771727,0.000302,0.00071,3.937259,Up
GSE39645,KHK,0.44974,0.000303,0.000711,3.936908,Up
GSE39645,COL27A1,-0.389477,0.000303,0.000711,-3.93682,Down
GSE39645,GABRA6,-0.41418,0.000303,0.000711,-3.93681,Down
GSE39645,LAX1,-0.450398,0.000303,0.000712,-3.936303,Down
GSE39645,TSPAN16,-0.609286,0.000303,0.000712,-3.936226,Down
GSE39645,TUBB8,-0.436364,0.000304,0.000712,-3.936091,Down
GSE39645,CRYBA4,-0.491525,0.000304,0.000713,-3.935793,Down
GSE39645,CTRC,-0.265196,0.000304,0.000714,-3.935187,Down
GSE39645,PTPRF,0.594698,0.000305,0.000715,3.934674,Up
GSE39645,DERL2,0.442441,0.000305,0.000716,3.934402,Up
GSE39645,LRRC8E,-0.407181,0.000306,0.000717,-3.933575,Down
GSE39645,RDH12,-0.50121,0.000306,0.000717,-3.933525,Down
GSE39645,FSTL4,-0.401175,0.000306,0.000717,-3.933522,Down
GSE39645,SLC22A25,-0.582383,0.000306,0.000718,-3.93332,Down
GSE39645,ESRP1///RAF1,-0.473814,0.000306,0.000718,-3.933078,Down
GSE39645,PUM2,0.635105,0.000307,0.000719,3.932644,Up
GSE39645,COL16A1,-0.401957,0.000307,0.000719,-3.932643,Down
GSE39645,CYLC1,-0.378733,0.000307,0.00072,-3.932219,Down
GSE39645,MYL2,-0.85666,0.000307,0.00072,-3.932007,Down
GSE39645,CATSPERG,-0.393043,0.000307,0.00072,-3.931878,Down
GSE39645,SLC25A23,0.46687,0.000307,0.00072,3.931859,Up
GSE39645,NAALADL2,0.640122,0.000308,0.000722,3.930954,Up
GSE39645,TAF9B,0.688309,0.000308,0.000722,3.930921,Up
GSE39645,FAM25G///FAM25BP///FAM25C///FAM25A///AGAP11,-0.764072,0.000308,0.000722,-3.930843,Down
GSE39645,C9orf170,-0.51413,0.000309,0.000723,-3.93059,Down
GSE39645,B3GALT5,-0.643363,0.000309,0.000723,-3.930231,Down
GSE39645,CCNG2,0.382229,0.000309,0.000724,3.930069,Up
GSE39645,C1orf159,-0.335025,0.00031,0.000725,-3.929505,Down
GSE39645,SPANXN5,-0.523073,0.00031,0.000725,-3.929458,Down
GSE39645,NREP,-0.890484,0.00031,0.000725,-3.929341,Down
GSE39645,NEU2,-0.388112,0.00031,0.000725,-3.929244,Down
GSE39645,C9orf131,-0.51246,0.00031,0.000725,-3.929141,Down
GSE39645,TFF2,-0.387049,0.00031,0.000725,-3.928949,Down
GSE39645,SP2,0.503823,0.00031,0.000726,3.928855,Up
GSE39645,FAM163B,-0.30698,0.000311,0.000727,-3.928304,Down
GSE39645,C7orf57,-0.330689,0.000311,0.000727,-3.928023,Down
GSE39645,COX6B1,0.320297,0.000311,0.000727,3.927927,Up
GSE39645,LOC646938///TBC1D2B,0.794164,0.000311,0.000727,3.927925,Up
GSE39645,RDH11,0.554534,0.000311,0.000727,3.927895,Up
GSE39645,MPHOSPH10,0.663278,0.000312,0.000728,3.927512,Up
GSE39645,GADL1,-0.476093,0.000312,0.000728,-3.927267,Down
GSE39645,MCUR1,0.670366,0.000313,0.000731,3.92618,Up
GSE39645,NPW,-0.375166,0.000313,0.000731,-3.925838,Down
GSE39645,CCDC63,-0.448719,0.000313,0.000732,-3.925652,Down
GSE39645,HIGD2A,0.524174,0.000314,0.000733,3.92507,Up
GSE39645,COQ2,0.456659,0.000314,0.000733,3.924947,Up
GSE39645,ACADSB,0.722865,0.000315,0.000734,3.924254,Up
GSE39645,SLC11A2,0.425792,0.000315,0.000735,3.924075,Up
GSE39645,B3GNT3,-0.373525,0.000315,0.000735,-3.923975,Down
GSE39645,AP1M1,0.662125,0.000315,0.000736,3.923475,Up
GSE39645,HPCAL4,-0.447916,0.000316,0.000737,-3.923157,Down
GSE39645,CYP1A2,-0.442317,0.000316,0.000737,-3.922682,Down
GSE39645,KCNK15,-0.346302,0.000316,0.000738,-3.922542,Down
GSE39645,MRGPRG,-0.394499,0.000317,0.000738,-3.922177,Down
GSE39645,ZNF330,0.556171,0.000317,0.000738,3.92215,Up
GSE39645,MYH4,-0.354129,0.000317,0.000738,-3.922145,Down
GSE39645,PEBP4,-0.757203,0.000317,0.000739,-3.921685,Down
GSE39645,MAGEH1,0.529791,0.000317,0.000739,3.921629,Up
GSE39645,HS3ST4,-0.311926,0.000318,0.000741,-3.920976,Down
GSE39645,MAB21L3,-0.659309,0.000318,0.000741,-3.920798,Down
GSE39645,COMMD6,0.404905,0.000318,0.000741,3.920559,Up
GSE39645,LRRC18,-0.671364,0.000319,0.000742,-3.920038,Down
GSE39645,FGF6,-0.378288,0.000319,0.000743,-3.919919,Down
GSE39645,PTCD2,0.393454,0.000319,0.000743,3.919815,Up
GSE39645,KCTD4,-0.64306,0.00032,0.000744,-3.919028,Down
GSE39645,SSMEM1,-0.472911,0.00032,0.000744,-3.919007,Down
GSE39645,TMEM14C,0.550352,0.00032,0.000744,3.918985,Up
GSE39645,ASB16,-0.289599,0.00032,0.000745,-3.918662,Down
GSE39645,AURKAIP1,-0.219439,0.000321,0.000746,-3.91811,Down
GSE39645,FMR1,0.520972,0.000321,0.000747,3.917711,Up
GSE39645,EPPIN-WFDC6///EPPIN,-1.195023,0.000321,0.000747,-3.917494,Down
GSE39645,SDF2,0.50094,0.000321,0.000747,3.917463,Up
GSE39645,CDC16,0.610864,0.000321,0.000747,3.917355,Up
GSE39645,HIF1AN,0.621526,0.000321,0.000748,3.917215,Up
GSE39645,STARD6,0.425663,0.000321,0.000748,3.917206,Up
GSE39645,FBXO21,0.493286,0.000322,0.000748,3.917122,Up
GSE39645,MED1,0.538589,0.000322,0.000748,3.916892,Up
GSE39645,MYLK3,-0.480231,0.000322,0.000748,-3.916891,Down
GSE39645,GAP43,1.387397,0.000322,0.000748,3.91678,Up
GSE39645,DEFB125,-0.783123,0.000322,0.000749,-3.916265,Down
GSE39645,PSORS1C2///PSORS1C1///CDSN,-0.474467,0.000323,0.00075,-3.916053,Down
GSE39645,ZFR2,-0.347428,0.000323,0.000751,-3.9155,Down
GSE39645,IMPG1,-0.510123,0.000323,0.000751,-3.915295,Down
GSE39645,CASQ1,-0.529589,0.000323,0.000751,-3.915259,Down
GSE39645,ST7,0.417011,0.000323,0.000751,3.915217,Up
GSE39645,CUL5,0.6204,0.000323,0.000751,3.915129,Up
GSE39645,MED12,0.442309,0.000324,0.000751,3.914995,Up
GSE39645,MYBPC1,-0.487293,0.000324,0.000751,-3.914957,Down
GSE39645,DYNC1I2,0.426568,0.000324,0.000751,3.914887,Up
GSE39645,F2,-0.398434,0.000324,0.000752,-3.914456,Down
GSE39645,MSL3,0.390151,0.000325,0.000754,3.913767,Up
GSE39645,MED17,0.649529,0.000325,0.000754,3.913653,Up
GSE39645,SHBG,-0.338159,0.000325,0.000754,-3.913569,Down
GSE39645,HSPA12B,-0.389683,0.000325,0.000755,-3.913321,Down
GSE39645,CDKN2D,-0.267934,0.000325,0.000755,-3.913213,Down
GSE39645,MTMR6,0.480801,0.000325,0.000755,3.913149,Up
GSE39645,LHFPL4,-0.388582,0.000325,0.000755,-3.913085,Down
GSE39645,QRICH1,0.558028,0.000326,0.000755,3.912737,Up
GSE39645,PANX2,-0.354648,0.000326,0.000756,-3.912305,Down
GSE39645,FAM47B,-0.384624,0.000327,0.000757,-3.911874,Down
GSE39645,AGK,0.541437,0.000327,0.000757,3.911828,Up
GSE39645,SHF,-0.301658,0.000327,0.000758,-3.911492,Down
GSE39645,ATF2,0.512557,0.000327,0.000758,3.911472,Up
GSE39645,ATF7,0.562105,0.000328,0.000759,3.910781,Up
GSE39645,APOC3,-0.351294,0.000329,0.000762,-3.909464,Down
GSE39645,AQP4,-1.314852,0.000329,0.000762,-3.909387,Down
GSE39645,HOXD10,-0.352908,0.000329,0.000763,-3.909297,Down
GSE39645,GATAD2B,0.492898,0.00033,0.000763,3.908905,Up
GSE39645,PTPN14,0.610303,0.00033,0.000764,3.908685,Up
GSE39645,AGAP1,0.437168,0.00033,0.000764,3.90856,Up
GSE39645,ALPL,-0.857015,0.00033,0.000764,-3.908436,Down
GSE39645,SETSIP///SET,0.718472,0.00033,0.000764,3.908382,Up
GSE39645,CCL20,-0.871341,0.000331,0.000765,-3.907833,Down
GSE39645,GMPR2,0.312263,0.000331,0.000767,3.90712,Up
GSE39645,PPOX,0.424495,0.000332,0.000768,3.906794,Up
GSE39645,KRT6B,-0.52547,0.000332,0.000768,-3.906515,Down
GSE39645,PDE6C,-0.521,0.000332,0.000769,-3.906194,Down
GSE39645,IL31,-0.460382,0.000332,0.000769,-3.90606,Down
GSE39645,TTLL6,-0.52315,0.000333,0.000769,-3.906026,Down
GSE39645,PFDN4,0.891982,0.000333,0.000769,3.905955,Up
GSE39645,ATF5,-0.3309,0.000333,0.000769,-3.905802,Down
GSE39645,TRPC4AP,0.462762,0.000333,0.000769,3.905734,Up
GSE39645,LRRC6,0.604327,0.000333,0.00077,3.905488,Up
GSE39645,ANKRD9,-0.268622,0.000333,0.00077,-3.905253,Down
GSE39645,GLT6D1,-0.471376,0.000333,0.00077,-3.905105,Down
GSE39645,ITGA10,-0.711246,0.000334,0.000771,-3.904627,Down
GSE39645,ALX4,-0.37717,0.000334,0.000773,-3.904093,Down
GSE39645,PAGE2,-0.373052,0.000335,0.000773,-3.904072,Down
GSE39645,DCAF8L1,-0.529263,0.000335,0.000773,-3.904008,Down
GSE39645,EIF2B2,0.485952,0.000335,0.000773,3.903718,Up
GSE39645,ZNF90,0.413781,0.000336,0.000776,3.902485,Up
GSE39645,RALA,0.624071,0.000336,0.000776,3.902338,Up
GSE39645,CYB5B,0.71028,0.000337,0.000777,3.901833,Up
GSE39645,SLC10A2,-0.754024,0.000337,0.000779,-3.901146,Down
GSE39645,ERO1A,0.669464,0.000338,0.000779,3.901077,Up
GSE39645,HTR2C,-0.39313,0.000338,0.000779,-3.900842,Down
GSE39645,MFSD14A,0.587835,0.000338,0.00078,3.900576,Up
GSE39645,ATR,0.506637,0.000338,0.00078,3.90032,Up
GSE39645,DDX50,0.390637,0.000338,0.000781,3.900209,Up
GSE39645,SMPDL3B,-0.465409,0.000339,0.000781,-3.899904,Down
GSE39645,CHCHD1,0.865389,0.000339,0.000781,3.899846,Up
GSE39645,TSN,0.577407,0.000339,0.000781,3.899747,Up
GSE39645,TESPA1,-0.534485,0.000339,0.000781,-3.899666,Down
GSE39645,NPC1L1,-0.458049,0.000339,0.000781,-3.899582,Down
GSE39645,SUN5,-0.487988,0.000339,0.000782,-3.899186,Down
GSE39645,ZBTB48,0.337816,0.00034,0.000782,3.899152,Up
GSE39645,GPR171,-0.487285,0.00034,0.000783,-3.898967,Down
GSE39645,CYP1A1,-0.478991,0.00034,0.000783,-3.898925,Down
GSE39645,SMAD1,-0.473618,0.00034,0.000783,-3.898803,Down
GSE39645,SLC17A2,-0.582627,0.00034,0.000784,-3.898395,Down
GSE39645,CD7,-0.327748,0.00034,0.000784,-3.898346,Down
GSE39645,SHANK3,-0.465973,0.00034,0.000784,-3.898248,Down
GSE39645,ANKK1,-0.270853,0.000341,0.000784,-3.898207,Down
GSE39645,RBM44,-0.37926,0.000341,0.000784,-3.897925,Down
GSE39645,UBXN1,0.385391,0.000341,0.000784,3.897877,Up
GSE39645,PDPK1,0.370785,0.000341,0.000785,3.897648,Up
GSE39645,TCEA2,0.342763,0.000341,0.000785,3.897615,Up
GSE39645,COPZ1,0.676108,0.000341,0.000785,3.897337,Up
GSE39645,SLC46A2,-0.324151,0.000342,0.000786,-3.897102,Down
GSE39645,TMEM247,-0.625993,0.000342,0.000786,-3.897086,Down
GSE39645,BCCIP,0.577328,0.000342,0.000788,3.896305,Up
GSE39645,ALG9,0.374419,0.000343,0.000788,3.896177,Up
GSE39645,SEC14L1,0.582356,0.000343,0.000789,3.895744,Up
GSE39645,ZNF438///ZNF438,0.643814,0.000343,0.000789,3.895743,Up
GSE39645,CLTC,0.646472,0.000343,0.000789,3.895366,Up
GSE39645,KIF5B///KIF5B,0.721302,0.000343,0.000789,3.895329,Up
GSE39645,ACAD8,0.272172,0.000344,0.00079,3.895105,Up
GSE39645,STARD9,0.708547,0.000344,0.00079,3.894941,Up
GSE39645,COG6,0.80133,0.000344,0.000791,3.894483,Up
GSE39645,C5AR2,-0.419018,0.000345,0.000792,-3.894153,Down
GSE39645,SMARCE1,0.354211,0.000345,0.000792,3.894114,Up
GSE39645,MZB1,-0.529843,0.000345,0.000792,-3.894088,Down
GSE39645,TRAPPC4,0.940688,0.000345,0.000793,3.893579,Up
GSE39645,TNPO2,0.530776,0.000345,0.000793,3.893574,Up
GSE39645,PIEZO1,0.38089,0.000346,0.000793,3.893274,Up
GSE39645,HRH4,-0.625795,0.000346,0.000794,-3.893067,Down
GSE39645,NEK5,-0.41118,0.000346,0.000794,-3.892731,Down
GSE39645,CBWD6///CBWD3///CBWD5///CBWD2///CBWD1///CBWD6///CBWD3///CBWD5///CBWD1,0.672391,0.000346,0.000795,3.892591,Up
GSE39645,TRIM67,-0.379264,0.000346,0.000795,-3.892455,Down
GSE39645,USP34,0.665241,0.000347,0.000795,3.892386,Up
GSE39645,PCCB,0.458922,0.000347,0.000795,3.892261,Up
GSE39645,PBX2///PBX2P1,0.518109,0.000347,0.000795,3.892259,Up
GSE39645,UGT2A2///UGT2A1,-0.574975,0.000347,0.000795,-3.892223,Down
GSE39645,ARID4B,0.526833,0.000347,0.000795,3.891999,Up
GSE39645,LEMD1,-0.798236,0.000347,0.000796,-3.891851,Down
GSE39645,RNF219,0.496815,0.000347,0.000796,3.891758,Up
GSE39645,BUB1B,-0.850029,0.000347,0.000796,-3.891652,Down
GSE39645,DLD,0.613431,0.000348,0.000796,3.891461,Up
GSE39645,VTA1,0.677226,0.000348,0.000797,3.891317,Up
GSE39645,NDOR1,-0.317111,0.000348,0.000797,-3.891291,Down
GSE39645,SPOP,0.426891,0.000348,0.000797,3.891166,Up
GSE39645,SLC22A14,-0.384569,0.000348,0.000797,-3.891157,Down
GSE39645,CSTF3,0.689379,0.000348,0.000797,3.891005,Up
GSE39645,IL37,-0.327949,0.000348,0.000797,-3.890971,Down
GSE39645,CLPB,0.364167,0.000348,0.000798,3.89056,Up
GSE39645,MAML2///MAML2,0.546772,0.000349,0.000798,3.890351,Up
GSE39645,VSTM4,-0.483925,0.000349,0.000798,-3.890217,Down
GSE39645,TCTE1,-0.274005,0.000349,0.000799,-3.889783,Down
GSE39645,TMEM167A,0.821255,0.000349,0.000799,3.889757,Up
GSE39645,SLC5A5,-0.47494,0.00035,8E-04,-3.889499,Down
GSE39645,OXA1L,0.502775,0.00035,8E-04,3.889391,Up
GSE39645,RRP12,-0.562536,0.00035,8E-04,-3.889355,Down
GSE39645,RNF220,0.384166,0.00035,8E-04,3.889262,Up
GSE39645,TERF2,0.317766,0.00035,8E-04,3.889196,Up
GSE39645,MED18,0.456528,0.00035,8E-04,3.889099,Up
GSE39645,TRIM47,-0.335716,0.000351,0.000802,-3.888313,Down
GSE39645,HIST1H1C,0.773259,0.000352,0.000804,3.887512,Up
GSE39645,CALM1,0.506182,0.000352,0.000804,3.887501,Up
GSE39645,ZNF292,0.547053,0.000352,0.000804,3.887337,Up
GSE39645,HECTD4,0.56842,0.000352,0.000805,3.886954,Up
GSE39645,CARD6,0.560124,0.000352,0.000805,3.886896,Up
GSE39645,NACAD,0.351889,0.000353,0.000805,3.886765,Up
GSE39645,6,0.421251,0.000353,0.000805,3.886682,Up
GSE39645,KCTD19,-0.40138,0.000353,0.000807,-3.886062,Down
GSE39645,CABS1,-0.500384,0.000353,0.000807,-3.885976,Down
GSE39645,PTP4A3,-0.677718,0.000354,0.000807,-3.885714,Down
GSE39645,SETD4,0.370683,0.000354,0.000807,3.885681,Up
GSE39645,KRTCAP3,-0.395248,0.000354,0.000808,-3.885499,Down
GSE39645,VEPH1,-0.437073,0.000355,0.000811,-3.884302,Down
GSE39645,PPP3R2,-0.419287,0.000355,0.000811,-3.884058,Down
GSE39645,CEACAM1,-0.514277,0.000356,0.000812,-3.88379,Down
GSE39645,OPRM1,-0.484163,0.000357,0.000815,-3.882391,Down
GSE39645,CCDC157,-0.382577,0.000358,0.000816,-3.881952,Down
GSE39645,JAKMIP3,-0.328112,0.000358,0.000816,-3.881771,Down
GSE39645,MAPK14,0.41745,0.000358,0.000817,3.881533,Up
GSE39645,PCCA,0.539067,0.000358,0.000817,3.881226,Up
GSE39645,CLEC3A,-0.360079,0.000359,0.000819,-3.880539,Down
GSE39645,UCN3,-0.439984,0.000359,0.000819,-3.880469,Down
GSE39645,LGSN,-0.418158,0.00036,0.000819,-3.880265,Down
GSE39645,JUN,0.579546,0.00036,0.000821,3.879718,Up
GSE39645,IL17REL,-0.380984,0.000361,0.000823,-3.878828,Down
GSE39645,MIP,-0.406203,0.000361,0.000824,-3.878477,Down
GSE39645,TXNL4A,0.852153,0.000362,0.000824,3.878068,Up
GSE39645,A1CF,-0.451887,0.000362,0.000825,-3.877928,Down
GSE39645,IGDCC3,-0.325689,0.000362,0.000825,-3.877833,Down
GSE39645,MSRB2,0.284094,0.000362,0.000825,3.877589,Up
GSE39645,TTBK1,-0.309894,0.000363,0.000826,-3.877453,Down
GSE39645,GCLC,0.784175,0.000363,0.000826,3.877324,Up
GSE39645,DDA1,0.396187,0.000363,0.000826,3.877126,Up
GSE39645,TAAR2,-0.605404,0.000363,0.000826,-3.877115,Down
GSE39645,HYKK,0.38067,0.000364,0.000828,3.87622,Up
GSE39645,PEX2,0.732782,0.000364,0.000829,3.875966,Up
GSE39645,EFCAB12,-0.323158,0.000365,0.000829,-3.875671,Down
GSE39645,KLHL36,0.493763,0.000365,0.000829,3.875624,Up
GSE39645,LMLN,0.398606,0.000366,0.000832,3.874456,Up
GSE39645,CD1E,-0.665935,0.000366,0.000833,-3.874175,Down
GSE39645,UBE2C,-0.619023,0.000366,0.000833,-3.874057,Down
GSE39645,MAP4,0.37979,0.000367,0.000835,3.873364,Up
GSE39645,PTGIR,-0.411247,0.000368,0.000836,-3.872729,Down
GSE39645,RAB5B,0.370642,0.000368,0.000836,3.872727,Up
GSE39645,C9orf139,-0.355,0.000368,0.000837,-3.872199,Down
GSE39645,SLC2A12,-0.561325,0.000369,0.000838,-3.871829,Down
GSE39645,BBX,0.54893,0.000369,0.000839,3.871425,Up
GSE39645,ATP5G1,0.303046,0.00037,0.00084,3.8712,Up
GSE39645,PRTG,-0.393775,0.00037,0.000841,-3.870468,Down
GSE39645,ANKRD55,-0.400895,0.00037,0.000841,-3.870331,Down
GSE39645,UNC93A,-0.398395,0.000371,0.000842,-3.869919,Down
GSE39645,NMRK2,-0.334367,0.000371,0.000843,-3.869612,Down
GSE39645,CT45A8///CT45A9///CT45A10///CT45A7///CT45A2///CT45A1///CT45A6///CT45A5///CT45A3///CT45A8,-1.243992,0.000372,0.000844,-3.86939,Down
GSE39645,SLC6A16,-0.452279,0.000372,0.000844,-3.869071,Down
GSE39645,LMO2,-0.397552,0.000372,0.000845,-3.868751,Down
GSE39645,KLK12,-0.465281,0.000372,0.000845,-3.868723,Down
GSE39645,HEPHL1,-0.414135,0.000372,0.000845,-3.868625,Down
GSE39645,CLDN8,-0.393639,0.000373,0.000845,-3.868527,Down
GSE39645,SPHAR///RAB4A,0.764229,0.000373,0.000846,3.868188,Up
GSE39645,NAE1,0.657152,0.000373,0.000847,3.867797,Up
GSE39645,MRPL50,0.575302,0.000373,0.000847,3.867763,Up
GSE39645,CEP19,0.565406,0.000374,0.000847,3.867578,Up
GSE39645,IFI16,0.523584,0.000374,0.000847,3.867432,Up
GSE39645,ICAM2,-0.541852,0.000374,0.000848,-3.867335,Down
GSE39645,MRPS10,0.675698,0.000375,0.00085,3.866414,Up
GSE39645,GSTA1,-0.440797,0.000375,0.00085,-3.866284,Down
GSE39645,NINL,-0.30715,0.000375,0.000851,-3.866032,Down
GSE39645,HRH3,-0.283009,0.000375,0.000851,-3.866017,Down
GSE39645,CSTF1,0.52553,0.000376,0.000851,3.865637,Up
GSE39645,THAP12,0.630657,0.000377,0.000853,3.864817,Up
GSE39645,ADCK1,0.275297,0.000377,0.000853,3.864789,Up
GSE39645,LYPD2,-0.326437,0.000377,0.000854,-3.864598,Down
GSE39645,ZW10,0.477712,0.000377,0.000854,3.864523,Up
GSE39645,AGXT,-0.406013,0.000377,0.000854,-3.864443,Down
GSE39645,SPANXA2///SPANXC///SPANXD///SPANXA1,-1.14892,0.000378,0.000855,-3.864016,Down
GSE39645,SLC37A4,0.415759,0.000378,0.000855,3.863985,Up
GSE39645,ZNF799,0.462869,0.000378,0.000856,3.863341,Up
GSE39645,HSD17B3,0.417631,0.000379,0.000857,3.862955,Up
GSE39645,DALRD3,0.284673,0.000379,0.000858,3.862608,Up
GSE39645,PTPMT1,0.3846,0.00038,0.000859,3.862269,Up
GSE39645,IDH3B,0.465794,0.00038,0.00086,3.861959,Up
GSE39645,15,0.789116,0.00038,0.00086,3.861949,Up
GSE39645,TBPL1,0.992353,0.000381,0.000861,3.861442,Up
GSE39645,BOLL,-0.439844,0.000381,0.000861,-3.861407,Down
GSE39645,UBQLN1,0.509107,0.000381,0.000862,3.860998,Up
GSE39645,MID2,0.564614,0.000381,0.000862,3.860803,Up
GSE39645,ZC3H13,0.666764,0.000382,0.000863,3.860497,Up
GSE39645,SLC8A3,-0.416473,0.000382,0.000863,-3.860367,Down
GSE39645,RAD23A,0.49082,0.000382,0.000863,3.860187,Up
GSE39645,TCHHL1,-0.839871,0.000382,0.000863,-3.860124,Down
GSE39645,CCDC113,0.497335,0.000382,0.000863,3.860102,Up
GSE39645,LY6D,-0.372605,0.000383,0.000865,-3.859475,Down
GSE39645,GNAI2,0.28583,0.000383,0.000865,3.859207,Up
GSE39645,IMP3,0.232384,0.000383,0.000866,3.859109,Up
GSE39645,ASB12,-0.434621,0.000384,0.000866,-3.858733,Down
GSE39645,ZNF3,0.36407,0.000384,0.000866,3.858687,Up
GSE39645,NR2E3,-0.381841,0.000385,0.00087,-3.857287,Down
GSE39645,SNN,0.425259,0.000386,0.00087,3.857166,Up
GSE39645,DCTD,0.617795,0.000386,0.000872,3.856426,Up
GSE39645,GPATCH2L,0.418401,0.000387,0.000872,3.85626,Up
GSE39645,CCDC97,0.313935,0.000387,0.000872,3.856254,Up
GSE39645,HIPK2,0.613357,0.000387,0.000872,3.856165,Up
GSE39645,CD300LD,-0.586081,0.000387,0.000873,-3.855967,Down
GSE39645,CT45A8///CT45A9///CT45A10///CT45A7///CT45A2///CT45A1///CT45A6///CT45A5///CT45A3///CT45A8,-1.078615,0.000387,0.000873,-3.85588,Down
GSE39645,GCSHP3///LOC729080///LOC641746///GCSH,0.682348,0.000387,0.000873,3.855858,Up
GSE39645,1060P11.3///KIR2DS2///KIR2DL5B///KIR3DL3///KIR2DL5A///KIR3DS1///KIR3DL2///KIR3DL1///KIR2DS5///KIR2DS4///KIR2DS3///KIR2DS1///KIR2DL3///KIR2DL2///KIR2DL1///KIR3DS1///KIR3DL2///KIR3DL1///KIR2DS5///KIR2DS3///KIR2DL1,-0.715296,0.000387,0.000873,-3.85563,Down
GSE39645,FAM24A,-0.652681,0.000388,0.000874,-3.85509,Down
GSE39645,GTF3C6,0.716213,0.000388,0.000874,3.855081,Up
GSE39645,AGL,0.630329,0.000388,0.000874,3.855068,Up
GSE39645,OR4F13P,-0.900957,0.000388,0.000874,-3.855025,Down
GSE39645,CDK17,0.684515,0.000388,0.000874,3.854999,Up
GSE39645,ANAPC7,0.38242,0.000388,0.000875,3.854945,Up
GSE39645,FAM129B,0.500892,0.000388,0.000875,3.854857,Up
GSE39645,PRAMEF8,-0.539506,0.000389,0.000875,-3.854607,Down
GSE39645,COPS7B,0.511202,0.000389,0.000877,3.853902,Up
GSE39645,SURF1,0.282658,0.00039,0.000878,3.853581,Up
GSE39645,KCNMB2,-0.37752,0.00039,0.000878,-3.853503,Down
GSE39645,APOC4-APOC2///APOC2,0.9972,0.00039,0.000878,3.853252,Up
GSE39645,NCAPH,-0.572217,0.00039,0.000879,-3.852976,Down
GSE39645,NUTM2B///NUTM2D///NUTM2A///NUTM2G///NUTM2F,-0.317364,0.000391,0.00088,-3.852372,Down
GSE39645,HTRA4,-0.416885,0.000392,0.000882,-3.851781,Down
GSE39645,PEF1,0.404997,0.000392,0.000882,3.851763,Up
GSE39645,DYRK2,-0.219194,0.000393,0.000884,-3.851093,Down
GSE39645,ZNF579,-0.298714,0.000393,0.000884,-3.850848,Down
GSE39645,DYRK1B,0.329301,0.000393,0.000884,3.850832,Up
GSE39645,CCL25,-0.287975,0.000394,0.000885,-3.850315,Down
GSE39645,CRAMP1,-0.326535,0.000394,0.000886,-3.850144,Down
GSE39645,ADCYAP1,-0.234308,0.000394,0.000886,-3.849894,Down
GSE39645,C2orf49,0.598977,0.000394,0.000886,3.849812,Up
GSE39645,DERL1,0.460162,0.000394,0.000886,3.849771,Up
GSE39645,GCK,-0.364036,0.000394,0.000887,-3.849551,Down
GSE39645,AP5B1,-0.359723,0.000394,0.000887,-3.849539,Down
GSE39645,TMEM208,0.539896,0.000395,0.000888,3.849086,Up
GSE39645,CPN1,-0.59248,0.000395,0.000888,-3.84903,Down
GSE39645,SYNPO2L,-0.448634,0.000395,0.000888,-3.848885,Down
GSE39645,C2CD4B,-0.309315,0.000395,0.000888,-3.84887,Down
GSE39645,TMEM174,-0.471252,0.000395,0.000888,-3.848782,Down
GSE39645,PLA2G4C,0.612192,0.000396,0.000888,3.848686,Up
GSE39645,CKAP2,0.788727,0.000396,0.000888,3.84864,Up
GSE39645,BEND3,-0.294861,0.000396,0.000888,-3.848568,Down
GSE39645,REG3G,-0.443559,0.000396,0.00089,-3.848017,Down
GSE39645,NPEPPS,0.585362,0.000397,0.00089,3.847773,Up
GSE39645,PATE2,-0.5123,0.000398,0.000894,-3.84646,Down
GSE39645,EIF4EBP2,0.481791,0.000399,0.000895,3.846071,Up
GSE39645,ACTG2,-0.74514,0.000399,0.000896,-3.845635,Down
GSE39645,DHX40,0.568753,0.000399,0.000896,3.845376,Up
GSE39645,MTUS2,-0.568356,4E-04,0.000896,-3.845353,Down
GSE39645,UBE2K,0.711827,4E-04,0.000897,3.845172,Up
GSE39645,PNLIPRP1,-0.730884,4E-04,0.000898,-3.844637,Down
GSE39645,LYRM7,0.570521,0.000401,0.000898,3.844391,Up
GSE39645,CER1,-0.390554,0.000401,0.000899,-3.84422,Down
GSE39645,USH1G,-0.372928,0.000401,9E-04,-3.843822,Down
GSE39645,C1QL4,-0.468774,0.000402,9E-04,-3.843573,Down
GSE39645,CXCR3,-0.388062,0.000402,0.000901,-3.843349,Down
GSE39645,AVL9,0.519597,0.000402,0.000901,3.843282,Up
GSE39645,ZFP42,-0.360047,0.000402,0.000902,-3.842979,Down
GSE39645,DEFA6,-0.579581,0.000402,0.000902,-3.842956,Down
GSE39645,TYRP1,-0.365195,0.000402,0.000902,-3.8429,Down
GSE39645,GUCY1B3,-0.757629,0.000403,0.000902,-3.842846,Down
GSE39645,MPP2,-0.419103,0.000403,0.000902,-3.84254,Down
GSE39645,LACRT,-0.632011,0.000403,0.000903,-3.842221,Down
GSE39645,FOXA1,-0.330988,0.000403,0.000903,-3.842193,Down
GSE39645,CNIH4,0.518417,0.000404,0.000904,3.841962,Up
GSE39645,R3HDM4,-0.393428,0.000404,0.000904,-3.841867,Down
GSE39645,TPCN2,0.4022,0.000404,0.000904,3.841808,Up
GSE39645,COG2,0.64491,0.000404,0.000904,3.841638,Up
GSE39645,GSX2,-0.346395,0.000405,0.000906,-3.840975,Down
GSE39645,MPHOSPH9,0.622014,0.000405,0.000906,3.840958,Up
GSE39645,ARFGEF2,0.519566,0.000405,0.000906,3.84086,Up
GSE39645,ECE2,-0.359654,0.000405,0.000906,-3.840693,Down
GSE39645,BRD7,0.496179,0.000405,0.000906,3.840607,Up
GSE39645,SSH2,0.63546,0.000405,0.000907,3.840427,Up
GSE39645,C16orf59,-0.226014,0.000406,0.000907,-3.840279,Down
GSE39645,CD163L1,-0.553551,0.000406,0.000908,-3.839954,Down
GSE39645,TREM1,-1.350352,0.000407,0.000909,-3.839347,Down
GSE39645,MGA,0.598878,0.000407,0.000909,3.839298,Up
GSE39645,METTL25,0.366437,0.000407,0.000909,3.839295,Up
GSE39645,SLC25A41,-0.378239,0.000407,0.00091,-3.83903,Down
GSE39645,SLC45A2,-0.506516,0.000409,0.000913,-3.837747,Down
GSE39645,AIMP2///EIF2AK1,0.49902,0.000409,0.000913,3.837711,Up
GSE39645,GMEB1,0.413001,0.000409,0.000914,3.837403,Up
GSE39645,ISCA2,0.3819,0.00041,0.000915,3.837027,Up
GSE39645,FCRL2,-0.530036,0.00041,0.000915,-3.836879,Down
GSE39645,DOHH,-0.307212,0.00041,0.000916,-3.836543,Down
GSE39645,NLRP14,-0.399322,0.00041,0.000916,-3.836538,Down
GSE39645,ATOX1,0.434922,0.000411,0.000917,3.835991,Up
GSE39645,TEX33,-0.502263,0.000411,0.000917,-3.835905,Down
GSE39645,UBE2F-SCLY///UBE2F,0.817887,0.000411,0.000918,3.835569,Up
GSE39645,FAM171A1,0.552516,0.000412,0.000918,3.835499,Up
GSE39645,TEX36,-0.356605,0.000412,0.000919,-3.835227,Down
GSE39645,RPE65,-0.770332,0.000412,0.000919,-3.835022,Down
GSE39645,CLEC12B,-0.348542,0.000412,0.00092,-3.834888,Down
GSE39645,GALR2,-0.387881,0.000413,0.000922,-3.834111,Down
GSE39645,ESD,0.804591,0.000413,0.000922,3.834011,Up
GSE39645,FDXR,0.311119,0.000414,0.000922,3.833886,Up
GSE39645,GPKOW,0.381663,0.000414,0.000922,3.833747,Up
GSE39645,ZBTB8B///ZBTB8A,-0.239423,0.000414,0.000922,-3.833736,Down
GSE39645,NAA35,0.552963,0.000414,0.000922,3.833648,Up
GSE39645,MAPK4,-0.736217,0.000414,0.000923,-3.833467,Down
GSE39645,C10orf71,-0.384284,0.000414,0.000923,-3.833371,Down
GSE39645,NA,0.432963,0.000414,0.000923,3.833257,Up
GSE39645,MROH9,-0.703104,0.000414,0.000923,-3.83315,Down
GSE39645,ARIH1,0.552153,0.000415,0.000924,3.832926,Up
GSE39645,TMEM56-RWDD3///TMEM56,0.643573,0.000415,0.000924,3.832803,Up
GSE39645,CCR9,-0.368423,0.000415,0.000924,-3.832593,Down
GSE39645,KPNA5,0.632788,0.000415,0.000925,3.832404,Up
GSE39645,CDK5R2,-0.336617,0.000415,0.000925,-3.832396,Down
GSE39645,RNPEPL1,0.419679,0.000415,0.000925,3.832357,Up
GSE39645,P2RX2,-0.32171,0.000416,0.000926,-3.832041,Down
GSE39645,PRAMEF18///PRAMEF10,-0.679582,0.000416,0.000926,-3.831851,Down
GSE39645,C11orf57,0.49347,0.000416,0.000926,3.831844,Up
GSE39645,FAM127A,0.670797,0.000416,0.000926,3.831642,Up
GSE39645,RIDA,0.789325,0.000416,0.000926,3.831561,Up
GSE39645,MAP3K9,-0.407302,0.000417,0.000927,-3.831386,Down
GSE39645,MBD3L3///MBD3L4///MBD3L5///MBD3L2,-0.512986,0.000417,0.000927,-3.831225,Down
GSE39645,TPR,0.531631,0.000417,0.000927,3.831122,Up
GSE39645,TMCO2,-0.379734,0.000418,0.000928,-3.830704,Down
GSE39645,COL5A3,-0.389193,0.000418,0.000929,-3.830405,Down
GSE39645,CSN2,-0.280305,0.000418,0.00093,-3.830162,Down
GSE39645,CCL26,-0.43431,0.000418,0.00093,-3.829964,Down
GSE39645,ENHO,-0.510323,0.000419,0.00093,-3.829885,Down
GSE39645,ADAM29,-0.645305,0.000419,0.000931,-3.829595,Down
GSE39645,TAS1R3,-0.312765,0.000419,0.000932,-3.82928,Down
GSE39645,BPIFC,-0.440524,0.000419,0.000932,-3.829204,Down
GSE39645,VSX2,-0.365941,0.00042,0.000933,-3.828844,Down
GSE39645,DZIP1L,-0.341412,0.00042,0.000933,-3.8287,Down
GSE39645,CCDC168,-0.789119,0.00042,0.000933,-3.828606,Down
GSE39645,MRPL53,0.464208,0.00042,0.000933,3.828499,Up
GSE39645,PACS1,0.537005,0.000421,0.000934,3.828269,Up
GSE39645,SIX6,-0.277078,0.000421,0.000935,-3.827873,Down
GSE39645,SP4,0.42987,0.000422,0.000936,3.827332,Up
GSE39645,FLII,0.579375,0.000422,0.000936,3.827163,Up
GSE39645,CDC5L,0.69534,0.000422,0.000936,3.82715,Up
GSE39645,BIRC6,0.575061,0.000423,0.000938,3.826603,Up
GSE39645,SLC51A,-0.313805,0.000423,0.000938,-3.826535,Down
GSE39645,FZD9,-0.280319,0.000423,0.000938,-3.826303,Down
GSE39645,NAT8B,-0.434469,0.000423,0.000938,-3.826247,Down
GSE39645,NXPE4,-0.575751,0.000424,0.000939,-3.82596,Down
GSE39645,CSPG4,0.767841,0.000424,0.000941,3.825442,Up
GSE39645,TMEM82,-0.493077,0.000424,0.000941,-3.825363,Down
GSE39645,PPP6C,0.369927,0.000425,0.000941,3.825112,Up
GSE39645,TBX1,-0.300195,0.000425,0.000942,-3.824784,Down
GSE39645,ABCC11,-0.421418,0.000425,0.000942,-3.8247,Down
GSE39645,SMCO2,-0.405039,0.000425,0.000942,-3.824548,Down
GSE39645,HPCA,-0.31823,0.000425,0.000943,-3.824494,Down
GSE39645,HECTD1,0.582085,0.000426,0.000943,3.824395,Up
GSE39645,GTPBP8,0.631725,0.000426,0.000943,3.824161,Up
GSE39645,DCAF12L1,-0.407294,0.000426,0.000943,-3.824055,Down
GSE39645,FGA,-0.636835,0.000426,0.000944,-3.823873,Down
GSE39645,PRSS58,-0.526387,0.000426,0.000944,-3.823774,Down
GSE39645,HTR1E,-0.433092,0.000427,0.000945,-3.823522,Down
GSE39645,ANXA9,-0.463652,0.000427,0.000945,-3.823492,Down
GSE39645,NPY5R,0.945463,0.000427,0.000945,3.823123,Up
GSE39645,CTRB2///CTRB1,-0.350101,0.000427,0.000946,-3.82304,Down
GSE39645,IL11RA,-0.332669,0.000427,0.000946,-3.822954,Down
GSE39645,PSMA6,0.415046,0.000428,0.000946,3.822683,Up
GSE39645,PUS10,0.348756,0.000428,0.000947,3.822431,Up
GSE39645,IGFBPL1,-0.352628,0.000428,0.000947,-3.822252,Down
GSE39645,SSTR5,-0.244624,0.000429,0.000948,-3.821915,Down
GSE39645,LRRIQ3,-0.447844,0.000429,0.000948,-3.821869,Down
GSE39645,HCRT,-0.289696,0.000429,0.000949,-3.821655,Down
GSE39645,PDCL3,0.754389,0.000429,0.000949,3.821547,Up
GSE39645,C1QTNF9B,-0.634639,0.00043,0.000949,-3.821268,Down
GSE39645,COMMD2,0.772562,0.00043,0.000949,3.821267,Up
GSE39645,ORC1,-0.472677,0.00043,0.00095,-3.821053,Down
GSE39645,UBA1,0.565292,0.000431,0.000952,3.82045,Up
GSE39645,SERPINB3,-0.489314,0.000431,0.000952,-3.820254,Down
GSE39645,COLEC12,-1.1174,0.000431,0.000953,-3.81988,Down
GSE39645,GPSM3,-0.366446,0.000431,0.000953,-3.819879,Down
GSE39645,SH2D5,-0.29512,0.000431,0.000953,-3.819862,Down
GSE39645,C6orf226,0.476022,0.000432,0.000953,3.819729,Up
GSE39645,NA,0.32453,0.000432,0.000953,3.819572,Up
GSE39645,TDRD9,-0.459126,0.000432,0.000953,-3.819557,Down
GSE39645,SFTA2,-0.405781,0.000432,0.000954,-3.819408,Down
GSE39645,WDR82,0.574665,0.000432,0.000954,3.819051,Up
GSE39645,CSRP3,-0.42012,0.000433,0.000955,-3.818959,Down
GSE39645,NBPF7,-0.419243,0.000433,0.000955,-3.818946,Down
GSE39645,SSX5,-0.509072,0.000433,0.000955,-3.818798,Down
GSE39645,HIST2H2AC,0.419781,0.000433,0.000955,3.818776,Up
GSE39645,MRPL36,-0.293733,0.000433,0.000956,-3.818391,Down
GSE39645,TAAR9,-0.574342,0.000433,0.000956,-3.818342,Down
GSE39645,SGSH,0.44671,0.000434,0.000956,3.818076,Up
GSE39645,SENP1,0.427333,0.000434,0.000957,3.817935,Up
GSE39645,MVB12A,0.29711,0.000434,0.000957,3.817674,Up
GSE39645,PMM1,0.449044,0.000435,0.000959,3.817168,Up
GSE39645,HDAC1,0.525477,0.000435,0.00096,3.816723,Up
GSE39645,C9orf57,-0.486778,0.000436,0.00096,-3.816575,Down
GSE39645,ACAP2,0.566586,0.000436,0.00096,3.81656,Up
GSE39645,ARMC5,-0.291808,0.000436,0.000961,-3.816156,Down
GSE39645,TINF2,0.500993,0.000436,0.000961,3.816112,Up
GSE39645,DPPA5,-0.371941,0.000437,0.000963,-3.815541,Down
GSE39645,ORM1,-0.489911,0.000437,0.000963,-3.815511,Down
GSE39645,SLC27A3,-0.361561,0.000437,0.000963,-3.815369,Down
GSE39645,CBWD6///CBWD3///CBWD5///CBWD2///CBWD1///CBWD6///CBWD3///CBWD5///CBWD1,0.51604,0.000438,0.000964,3.815111,Up
GSE39645,CHMP6,0.399747,0.000438,0.000964,3.815068,Up
GSE39645,TBX10,-0.442227,0.000438,0.000965,-3.814536,Down
GSE39645,DLGAP3,-0.415859,0.000438,0.000965,-3.814459,Down
GSE39645,NOMO3///NOMO2///NOMO1,0.426619,0.00044,0.000968,3.813452,Up
GSE39645,TSNAXIP1,-0.304249,0.00044,0.000968,-3.813155,Down
GSE39645,RPTOR,0.488176,0.00044,0.000968,3.813138,Up
GSE39645,LCE3C,-0.444753,0.00044,0.000968,-3.813128,Down
GSE39645,DCDC1,-0.454715,0.00044,0.000968,-3.813095,Down
GSE39645,TEDDM1,-0.564617,0.00044,0.000969,-3.812935,Down
GSE39645,CCNB1IP1,0.456522,0.000443,0.000973,3.811253,Up
GSE39645,CDCA4,-0.441471,0.000443,0.000973,-3.811232,Down
GSE39645,SGCA,-0.318271,0.000443,0.000973,-3.81119,Down
GSE39645,FANCA,-0.326532,0.000443,0.000974,-3.811119,Down
GSE39645,VWA1,0.367164,0.000444,0.000975,3.810556,Up
GSE39645,KCNA10,-0.719522,0.000444,0.000975,-3.810543,Down
GSE39645,SDK2,0.960119,0.000444,0.000976,3.810168,Up
GSE39645,METTL17,0.394305,0.000445,0.000977,3.809841,Up
GSE39645,TCN1,-0.847683,0.000445,0.000977,-3.809751,Down
GSE39645,NA,0.468356,0.000445,0.000978,3.80926,Up
GSE39645,SHD,-0.395146,0.000446,0.000979,-3.809011,Down
GSE39645,TCEA3,-0.893661,0.000446,0.000979,-3.80891,Down
GSE39645,ZFP82,0.433162,0.000447,0.000981,3.80833,Up
GSE39645,NA,-0.62521,0.000447,0.000981,-3.808204,Down
GSE39645,RAB41,-0.397668,0.000447,0.000981,-3.808198,Down
GSE39645,VRK3,0.24643,0.000447,0.000981,3.807969,Up
GSE39645,MED13,0.60226,0.000447,0.000982,3.807823,Up
GSE39645,TRIM24,0.522952,0.000448,0.000983,3.807452,Up
GSE39645,KLHL38,-0.540245,0.000448,0.000983,-3.80736,Down
GSE39645,TCTN3,0.557726,0.000448,0.000984,3.806949,Up
GSE39645,PRB3,-0.952002,0.000449,0.000985,-3.80659,Down
GSE39645,DMXL2,0.592615,0.000449,0.000985,3.806511,Up
GSE39645,AFP,-0.227678,0.000449,0.000985,-3.806492,Down
GSE39645,SRP72,0.574441,0.000449,0.000985,3.806392,Up
GSE39645,NKX2-6,-0.365236,0.000449,0.000985,-3.806355,Down
GSE39645,OTUD5,0.439958,0.00045,0.000986,3.806139,Up
GSE39645,FEM1B,0.3799,0.00045,0.000986,3.806026,Up
GSE39645,HIC2,-0.259749,0.00045,0.000986,-3.805945,Down
GSE39645,TPD52L2,0.370609,0.00045,0.000986,3.805788,Up
GSE39645,KRT75,-0.40113,0.00045,0.000987,-3.805513,Down
GSE39645,ZNF679,-0.425429,0.000451,0.000987,-3.805403,Down
GSE39645,IMPG2,-0.431202,0.000451,0.000987,-3.805233,Down
GSE39645,ABAT,0.661132,0.000451,0.000988,3.805145,Up
GSE39645,ARID5B,-0.781188,0.000451,0.000988,-3.804879,Down
GSE39645,TECTB,-0.634173,0.000451,0.000988,-3.804818,Down
GSE39645,KRTAP20-1,-0.790013,0.000452,0.00099,-3.804372,Down
GSE39645,TRIM39-RPP21///RPP21,0.386047,0.000452,0.00099,3.804228,Up
GSE39645,FAM186B,-0.276729,0.000453,0.000991,-3.803881,Down
GSE39645,TINAG,-0.515022,0.000453,0.000991,-3.803719,Down
GSE39645,KAT6A,0.475707,0.000453,0.000991,3.803565,Up
GSE39645,PNMA6A,-0.45896,0.000453,0.000992,-3.803495,Down
GSE39645,ZNF560,-0.310867,0.000453,0.000992,-3.803277,Down
GSE39645,ANKHD1-EIF4EBP3///ANKHD1///EIF4EBP3///ANKHD1-EIF4EBP3///ANKHD1///EIF4EBP3,0.353969,0.000454,0.000993,3.802912,Up
GSE39645,DNASE2B,-0.637311,0.000454,0.000993,-3.802836,Down
GSE39645,GCKR,-0.503044,0.000454,0.000993,-3.802797,Down
GSE39645,CPB2,-0.327035,0.000455,0.000995,-3.80223,Down
GSE39645,RRP7A,0.461543,0.000455,0.000996,3.801887,Up
GSE39645,SPRR2G,-0.626402,0.000455,0.000996,-3.80179,Down
GSE39645,PIAS2,0.464029,0.000456,0.000996,3.801557,Up
GSE39645,PLA2G4F,-0.327301,0.000456,0.000998,-3.801104,Down
GSE39645,FSIP1,-0.300164,0.000457,0.000998,-3.800987,Down
GSE39645,UNC5A,-0.324399,0.000457,0.000998,-3.800736,Down
GSE39645,MSX2,-0.439334,0.000457,0.000999,-3.800538,Down
GSE39645,CORIN,-0.466481,0.000458,0.001,-3.799906,Down
GSE39645,LOC100419840///ZNF497,-0.362934,0.000458,0.001,-3.799821,Down
GSE39645,GAD1,-0.35486,0.000458,0.001,-3.799661,Down
GSE39645,SPAST,0.530906,0.000458,0.001,3.799626,Up
GSE39645,NIPA1,0.650211,0.00046,0.001,3.79859,Up
GSE39645,C4BPB,-0.435402,0.00046,0.001,-3.798336,Down
GSE39645,GPR61,-0.444471,0.00046,0.001,-3.798316,Down
GSE39645,PRAMEF17///PRAMEF10,-0.594361,0.000461,0.00101,-3.798034,Down
GSE39645,ACADVL,0.559502,0.000461,0.00101,3.797403,Up
GSE39645,SYCE1,-0.348111,0.000462,0.00101,-3.797177,Down
GSE39645,TAS2R41,-0.77632,0.000462,0.00101,-3.797106,Down
GSE39645,KIAA1107,0.650714,0.000462,0.00101,3.796969,Up
GSE39645,PLAC8,1.244346,0.000462,0.00101,3.796706,Up
GSE39645,SLC37A2,0.797764,0.000463,0.00101,3.796401,Up
GSE39645,PSMC3,0.439737,0.000464,0.00101,3.795451,Up
GSE39645,DNAJB7,-0.425114,0.000465,0.00101,-3.795085,Down
GSE39645,COPS5,0.560496,0.000465,0.00101,3.794578,Up
GSE39645,PGA4///PGA3///PGA5,-0.710095,0.000465,0.00101,-3.794553,Down
GSE39645,BOD1L1,0.501517,0.000465,0.00101,3.79453,Up
GSE39645,SMAD5,0.585452,0.000467,0.00102,3.793697,Up
GSE39645,C7orf72,-0.373902,0.000467,0.00102,-3.793679,Down
GSE39645,SON,0.529068,0.000467,0.00102,3.793346,Up
GSE39645,RPL26L1,0.528063,0.000468,0.00102,3.792968,Up
GSE39645,CDC42EP2,-0.461708,0.000468,0.00102,-3.792924,Down
GSE39645,FCRL3,-0.498822,0.000468,0.00102,-3.792915,Down
GSE39645,COL20A1,-0.400269,0.000468,0.00102,-3.792906,Down
GSE39645,BMT2,0.488428,0.000468,0.00102,3.792732,Up
GSE39645,CAPZA1,0.489152,0.000468,0.00102,3.792702,Up
GSE39645,HAX1,0.623581,0.000468,0.00102,3.792512,Up
GSE39645,NES,0.392127,0.000468,0.00102,3.792461,Up
GSE39645,ARHGAP21,0.613923,0.000469,0.00102,3.792303,Up
GSE39645,DAZL,-0.325831,0.000469,0.00102,-3.79193,Down
GSE39645,GALNT8,-0.388451,0.000469,0.00102,-3.791692,Down
GSE39645,LILRB3,-0.608566,0.000471,0.00102,-3.790914,Down
GSE39645,IL1RAP,0.863454,0.000471,0.00102,3.790809,Up
GSE39645,FETUB,-0.604567,0.000471,0.00103,-3.79036,Down
GSE39645,MRAP,-0.375119,0.000472,0.00103,-3.790243,Down
GSE39645,BSX,-0.424787,0.000473,0.00103,-3.789052,Down
GSE39645,COG3,0.554873,0.000473,0.00103,3.789,Up
GSE39645,ASGR1,-0.350258,0.000473,0.00103,-3.788956,Down
GSE39645,MED26,0.357491,0.000473,0.00103,3.788851,Up
GSE39645,SDHC,0.386907,0.000474,0.00103,3.788673,Up
GSE39645,KDM2B,0.428089,0.000474,0.00103,3.788361,Up
GSE39645,CMTM4,-0.401437,0.000474,0.00103,-3.788289,Down
GSE39645,TCEA1,0.571519,0.000474,0.00103,3.788208,Up
GSE39645,PAPD5,0.560544,0.000474,0.00103,3.788193,Up
GSE39645,PHYHIP,0.573528,0.000475,0.00103,3.78784,Up
GSE39645,PSMA2///PSMA2,0.70726,0.000475,0.00103,3.787593,Up
GSE39645,COL6A2,-0.550408,0.000476,0.00103,-3.787372,Down
GSE39645,GXYLT2,0.999754,0.000476,0.00103,3.786789,Up
GSE39645,RNF165,-0.309753,0.000476,0.00103,-3.786785,Down
GSE39645,CACNG3,-0.426088,0.000477,0.00103,-3.786717,Down
GSE39645,LHX1,-0.349688,0.000477,0.00104,-3.786413,Down
GSE39645,POGZ,0.460295,0.000477,0.00104,3.786235,Up
GSE39645,TSC22D3,1.118429,0.000477,0.00104,3.786235,Up
GSE39645,TMSB10,0.209698,0.000477,0.00104,3.786126,Up
GSE39645,PXMP4,0.412884,0.000477,0.00104,3.786106,Up
GSE39645,GNB5,-0.31016,0.000478,0.00104,-3.785668,Down
GSE39645,NYAP2,-0.422882,0.000478,0.00104,-3.785357,Down
GSE39645,HOXC12,-0.323768,0.000479,0.00104,-3.785261,Down
GSE39645,HLA-DRB5,1.214835,0.000479,0.00104,3.785002,Up
GSE39645,HAND1,-0.3518,0.000479,0.00104,-3.784776,Down
GSE39645,HMG20B,0.418403,0.000479,0.00104,3.784762,Up
GSE39645,GRHPR,0.415146,0.000481,0.00104,3.783661,Up
GSE39645,HAGH,0.341811,0.000481,0.00104,3.783629,Up
GSE39645,TLN2,0.624717,0.000481,0.00104,3.783381,Up
GSE39645,STAT6,0.343868,0.000483,0.00105,3.782514,Up
GSE39645,PHAX,0.633221,0.000483,0.00105,3.782022,Up
GSE39645,IFNE,-0.240439,0.000484,0.00105,-3.781638,Down
GSE39645,GGT6,-0.463225,0.000484,0.00105,-3.781415,Down
GSE39645,NDUFS3,0.486283,0.000485,0.00105,3.780832,Up
GSE39645,SMAP2,0.775389,0.000485,0.00105,3.78077,Up
GSE39645,ARHGEF10L,0.277888,0.000485,0.00105,3.780742,Up
GSE39645,LRRC61,0.399222,0.000485,0.00105,3.780521,Up
GSE39645,PARVA,0.567165,0.000485,0.00105,3.780493,Up
GSE39645,HOOK3,0.700336,0.000486,0.00105,3.780386,Up
GSE39645,LUZP4,-0.28691,0.000486,0.00105,-3.780378,Down
GSE39645,UCKL1,0.418375,0.000486,0.00105,3.779857,Up
GSE39645,EPS15,0.610344,0.000487,0.00105,3.779641,Up
GSE39645,BPIFA1,-0.566033,0.000487,0.00105,-3.779313,Down
GSE39645,GPR55,-0.574808,0.000487,0.00105,-3.77931,Down
GSE39645,EPRS,0.580675,0.000488,0.00105,3.779098,Up
GSE39645,AKR1A1,0.498382,0.000488,0.00105,3.778974,Up
GSE39645,COMMD8,0.809154,0.000488,0.00106,3.778789,Up
GSE39645,DENND5A,0.445802,0.000488,0.00106,3.778577,Up
GSE39645,GHSR,-0.578506,0.000488,0.00106,-3.778577,Down
GSE39645,DCAF12L2,-0.344401,0.000488,0.00106,-3.778495,Down
GSE39645,KIAA0391,0.44715,0.000489,0.00106,3.77827,Up
GSE39645,PIP5KL1,-0.347148,0.000489,0.00106,-3.778143,Down
GSE39645,PDIA4,0.643409,0.00049,0.00106,3.777573,Up
GSE39645,WNT8A,-0.688518,0.00049,0.00106,-3.777434,Down
GSE39645,IL36B,-0.522981,0.000491,0.00106,-3.777002,Down
GSE39645,CT45A8///CT45A9///CT45A10///CT45A7///CT45A2///CT45A1///CT45A6///CT45A5///CT45A3///CT45A8,-1.023541,0.000491,0.00106,-3.776862,Down
GSE39645,SLC39A14,-0.796092,0.000491,0.00106,-3.776816,Down
GSE39645,SERPINA10,-0.503551,0.000491,0.00106,-3.776439,Down
GSE39645,CNPY1,-0.390954,0.000492,0.00106,-3.776158,Down
GSE39645,RCC1///SNHG3///RCC1,-0.469054,0.000493,0.00106,-3.775543,Down
GSE39645,EXD3,-0.306427,0.000493,0.00106,-3.775477,Down
GSE39645,SPTBN4,-0.287679,0.000493,0.00106,-3.77546,Down
GSE39645,LY6H,-0.297846,0.000494,0.00107,-3.774969,Down
GSE39645,ADAM33,-0.380526,0.000494,0.00107,-3.774783,Down
GSE39645,VPS37D,-0.282064,0.000494,0.00107,-3.77466,Down
GSE39645,NUCB2,0.708448,0.000494,0.00107,3.774353,Up
GSE39645,NAP1L4,0.440134,0.000495,0.00107,3.77373,Up
GSE39645,IL4R,-0.636448,0.000496,0.00107,-3.773532,Down
GSE39645,ARID1A,0.424134,0.000496,0.00107,3.773295,Up
GSE39645,FAM221B,-0.421105,0.000496,0.00107,-3.773244,Down
GSE39645,GSTA3,-0.636577,0.000496,0.00107,-3.773242,Down
GSE39645,SOX13,0.364453,0.000496,0.00107,3.773126,Up
GSE39645,XPO5,0.572483,0.000496,0.00107,3.773061,Up
GSE39645,SCN4A,-0.279333,0.000497,0.00107,-3.772972,Down
GSE39645,SYN3,-0.364167,0.000498,0.00107,-3.772133,Down
GSE39645,GJC1,0.806194,0.000498,0.00107,3.771996,Up
GSE39645,C18orf21,0.595184,0.000498,0.00107,3.771839,Up
GSE39645,KPNA4,0.559441,0.000498,0.00107,3.771824,Up
GSE39645,PDS5B,0.657386,0.000499,0.00108,3.771008,Up
GSE39645,CLEC9A,0.916233,5E-04,0.00108,3.770422,Up
GSE39645,KRTAP19-7,-0.834879,0.000502,0.00108,-3.769358,Down
GSE39645,SERPINB10,-0.440753,0.000503,0.00108,-3.768955,Down
GSE39645,RNF175,-0.333539,0.000503,0.00108,-3.768644,Down
GSE39645,ACER3,0.632298,0.000504,0.00108,3.768096,Up
GSE39645,TEX13A,-0.363875,0.000504,0.00108,-3.767918,Down
GSE39645,CHMP7,0.35968,0.000504,0.00108,3.767895,Up
GSE39645,POLB,0.639044,0.000505,0.00109,3.767359,Up
GSE39645,NHEJ1,0.57767,0.000505,0.00109,3.767339,Up
GSE39645,GDF5OS,-0.303655,0.000505,0.00109,-3.7672,Down
GSE39645,UQCRC2,0.425374,0.000505,0.00109,3.767177,Up
GSE39645,CRYGD,-0.390881,0.000506,0.00109,-3.766933,Down
GSE39645,DAAM2,0.742503,0.000507,0.00109,3.766,Up
GSE39645,PGLS,0.552381,0.000509,0.00109,3.764936,Up
GSE39645,LPL,1.152796,0.000509,0.00109,3.764701,Up
GSE39645,AMTN,-0.45082,0.00051,0.0011,-3.764188,Down
GSE39645,HOXD13,-0.323504,0.000511,0.0011,-3.76351,Down
GSE39645,C9orf85,0.649659,0.000511,0.0011,3.763393,Up
GSE39645,PPP2R5D,0.58556,0.000511,0.0011,3.763334,Up
GSE39645,ZNF567,0.349183,0.000511,0.0011,3.763178,Up
GSE39645,ILVBL,0.274809,0.000512,0.0011,3.762958,Up
GSE39645,ZNF318,0.33838,0.000512,0.0011,3.762783,Up
GSE39645,KRT40,-0.442523,0.000512,0.0011,-3.762662,Down
GSE39645,PHOSPHO1,-0.430813,0.000512,0.0011,-3.762508,Down
GSE39645,TESK1,0.318683,0.000513,0.0011,3.761837,Up
GSE39645,FDCSP,-0.997126,0.000513,0.0011,-3.761762,Down
GSE39645,KDM2A,0.438321,0.000514,0.0011,3.761588,Up
GSE39645,SYT8,-0.352471,0.000514,0.0011,-3.76113,Down
GSE39645,CDC42BPB,0.645563,0.000515,0.0011,3.760992,Up
GSE39645,DNAH3,-0.552266,0.000515,0.00111,-3.760705,Down
GSE39645,ZNF655,0.360753,0.000515,0.00111,3.760549,Up
GSE39645,TPP2,0.579759,0.000515,0.00111,3.760527,Up
GSE39645,SCGB1D1,-0.35885,0.000516,0.00111,-3.760177,Down
GSE39645,ANKRD33,-0.39555,0.000517,0.00111,-3.759663,Down
GSE39645,LRIG1,0.773378,0.000518,0.00111,3.759034,Up
GSE39645,ZSCAN31,-0.315983,0.000519,0.00111,-3.758305,Down
GSE39645,DCLRE1C,0.434126,0.00052,0.00111,3.757841,Up
GSE39645,CHST3,0.457375,0.00052,0.00111,3.757648,Up
GSE39645,IPO11,0.537236,0.00052,0.00112,3.757394,Up
GSE39645,7,0.541446,0.00052,0.00112,3.757376,Up
GSE39645,VN1R5,-0.358068,0.00052,0.00112,-3.757262,Down
GSE39645,UBE3A,0.60758,0.00052,0.00112,3.75724,Up
GSE39645,THOC2,0.76009,0.000522,0.00112,3.756534,Up
GSE39645,BMPR2,0.611264,0.000522,0.00112,3.756278,Up
GSE39645,RAB12,0.226655,0.000523,0.00112,3.755718,Up
GSE39645,DMRT1,-0.377064,0.000524,0.00112,-3.755102,Down
GSE39645,ACTL8,-0.422716,0.000524,0.00112,-3.754874,Down
GSE39645,ZFP30,0.374679,0.000524,0.00112,3.75485,Up
GSE39645,KIN,0.533894,0.000525,0.00112,3.754601,Up
GSE39645,PSMD6,0.412596,0.000525,0.00112,3.754475,Up
GSE39645,HKR1///HKR1,0.289436,0.000525,0.00112,3.754042,Up
GSE39645,HMG20A,0.476317,0.000525,0.00112,3.754019,Up
GSE39645,BANP,-0.324721,0.000526,0.00113,-3.753868,Down
GSE39645,ZNF664-FAM101A///FAM101A,-0.331682,0.000526,0.00113,-3.753548,Down
GSE39645,GRK4,0.541402,0.000527,0.00113,3.752792,Up
GSE39645,POMGNT1,0.467144,0.000527,0.00113,3.75275,Up
GSE39645,ZNF816-ZNF321P///ZNF321P,0.240044,0.000528,0.00113,3.752593,Up
GSE39645,UGGT2,0.572228,0.000529,0.00113,3.751919,Up
GSE39645,WFDC10B,-0.766455,0.000529,0.00113,-3.751704,Down
GSE39645,DLG1,0.763654,0.00053,0.00113,3.75129,Up
GSE39645,DIS3L2,0.274809,0.00053,0.00113,3.75122,Up
GSE39645,GTPBP6,0.457966,0.00053,0.00113,3.751123,Up
GSE39645,FCAMR,-0.499922,0.00053,0.00113,-3.751033,Down
GSE39645,KLF1,-0.373373,0.00053,0.00113,-3.750938,Down
GSE39645,MEPE,-0.689296,0.000531,0.00113,-3.750518,Down
GSE39645,GCDH,0.385198,0.000532,0.00114,3.749883,Up
GSE39645,FCER2,-0.345073,0.000532,0.00114,-3.749765,Down
GSE39645,FICD,0.524251,0.000532,0.00114,3.749728,Up
GSE39645,MARCH11,-0.536934,0.000533,0.00114,-3.749031,Down
GSE39645,NEMP1,0.467153,0.000534,0.00114,3.748956,Up
GSE39645,APEH,0.462939,0.000534,0.00114,3.748955,Up
GSE39645,KRT78,-0.340587,0.000534,0.00114,-3.748934,Down
GSE39645,RPS29,0.329816,0.000534,0.00114,3.748628,Up
GSE39645,ZNF784,-0.253036,0.000534,0.00114,-3.748463,Down
GSE39645,KIR2DS2///KIR2DL5B///KIR3DL3///KIR2DL5A///KIR3DS1///KIR3DL2///KIR3DL1///KIR2DS5///KIR2DS4///KIR2DS1///KIR2DL4///KIR2DL3///KIR2DL2///KIR2DL1///KIR3DS1///KIR3DL2///KIR3DL1///KIR2DS5///KIR2DS3///KIR2DL1,-0.704385,0.000535,0.00114,-3.747987,Down
GSE39645,10,0.608959,0.000535,0.00114,3.747924,Up
GSE39645,ELMO3,-0.327592,0.000536,0.00114,-3.747617,Down
GSE39645,TAS2R9,-0.292477,0.000536,0.00114,-3.747509,Down
GSE39645,BRPF3,0.379134,0.000536,0.00114,3.747389,Up
GSE39645,POM121L2,-0.391106,0.000536,0.00114,-3.747221,Down
GSE39645,C1orf21,-0.670061,0.000536,0.00114,-3.747096,Down
GSE39645,RER1,0.584365,0.000538,0.00115,3.746442,Up
GSE39645,NELFB,0.382678,0.00054,0.00115,3.745019,Up
GSE39645,GDI2,0.603264,0.000541,0.00115,3.744588,Up
GSE39645,TCTEX1D2,0.873944,0.000541,0.00115,3.744367,Up
GSE39645,SERPINA6,-0.587262,0.000541,0.00115,-3.744296,Down
GSE39645,KCNS1,-0.376002,0.000541,0.00115,-3.744174,Down
GSE39645,SSX2B///SSX4B///SSX8///SSX7///SSX6///SSX3///SSX4///SSX5///SSX2///SSX1///SSX2B///SSX2,-1.517747,0.000541,0.00115,-3.744136,Down
GSE39645,CXCL9,0.642915,0.000542,0.00115,3.743928,Up
GSE39645,MST1R,-0.429536,0.000542,0.00115,-3.74389,Down
GSE39645,CGA,-0.930984,0.000542,0.00115,-3.743888,Down
GSE39645,RNPC3///AMY2B,0.524063,0.000542,0.00115,3.743721,Up
GSE39645,MIF///MIF-AS1///MIF,0.683755,0.000542,0.00115,3.743643,Up
GSE39645,ZNF830,0.567314,0.000543,0.00116,3.7431,Up
GSE39645,TATDN2,0.405148,0.000543,0.00116,3.743048,Up
GSE39645,FZD1,-0.369247,0.000543,0.00116,-3.743044,Down
GSE39645,UFC1,0.628118,0.000544,0.00116,3.742674,Up
GSE39645,RNASE13,-0.939749,0.000544,0.00116,-3.742598,Down
GSE39645,MATR3,0.406144,0.000544,0.00116,3.742578,Up
GSE39645,STRA8,-0.30337,0.000544,0.00116,-3.742468,Down
GSE39645,PSMD14,0.539352,0.000544,0.00116,3.742424,Up
GSE39645,C8A,-0.487921,0.000544,0.00116,-3.74233,Down
GSE39645,ZER1,0.507576,0.000545,0.00116,3.742107,Up
GSE39645,TRPV5,-0.548053,0.000545,0.00116,-3.741924,Down
GSE39645,MYO1A,-0.605219,0.000545,0.00116,-3.741748,Down
GSE39645,SPATA31C2///SPATA31C1,-0.710514,0.000545,0.00116,-3.74154,Down
GSE39645,ANAPC5,0.653573,0.000546,0.00116,3.741213,Up
GSE39645,RFWD2,0.65187,0.000546,0.00116,3.741162,Up
GSE39645,DEFB118,-0.53756,0.000546,0.00116,-3.741113,Down
GSE39645,COPS8,0.786216,0.000546,0.00116,3.741072,Up
GSE39645,ABCB11,-0.484167,0.000546,0.00116,-3.740907,Down
GSE39645,COL6A6,-0.440456,0.000547,0.00116,-3.740862,Down
GSE39645,DQX1,-0.481073,0.000547,0.00116,-3.74053,Down
GSE39645,ARHGAP40,-0.361338,0.000547,0.00116,-3.740463,Down
GSE39645,FGF20,0.495663,0.000548,0.00116,3.739994,Up
GSE39645,NEURL4,0.380419,0.000549,0.00117,3.73931,Up
GSE39645,DCAF6,0.501007,0.00055,0.00117,3.738713,Up
GSE39645,LIM2,-0.400232,0.00055,0.00117,-3.738529,Down
GSE39645,SPHKAP,-0.867438,0.000551,0.00117,-3.738195,Down
GSE39645,KBTBD12,-0.411044,0.000552,0.00117,-3.737816,Down
GSE39645,ZNF8,0.400497,0.000552,0.00117,3.73762,Up
GSE39645,GJD4,-0.287252,0.000552,0.00117,-3.737613,Down
GSE39645,GPR179,-0.500164,0.000552,0.00117,-3.737417,Down
GSE39645,SPAG11A///SPAG11B,-0.621842,0.000552,0.00117,-3.737381,Down
GSE39645,FLOT2,0.319482,0.000552,0.00117,3.737376,Up
GSE39645,MRPS30,0.49291,0.000552,0.00117,3.737331,Up
GSE39645,SFSWAP,0.392431,0.000553,0.00117,3.737126,Up
GSE39645,TRPM8,-0.43698,0.000553,0.00117,-3.736788,Down
GSE39645,GABPB2,0.516164,0.000553,0.00117,3.736769,Up
GSE39645,DDX42,0.561205,0.000554,0.00117,3.736551,Up
GSE39645,CDC123,0.655646,0.000554,0.00117,3.736497,Up
GSE39645,IRS4,-0.305018,0.000554,0.00117,-3.736268,Down
GSE39645,GEMIN8,0.726928,0.000554,0.00117,3.73615,Up
GSE39645,PWP1,0.546213,0.000555,0.00118,3.73579,Up
GSE39645,SBK2,-0.348406,0.000555,0.00118,-3.735713,Down
GSE39645,RHOA,0.260482,0.000555,0.00118,3.735622,Up
GSE39645,CWC22,0.473189,0.000555,0.00118,3.735588,Up
GSE39645,ACER1,-0.355599,0.000556,0.00118,-3.735249,Down
GSE39645,ISCA1,0.690164,0.000557,0.00118,3.734543,Up
GSE39645,IL26,-0.376854,0.000557,0.00118,-3.734507,Down
GSE39645,LIME1,-0.278875,0.000557,0.00118,-3.734316,Down
GSE39645,KRT83,-0.406819,0.000559,0.00118,-3.733437,Down
GSE39645,SAXO1,-0.437849,0.00056,0.00119,-3.732662,Down
GSE39645,ANGPTL3,-0.250962,0.00056,0.00119,-3.732539,Down
GSE39645,ZNF718///ZNF595,0.398604,0.000561,0.00119,3.732347,Up
GSE39645,GTF2H2C_2///GTF2H2C///GTF2H2B///GTF2H2,0.66147,0.000561,0.00119,3.731868,Up
GSE39645,ULBP1,-0.484245,0.000561,0.00119,-3.731814,Down
GSE39645,DNAH7,-0.31299,0.000562,0.00119,-3.731704,Down
GSE39645,SLMAP,0.649099,0.000562,0.00119,3.731339,Up
GSE39645,PRR14,0.268151,0.000562,0.00119,3.731297,Up
GSE39645,DEFB123,-0.497396,0.000563,0.00119,-3.730763,Down
GSE39645,CRISP3,-0.530039,0.000565,0.00119,-3.729884,Down
GSE39645,KIF13A,0.50536,0.000565,0.0012,3.729585,Up
GSE39645,SLA,1.015214,0.000565,0.0012,3.729459,Up
GSE39645,UBR1,0.446072,0.000566,0.0012,3.72921,Up
GSE39645,PIH1D3,-0.497077,0.000566,0.0012,-3.72903,Down
GSE39645,NSMCE1,0.589648,0.000566,0.0012,3.728952,Up
GSE39645,EXOG,0.466698,0.000567,0.0012,3.728762,Up
GSE39645,DCST2,-0.359222,0.000567,0.0012,-3.728742,Down
GSE39645,SERPINB4,-0.623199,0.000567,0.0012,-3.728436,Down
GSE39645,GCM1,-0.784424,0.000568,0.0012,-3.728216,Down
GSE39645,PRMT6,0.603484,0.000568,0.0012,3.727754,Up
GSE39645,NSUN5,0.29126,0.000569,0.0012,3.727621,Up
GSE39645,IFT81,0.604893,0.000569,0.0012,3.727452,Up
GSE39645,PRDM7,-1.002958,0.000569,0.0012,-3.727085,Down
GSE39645,GOSR1,0.48185,0.00057,0.0012,3.727038,Up
GSE39645,SERPINB13,-0.492023,0.00057,0.0012,-3.726828,Down
GSE39645,PSG9,-0.487997,0.00057,0.0012,-3.726766,Down
GSE39645,PDLIM3,1.005566,0.000571,0.0012,3.726312,Up
GSE39645,CFAP36,0.780882,0.000571,0.0012,3.72618,Up
GSE39645,TSPAN32,-0.311192,0.000571,0.0012,-3.726137,Down
GSE39645,PLAGL1,-0.420067,0.000571,0.0012,-3.726052,Down
GSE39645,GAS8-AS1,-0.36027,0.000572,0.00121,-3.725651,Down
GSE39645,PHF2,0.416209,0.000572,0.00121,3.725611,Up
GSE39645,SLCO1B1,-0.328984,0.000572,0.00121,-3.725585,Down
GSE39645,RNASE10,-0.383306,0.000572,0.00121,-3.725583,Down
GSE39645,BEND4,-0.338,0.000573,0.00121,-3.725037,Down
GSE39645,SYS1-DBNDD2///SYS1,0.433484,0.000574,0.00121,3.724285,Up
GSE39645,CLDN24,-0.409747,0.000576,0.00121,-3.723474,Down
GSE39645,KNG1,-0.523973,0.000577,0.00122,-3.722886,Down
GSE39645,CLCN1,-0.454963,0.000578,0.00122,-3.722362,Down
GSE39645,ALPI///ALPI,-0.34949,0.000578,0.00122,-3.721959,Down
GSE39645,FAM120A,0.351552,0.000579,0.00122,3.721753,Up
GSE39645,SLC9A4,-0.53773,0.000579,0.00122,-3.721735,Down
GSE39645,KCTD11,0.549632,0.000581,0.00122,3.720374,Up
GSE39645,ZIM3,-0.435964,0.000581,0.00122,-3.720311,Down
GSE39645,CHRAC1,0.473964,0.000582,0.00122,3.719941,Up
GSE39645,NAA10,0.55233,0.000582,0.00123,3.719694,Up
GSE39645,CCDC126,0.463967,0.000583,0.00123,3.718989,Up
GSE39645,IFT88,0.554967,0.000583,0.00123,3.718939,Up
GSE39645,PRAMEF12,-0.538238,0.000584,0.00123,-3.718905,Down
GSE39645,GPR52,-0.621156,0.000584,0.00123,-3.718563,Down
GSE39645,AP2B1,0.650159,0.000585,0.00123,3.717998,Up
GSE39645,MRPL30,0.62141,0.000585,0.00123,3.717936,Up
GSE39645,DPPA3,-0.546493,0.000586,0.00123,-3.717223,Down
GSE39645,PIGT,0.414694,0.000587,0.00123,3.717144,Up
GSE39645,C9orf152,-0.663712,0.000587,0.00123,-3.716982,Down
GSE39645,UTF1,-0.36491,0.000587,0.00123,-3.716803,Down
GSE39645,FAM84A,-0.288589,0.000587,0.00123,-3.7168,Down
GSE39645,COX8C,-0.35943,0.000588,0.00124,-3.716245,Down
GSE39645,PRAMEF18,-0.529501,0.000588,0.00124,-3.716173,Down
GSE39645,ASB15,-0.354154,0.00059,0.00124,-3.715076,Down
GSE39645,SLC14A2,-0.609421,0.00059,0.00124,-3.714944,Down
GSE39645,DMRTA2,-0.276723,0.00059,0.00124,-3.714927,Down
GSE39645,SDR16C5,-0.328076,0.00059,0.00124,-3.714904,Down
GSE39645,ZBTB32,-0.285397,0.000591,0.00124,-3.714854,Down
GSE39645,PPIG,0.57575,0.000592,0.00124,3.714162,Up
GSE39645,WDR90,-0.252417,0.000592,0.00124,-3.714053,Down
GSE39645,IGSF1,-0.677705,0.000593,0.00124,-3.713658,Down
GSE39645,PRR23C,-0.514678,0.000593,0.00125,-3.713503,Down
GSE39645,VCP,0.601518,0.000593,0.00125,3.713424,Up
GSE39645,SPINK2,-0.3183,0.000593,0.00125,-3.713307,Down
GSE39645,AP4E1,0.443385,0.000594,0.00125,3.713133,Up
GSE39645,EFCAB3,-0.414006,0.000594,0.00125,-3.713083,Down
GSE39645,ALDOB,-0.516911,0.000594,0.00125,-3.712951,Down
GSE39645,CALHM1,-0.432415,0.000594,0.00125,-3.712849,Down
GSE39645,C21orf58,-0.302239,0.000594,0.00125,-3.712683,Down
GSE39645,PRLHR,-0.433779,0.000595,0.00125,-3.712545,Down
GSE39645,MKL2,-0.484257,0.000596,0.00125,-3.711919,Down
GSE39645,PRKAG2,0.498387,0.000598,0.00125,3.710804,Up
GSE39645,GPAA1,0.41227,0.000598,0.00125,3.710445,Up
GSE39645,SLC32A1,-0.363501,0.000599,0.00126,-3.710302,Down
GSE39645,POU5F1B,-0.470434,0.000599,0.00126,-3.709938,Down
GSE39645,EFNA3,-0.299859,0.000599,0.00126,-3.709833,Down
GSE39645,CCDC78,-0.296019,6E-04,0.00126,-3.709484,Down
GSE39645,SFTPD,-0.522703,6E-04,0.00126,-3.709361,Down
GSE39645,CELSR3,-0.335946,6E-04,0.00126,-3.709319,Down
GSE39645,AMDHD1,-0.337677,6E-04,0.00126,-3.709271,Down
GSE39645,IL36G,-0.46808,0.000601,0.00126,-3.709193,Down
GSE39645,SRP68,0.484704,0.000601,0.00126,3.708834,Up
GSE39645,SLX4,-0.2868,0.000601,0.00126,-3.70871,Down
GSE39645,MIER1,0.442862,0.000601,0.00126,3.708694,Up
GSE39645,ZNF281,-0.349323,0.000602,0.00126,-3.708496,Down
GSE39645,KCNMB3,-0.389821,0.000602,0.00126,-3.708477,Down
GSE39645,TPD52L3,-0.38774,0.000602,0.00126,-3.708378,Down
GSE39645,PTGFR,-0.461341,0.000602,0.00126,-3.708258,Down
GSE39645,ATP6V1G2-DDX39B///ATP6V1G2,-0.560823,0.000603,0.00126,-3.707999,Down
GSE39645,PAXIP1,0.472173,0.000603,0.00126,3.707715,Up
GSE39645,GRAMD1C,-0.66502,0.000603,0.00126,-3.707673,Down
GSE39645,C1orf111,-0.426478,0.000604,0.00126,-3.707404,Down
GSE39645,ATP5J2,0.461205,0.000604,0.00126,3.707283,Up
GSE39645,FAM221A,0.781981,0.000604,0.00126,3.707076,Up
GSE39645,COPS3,0.61288,0.000605,0.00126,3.706931,Up
GSE39645,KIAA0930,0.598935,0.000605,0.00127,3.706467,Up
GSE39645,PPM1A,0.439781,0.000606,0.00127,3.706174,Up
GSE39645,RNGTT,0.50755,0.000606,0.00127,3.705959,Up
GSE39645,SERPINA11,-0.743469,0.000607,0.00127,-3.705765,Down
GSE39645,PSMD2,0.557011,0.000607,0.00127,3.70552,Up
GSE39645,MRGPRX2,-0.39282,0.000608,0.00127,-3.705014,Down
GSE39645,CHIA,-0.472334,0.000608,0.00127,-3.704972,Down
GSE39645,PICALM,0.61837,0.000608,0.00127,3.704815,Up
GSE39645,SYNGR4,-0.387868,0.000609,0.00127,-3.704625,Down
GSE39645,KMT5B,0.441671,0.000609,0.00127,3.704558,Up
GSE39645,GNB1,0.357102,0.00061,0.00127,3.703892,Up
GSE39645,ZNF652,0.541843,0.000611,0.00128,3.703672,Up
GSE39645,PITPNA,0.435363,0.000611,0.00128,3.703506,Up
GSE39645,GTF3C2,0.375679,0.000612,0.00128,3.703035,Up
GSE39645,SKI,0.4074,0.000612,0.00128,3.702626,Up
GSE39645,TXNDC8,-0.456049,0.000613,0.00128,-3.702561,Down
GSE39645,KRT18,-0.932136,0.000613,0.00128,-3.702413,Down
GSE39645,TMEM105,-0.403128,0.000613,0.00128,-3.702229,Down
GSE39645,NKX1-2,-0.357277,0.000613,0.00128,-3.702168,Down
GSE39645,CD37,0.730559,0.000613,0.00128,3.702126,Up
GSE39645,SLC30A2,-0.320162,0.000613,0.00128,-3.702088,Down
GSE39645,PRKAR1A,0.454817,0.000614,0.00128,3.701765,Up
GSE39645,SLC5A1,-0.591278,0.000614,0.00128,-3.701751,Down
GSE39645,ERICH3,1.181346,0.000615,0.00128,3.701473,Up
GSE39645,CLDN6,-0.548129,0.000616,0.00128,-3.700902,Down
GSE39645,NPHS1,-0.35503,0.000616,0.00128,-3.700789,Down
GSE39645,NUDCD2,0.734966,0.000616,0.00128,3.700727,Up
GSE39645,GDF3,-0.33802,0.000616,0.00128,-3.700595,Down
GSE39645,RABGGTA,0.318066,0.000616,0.00128,3.700517,Up
GSE39645,SSTR4,-0.335658,0.000617,0.00129,-3.70023,Down
GSE39645,FAM71F2,-0.304688,0.000617,0.00129,-3.700116,Down
GSE39645,HSPA1L,0.513206,0.000617,0.00129,3.699992,Up
GSE39645,ADHFE1,0.602272,0.000618,0.00129,3.699693,Up
GSE39645,PSMC5,0.407976,0.000619,0.00129,3.69912,Up
GSE39645,OSBPL2,0.502773,0.000619,0.00129,3.69898,Up
GSE39645,TRIM40,-0.413135,0.000619,0.00129,-3.698846,Down
GSE39645,MLN,-0.39086,0.00062,0.00129,-3.698748,Down
GSE39645,HEATR4,-0.404012,0.00062,0.00129,-3.698467,Down
GSE39645,SLC22A7,-0.342555,0.000621,0.00129,-3.698206,Down
GSE39645,CNDP1,-0.881586,0.000622,0.00129,-3.697603,Down
GSE39645,SPATA31A5///SPATA31A3///SPATA31A1///SPATA31C2///LOC642943///SPATA31C1///SPATA31A6///SPATA31A7,-1.056448,0.000622,0.00129,-3.697557,Down
GSE39645,GLO1,0.716629,0.000622,0.00129,3.697435,Up
GSE39645,SDHD,0.515855,0.000622,0.00129,3.697268,Up
GSE39645,KRTAP8-1,-0.537143,0.000623,0.0013,-3.696708,Down
GSE39645,USP27X,0.694153,0.000623,0.0013,3.69665,Up
GSE39645,PLA2G12B,-0.402454,0.000624,0.0013,-3.696527,Down
GSE39645,COL21A1,-0.658302,0.000624,0.0013,-3.69614,Down
GSE39645,PPP1R14D,-0.467199,0.000625,0.0013,-3.695752,Down
GSE39645,TOR1B,0.497622,0.000625,0.0013,3.695729,Up
GSE39645,TTI2,0.438869,0.000626,0.0013,3.695426,Up
GSE39645,CCDC17,-0.357985,0.000626,0.0013,-3.695066,Down
GSE39645,ARHGEF17,0.465318,0.000626,0.0013,3.695037,Up
GSE39645,RSPO4,-0.365291,0.000627,0.0013,-3.694957,Down
GSE39645,GDPD4,-0.73508,0.000628,0.00131,-3.69413,Down
GSE39645,RTF1,0.495132,0.000628,0.00131,3.694065,Up
GSE39645,NPPB,-0.290083,0.000628,0.00131,-3.694029,Down
GSE39645,MAP1LC3B2///MAP1LC3B,0.600339,0.000628,0.00131,3.694007,Up
GSE39645,C4orf46///TOMM7,0.231192,0.000629,0.00131,3.693873,Up
GSE39645,IFT122,0.481916,0.000629,0.00131,3.693869,Up
GSE39645,TSSK1B,-0.348272,0.000629,0.00131,-3.693622,Down
GSE39645,TLR9,-0.361443,0.000629,0.00131,-3.693582,Down
GSE39645,IARS2,0.52306,0.000629,0.00131,3.693534,Up
GSE39645,MCCD1,-0.46241,0.000629,0.00131,-3.693407,Down
GSE39645,PML,0.463384,0.00063,0.00131,3.693363,Up
GSE39645,PARP2,0.731729,0.00063,0.00131,3.693278,Up
GSE39645,DLC1,0.543058,0.00063,0.00131,3.693197,Up
GSE39645,DCT,-0.417875,0.00063,0.00131,-3.693025,Down
GSE39645,RABIF,0.408807,0.000632,0.00131,3.691954,Up
GSE39645,ADAM20,-0.676956,0.000633,0.00131,-3.691582,Down
GSE39645,KRTAP3-2,-0.335922,0.000633,0.00131,-3.691579,Down
GSE39645,TMEM181,0.423422,0.000633,0.00131,3.691432,Up
GSE39645,CIB3,-0.55353,0.000634,0.00132,-3.690926,Down
GSE39645,RIC8B,0.312997,0.000634,0.00132,3.690861,Up
GSE39645,UGT2B4,-0.51654,0.000634,0.00132,-3.69071,Down
GSE39645,C3orf35,-0.51359,0.000635,0.00132,-3.690701,Down
GSE39645,NFKBIZ,-0.819941,0.000635,0.00132,-3.690584,Down
GSE39645,KANK4,0.70872,0.000635,0.00132,3.690484,Up
GSE39645,SLC6A14,-0.675328,0.000635,0.00132,-3.690435,Down
GSE39645,MROH2B,-0.513153,0.000636,0.00132,-3.690095,Down
GSE39645,ENPEP,-0.671096,0.000636,0.00132,-3.689905,Down
GSE39645,PRAMEF2,-0.37237,0.000637,0.00132,-3.68919,Down
GSE39645,MAFA,-0.296323,0.000638,0.00132,-3.688985,Down
GSE39645,IQCF1,-0.519964,0.000638,0.00132,-3.688853,Down
GSE39645,IQGAP3,-0.606915,0.000638,0.00132,-3.688828,Down
GSE39645,TNP1,-0.551772,0.000638,0.00132,-3.688755,Down
GSE39645,DKFZp434E1119,-0.429856,0.000639,0.00132,-3.688405,Down
GSE39645,ACTL7A,-0.412414,0.000639,0.00132,-3.688305,Down
GSE39645,GGTLC2,-0.446369,0.000639,0.00132,-3.688152,Down
GSE39645,SLC25A38,0.345154,0.000639,0.00132,3.688126,Up
GSE39645,SPZ1,-0.418001,0.00064,0.00132,-3.687985,Down
GSE39645,WDR45B,0.432718,0.00064,0.00132,3.687984,Up
GSE39645,MAST1,-0.314193,0.00064,0.00132,-3.687965,Down
GSE39645,VPS25,0.526294,0.00064,0.00132,3.687745,Up
GSE39645,C2orf78,-0.464868,0.000641,0.00133,-3.687228,Down
GSE39645,MLX,0.437245,0.000641,0.00133,3.687082,Up
GSE39645,PRKACG,-0.396216,0.000642,0.00133,-3.686944,Down
GSE39645,SLC30A5,0.354286,0.000642,0.00133,3.686571,Up
GSE39645,CCDC185,-0.322858,0.000643,0.00133,-3.686048,Down
GSE39645,DEFB119,-0.529718,0.000643,0.00133,-3.68604,Down
GSE39645,CSN3,-0.470506,0.000644,0.00133,-3.685854,Down
GSE39645,PACSIN1,-0.365678,0.000644,0.00133,-3.685506,Down
GSE39645,BNIPL,-0.466769,0.000645,0.00133,-3.685333,Down
GSE39645,VAPB,0.504327,0.000645,0.00133,3.685296,Up
GSE39645,FOXA2,-0.358977,0.000646,0.00133,-3.684656,Down
GSE39645,FBXO18,0.5151,0.000648,0.00134,3.683856,Up
GSE39645,C4orf45,-0.318868,0.000648,0.00134,-3.683821,Down
GSE39645,CEACAM6,-0.340772,0.000648,0.00134,-3.683755,Down
GSE39645,GRIA4,-0.787643,0.000648,0.00134,-3.683752,Down
GSE39645,TRIM4,0.370266,0.000648,0.00134,3.68359,Up
GSE39645,SPOCK2,-0.622056,0.000649,0.00134,-3.682911,Down
GSE39645,RASGRP3,0.792386,0.000651,0.00134,3.682062,Up
GSE39645,DAD1,0.304348,0.000651,0.00134,3.682026,Up
GSE39645,MCM9,0.30488,0.000652,0.00135,3.681692,Up
GSE39645,KRTAP6-3,-1.008538,0.000653,0.00135,-3.680985,Down
GSE39645,IZUMO2,-0.325377,0.000654,0.00135,-3.680652,Down
GSE39645,KIF4A,-0.821648,0.000654,0.00135,-3.680276,Down
GSE39645,PRSS8,-0.503581,0.000655,0.00135,-3.680197,Down
GSE39645,FMR1NB,-0.366184,0.000655,0.00135,-3.680131,Down
GSE39645,DEFB1,-0.623331,0.000656,0.00135,-3.679671,Down
GSE39645,PGBD4,-0.321698,0.000656,0.00135,-3.679303,Down
GSE39645,HRC,-0.47877,0.000656,0.00135,-3.679287,Down
GSE39645,RIIAD1,-0.346651,0.000657,0.00135,-3.678968,Down
GSE39645,SIGLEC5,-0.508379,0.000657,0.00136,-3.678799,Down
GSE39645,DEGS2,-0.304155,0.000658,0.00136,-3.678391,Down
GSE39645,PRAMEF17///PRAMEF10,-0.47654,0.000659,0.00136,-3.677968,Down
GSE39645,SRSF11,0.453629,0.000659,0.00136,3.677931,Up
GSE39645,F8,0.603869,0.000659,0.00136,3.677718,Up
GSE39645,MMP16,-0.780766,0.000659,0.00136,-3.677676,Down
GSE39645,KRTAP3-1,-0.407867,0.000662,0.00136,-3.676252,Down
GSE39645,HOXB9,-0.344128,0.000663,0.00136,-3.676076,Down
GSE39645,CYP1B1,-1.641439,0.000663,0.00137,-3.675888,Down
GSE39645,CSH2,-0.457134,0.000664,0.00137,-3.675414,Down
GSE39645,BRSK1,0.333285,0.000664,0.00137,3.675144,Up
GSE39645,KRTAP6-2,-0.732916,0.000665,0.00137,-3.675078,Down
GSE39645,HOXC13,-0.328046,0.000665,0.00137,-3.674894,Down
GSE39645,CABP5,-0.855305,0.000666,0.00137,-3.674299,Down
GSE39645,ITLN2,-0.542141,0.000667,0.00137,-3.674087,Down
GSE39645,DHX30,0.439752,0.000667,0.00137,3.673928,Up
GSE39645,NDUFA1,0.287538,0.000668,0.00137,3.673484,Up
GSE39645,TM9SF3,0.329707,0.000668,0.00137,3.673414,Up
GSE39645,CYP2R1,0.455651,0.000668,0.00137,3.673236,Up
GSE39645,CCDC69,-0.471824,0.000668,0.00137,-3.673218,Down
GSE39645,NLRP10,-0.430089,0.000668,0.00137,-3.673194,Down
GSE39645,IFNA21///IFNA17///IFNA14///IFNA13///IFNA10///IFNA6///IFNA1,-0.625127,0.000669,0.00138,-3.672814,Down
GSE39645,C1QL3,-0.303823,0.000669,0.00138,-3.672677,Down
GSE39645,C1QTNF9,-0.765729,0.000669,0.00138,-3.67263,Down
GSE39645,HPGD,-0.550975,0.00067,0.00138,-3.672242,Down
GSE39645,MCM3AP,0.324173,0.000672,0.00138,3.671495,Up
GSE39645,TUBGCP5,0.433435,0.000672,0.00138,3.671249,Up
GSE39645,TXNIP,0.470213,0.000673,0.00138,3.670697,Up
GSE39645,MEI1,-0.340007,0.000675,0.00139,-3.669672,Down
GSE39645,PIPOX,-0.507405,0.000676,0.00139,-3.669558,Down
GSE39645,SST,-0.332928,0.000676,0.00139,-3.669375,Down
GSE39645,CYP26B1,-0.317011,0.000676,0.00139,-3.669185,Down
GSE39645,SF3A1,0.365166,0.000677,0.00139,3.668962,Up
GSE39645,CDRT1///FBXW10,-0.6252,0.000677,0.00139,-3.66877,Down
GSE39645,AP2M1,0.41692,0.000677,0.00139,3.668748,Up
GSE39645,RAB17,-0.500798,0.000678,0.00139,-3.668469,Down
GSE39645,PRSS37,-0.326002,0.000679,0.00139,-3.667913,Down
GSE39645,KCNQ4,-0.399128,0.000679,0.00139,-3.667855,Down
GSE39645,HPF1,0.686317,0.00068,0.0014,3.667455,Up
GSE39645,MS4A10,-0.512535,0.00068,0.0014,-3.667247,Down
GSE39645,MRGPRX1,-0.483779,0.00068,0.0014,-3.667156,Down
GSE39645,PTCH1,-0.956258,0.00068,0.0014,-3.66709,Down
GSE39645,SERINC3,0.349591,0.000682,0.0014,3.666478,Up
GSE39645,GTSE1,-0.557872,0.000682,0.0014,-3.666314,Down
GSE39645,DEFB108B,-0.747986,0.000682,0.0014,-3.666205,Down
GSE39645,DUX4///DUX1///DUX5,-0.356841,0.000683,0.0014,-3.666089,Down
GSE39645,RTN4IP1,0.405665,0.000683,0.0014,3.6657,Up
GSE39645,AFG3L2,0.45885,0.000684,0.0014,3.66553,Up
GSE39645,ZNF443,0.517441,0.000685,0.0014,3.665101,Up
GSE39645,SMYD5,0.251496,0.000686,0.00141,3.664463,Up
GSE39645,NOL9,0.519192,0.000686,0.00141,3.664385,Up
GSE39645,PIM2,-0.437981,0.000686,0.00141,-3.664179,Down
GSE39645,FKBP6,-0.385225,0.000686,0.00141,-3.664126,Down
GSE39645,NKX2-4,-0.353297,0.000687,0.00141,-3.663701,Down
GSE39645,ZNF493,0.461401,0.000689,0.00141,3.662763,Up
GSE39645,CHRDL2,-0.358587,0.000689,0.00141,-3.662753,Down
GSE39645,MEP1B,-0.283045,0.000689,0.00141,-3.662723,Down
GSE39645,ADGRB3,1.365019,0.000691,0.00141,3.662126,Up
GSE39645,ECI1,0.310552,0.000691,0.00142,3.661726,Up
GSE39645,ATP8B3,-0.295721,0.000692,0.00142,-3.661612,Down
GSE39645,LYNX1,0.401708,0.000692,0.00142,3.661584,Up
GSE39645,GLIS3,0.698102,0.000692,0.00142,3.661366,Up
GSE39645,ZNF648,-0.295952,0.000692,0.00142,-3.661268,Down
GSE39645,KRT81,-0.348772,0.000693,0.00142,-3.660761,Down
GSE39645,YJEFN3,-0.257189,0.000694,0.00142,-3.660476,Down
GSE39645,CSPP1,0.663108,0.000694,0.00142,3.66044,Up
GSE39645,TERF2IP,0.290657,0.000695,0.00142,3.659977,Up
GSE39645,TPRG1,-0.457403,0.000698,0.00143,-3.65858,Down
GSE39645,CNGA4,-0.358814,0.000699,0.00143,-3.658231,Down
GSE39645,CHIC2///CHIC2,0.725833,0.000699,0.00143,3.658203,Up
GSE39645,TMEM117,0.562563,7E-04,0.00143,3.657667,Up
GSE39645,DNAJC5G,-0.449147,7E-04,0.00143,-3.657545,Down
GSE39645,LENG9,-0.29971,0.000701,0.00143,-3.657177,Down
GSE39645,PDX1,-0.332727,0.000701,0.00143,-3.657072,Down
GSE39645,NCOA7,-0.386536,0.000701,0.00143,-3.656998,Down
GSE39645,DYRK1A,0.470538,0.000702,0.00143,3.656671,Up
GSE39645,MUC4,-0.32509,0.000703,0.00144,-3.656186,Down
GSE39645,CSAG4///MAGEA12,-0.44386,0.000703,0.00144,-3.655977,Down
GSE39645,ATP11AUN,-0.36771,0.000704,0.00144,-3.655484,Down
GSE39645,KLHL3,-0.408995,0.000704,0.00144,-3.655415,Down
GSE39645,UFM1,0.626445,0.000707,0.00144,3.654076,Up
GSE39645,PPP1R8,0.342172,0.000707,0.00144,3.654009,Up
GSE39645,CTAGE1,-0.432003,0.000708,0.00144,-3.653869,Down
GSE39645,NOG,-0.297461,0.000708,0.00145,-3.653789,Down
GSE39645,CRTC1,0.35971,0.000709,0.00145,3.653233,Up
GSE39645,SPRR1A,-0.711316,0.000711,0.00145,-3.652254,Down
GSE39645,PROM2,-0.370025,0.000711,0.00145,-3.652205,Down
GSE39645,HERC1,0.468813,0.000712,0.00145,3.651742,Up
GSE39645,TLX1,-0.412344,0.000713,0.00145,-3.651519,Down
GSE39645,SRCAP,0.408479,0.000713,0.00145,3.651476,Up
GSE39645,MYT1L,-0.277113,0.000714,0.00146,-3.651019,Down
GSE39645,LYPD3,-0.384663,0.000714,0.00146,-3.651001,Down
GSE39645,PRPS1,0.543594,0.000714,0.00146,3.650854,Up
GSE39645,IL20RB,-0.59722,0.000714,0.00146,-3.650734,Down
GSE39645,CYC1,0.48573,0.000714,0.00146,3.650682,Up
GSE39645,DCD,-0.534832,0.000715,0.00146,-3.650387,Down
GSE39645,MRPL15,0.737544,0.000716,0.00146,3.649954,Up
GSE39645,NDUFV2,0.513726,0.000716,0.00146,3.649844,Up
GSE39645,CACNG5,-0.340607,0.000716,0.00146,-3.649724,Down
GSE39645,ETNPPL,-1.039494,0.000717,0.00146,-3.649197,Down
GSE39645,RWDD4,0.67903,0.000719,0.00146,3.648665,Up
GSE39645,SLC25A10,-0.437376,0.00072,0.00147,-3.647927,Down
GSE39645,TRUB2///TRUB2,0.452776,0.000721,0.00147,3.647507,Up
GSE39645,CRIM1,-0.63997,0.000722,0.00147,-3.64716,Down
GSE39645,NGFR,0.854178,0.000722,0.00147,3.646843,Up
GSE39645,RAB3A,-0.255165,0.000723,0.00147,-3.646619,Down
GSE39645,DEFB135,-0.22695,0.000724,0.00147,-3.64634,Down
GSE39645,KCNK4,-0.266746,0.000724,0.00147,-3.64599,Down
GSE39645,FAM210A,0.50759,0.000725,0.00148,3.645746,Up
GSE39645,LCE1D,-0.378113,0.000725,0.00148,-3.645652,Down
GSE39645,UBA6,0.541417,0.000725,0.00148,3.645524,Up
GSE39645,FSD2,-0.362457,0.000725,0.00148,-3.645456,Down
GSE39645,SEC23B,0.449746,0.000726,0.00148,3.645111,Up
GSE39645,MSRB3,-0.509727,0.000727,0.00148,-3.644883,Down
GSE39645,ZBTB11-AS1,0.383814,0.000727,0.00148,3.644778,Up
GSE39645,ETFDH,0.539897,0.000728,0.00148,3.644472,Up
GSE39645,SLC28A2,-0.563398,0.000729,0.00148,-3.643813,Down
GSE39645,CDHR5,-0.327263,0.000729,0.00148,-3.643677,Down
GSE39645,PGGT1B,0.411083,0.00073,0.00148,3.643524,Up
GSE39645,IFNL3,-0.256843,0.00073,0.00149,-3.643139,Down
GSE39645,TBC1D20///TBC1D20,0.336607,0.000731,0.00149,3.642915,Up
GSE39645,CST11,-0.552047,0.000731,0.00149,-3.642657,Down
GSE39645,AKR7A3,-0.294879,0.000733,0.00149,-3.642043,Down
GSE39645,SH3GLB2,0.443531,0.000734,0.00149,3.641515,Up
GSE39645,ZMYND10,-0.282894,0.000734,0.00149,-3.641388,Down
GSE39645,NCKAP5,-0.399453,0.000735,0.00149,-3.641246,Down
GSE39645,NA,-0.421773,0.000735,0.00149,-3.641173,Down
GSE39645,CCNB3///BCOR,-0.297619,0.000735,0.00149,-3.640981,Down
GSE39645,MRPS16,0.504032,0.000736,0.0015,3.640506,Up
GSE39645,GPBP1,0.485641,0.000736,0.0015,3.6404,Up
GSE39645,FASTKD1,0.595867,0.000736,0.0015,3.640387,Up
GSE39645,SLC6A19,-0.376229,0.000736,0.0015,-3.640331,Down
GSE39645,RAX,-0.31099,0.000737,0.0015,-3.640113,Down
GSE39645,CCDC12,0.319668,0.000738,0.0015,3.639857,Up
GSE39645,WT1,-0.34027,0.000738,0.0015,-3.639785,Down
GSE39645,ZNF831,-0.379163,0.000738,0.0015,-3.639706,Down
GSE39645,PKIB,0.376878,0.000738,0.0015,3.639636,Up
GSE39645,NFRKB,0.253234,0.000738,0.0015,3.639442,Up
GSE39645,KCNN1,-0.284958,0.000739,0.0015,-3.639327,Down
GSE39645,SLC17A1,-0.677947,0.000739,0.0015,-3.638981,Down
GSE39645,C14orf2///C14orf2,0.630657,0.00074,0.0015,3.63887,Up
GSE39645,NEU1,0.436534,0.00074,0.0015,3.638634,Up
GSE39645,VAC14,0.480227,0.000741,0.0015,3.638401,Up
GSE39645,PPP1R3D,-0.255453,0.000742,0.0015,-3.637987,Down
GSE39645,VDAC3///VDAC3,0.613512,0.000742,0.0015,3.637983,Up
GSE39645,DPYSL3,-0.826437,0.000742,0.0015,-3.637955,Down
GSE39645,CR1,-0.982905,0.000742,0.0015,-3.637881,Down
GSE39645,TBCEL,0.456632,0.000743,0.0015,3.637551,Up
GSE39645,LRP8,-0.358504,0.000743,0.0015,-3.637541,Down
GSE39645,ADAM7,-0.452444,0.000743,0.00151,-3.637348,Down
GSE39645,RBM12///CPNE1,0.408436,0.000744,0.00151,3.636791,Up
GSE39645,CLDN23,-0.28188,0.000745,0.00151,-3.636581,Down
GSE39645,GYS2,-0.437683,0.000745,0.00151,-3.636569,Down
GSE39645,GABRA5,-0.284709,0.000746,0.00151,-3.635787,Down
GSE39645,MPDU1,0.667668,0.000746,0.00151,3.635764,Up
GSE39645,STT3B,0.521905,0.000747,0.00151,3.635569,Up
GSE39645,BEAN1,-0.332724,0.000747,0.00151,-3.635366,Down
GSE39645,IFNW1,-0.355007,0.000748,0.00151,-3.635117,Down
GSE39645,CLPTM1L,0.468824,0.000748,0.00151,3.635,Up
GSE39645,FAM162B,-0.370347,0.00075,0.00152,-3.634193,Down
GSE39645,HMHB1,-0.680889,0.000751,0.00152,-3.633812,Down
GSE39645,GML,-0.406486,0.000751,0.00152,-3.63374,Down
GSE39645,PADI1,-0.361812,0.000751,0.00152,-3.633537,Down
GSE39645,PPP6R1,0.472499,0.000751,0.00152,3.633537,Up
GSE39645,INSR,0.55725,0.000752,0.00152,3.633268,Up
GSE39645,DNAL1,0.649217,0.000753,0.00152,3.633023,Up
GSE39645,CFI,1.196971,0.000753,0.00152,3.632999,Up
GSE39645,CASR,-0.341529,0.000753,0.00152,-3.632958,Down
GSE39645,FAM131C,-0.365941,0.000753,0.00152,-3.632821,Down
GSE39645,QSER1,0.569015,0.000754,0.00152,3.632192,Up
GSE39645,USMG5,0.332544,0.000755,0.00153,3.631948,Up
GSE39645,BHMT,-0.276973,0.000757,0.00153,-3.631224,Down
GSE39645,RAD21,0.580343,0.000757,0.00153,3.630995,Up
GSE39645,PTX3,1.291633,0.000759,0.00153,3.630071,Up
GSE39645,CTSZ,0.638512,0.000759,0.00153,3.630024,Up
GSE39645,BTBD2,0.502413,0.000759,0.00153,3.630005,Up
GSE39645,LYSMD3,0.703433,0.000761,0.00154,3.629429,Up
GSE39645,POLR2E,0.42719,0.000761,0.00154,3.629179,Up
GSE39645,ATP6V1E2,-0.389417,0.000761,0.00154,-3.629032,Down
GSE39645,SUCLG1,0.435993,0.000762,0.00154,3.628963,Up
GSE39645,MC4R,-0.584929,0.000762,0.00154,-3.62876,Down
GSE39645,TAS2R60,-0.687601,0.000763,0.00154,-3.628275,Down
GSE39645,BTBD10,0.415905,0.000764,0.00154,3.627938,Up
GSE39645,KLHL35,-0.267498,0.000764,0.00154,-3.627793,Down
GSE39645,TMCO1,0.679985,0.000764,0.00154,3.627777,Up
GSE39645,MYO18B,-0.535758,0.000765,0.00154,-3.627599,Down
GSE39645,GSPT2,0.578719,0.000766,0.00154,3.627115,Up
GSE39645,ZNF304,0.623606,0.000766,0.00154,3.627114,Up
GSE39645,NAIF1,0.355433,0.000766,0.00155,3.626967,Up
GSE39645,TMEM187,0.409803,0.000766,0.00155,3.626842,Up
GSE39645,ZC3H11A,0.719676,0.000767,0.00155,3.626402,Up
GSE39645,PPP2R2A,0.620999,0.000767,0.00155,3.626372,Up
GSE39645,GAS2L2,-0.396263,0.000768,0.00155,-3.626012,Down
GSE39645,WFDC3,-0.547272,0.000769,0.00155,-3.625611,Down
GSE39645,DUXA,-0.326661,0.00077,0.00155,-3.625145,Down
GSE39645,FIBCD1,-0.347063,0.000771,0.00155,-3.624953,Down
GSE39645,FAT1,0.653227,0.000771,0.00155,3.624937,Up
GSE39645,CDCP2,-0.418668,0.000771,0.00155,-3.62486,Down
GSE39645,SPATA31E1,-0.418962,0.000772,0.00156,-3.624375,Down
GSE39645,ZMAT5,0.382386,0.000772,0.00156,3.624338,Up
GSE39645,1060P11.3///KIR2DS2///KIR3DL3///KIR2DL5A///KIR3DS1///KIR3DL2///KIR3DL1///KIR2DS5///KIR2DS4///KIR2DS3///KIR2DS1///KIR2DL3///KIR2DL2///KIR2DL1///KIR3DS1///KIR3DL2///KIR3DL1///KIR2DS5///KIR2DS3///KIR2DL1,-0.71104,0.000772,0.00156,-3.624333,Down
GSE39645,ZNF462,0.48909,0.000773,0.00156,3.624024,Up
GSE39645,C11orf31,0.37347,0.000773,0.00156,3.623863,Up
GSE39645,HEMK1,0.242739,0.000773,0.00156,3.623771,Up
GSE39645,KIF1B,0.50252,0.000774,0.00156,3.623637,Up
GSE39645,CARMIL2,-0.304653,0.000774,0.00156,-3.623601,Down
GSE39645,MIA2,-0.227259,0.000774,0.00156,-3.623517,Down
GSE39645,CCR8,-0.615414,0.000774,0.00156,-3.623506,Down
GSE39645,ACOT7,0.238675,0.000774,0.00156,3.623456,Up
GSE39645,EPYC,-0.671577,0.000774,0.00156,-3.62343,Down
GSE39645,GNPDA2,0.574888,0.000775,0.00156,3.623068,Up
GSE39645,FBXW12,-0.654594,0.000775,0.00156,-3.62283,Down
GSE39645,TGM7,-0.383377,0.000776,0.00156,-3.622457,Down
GSE39645,PRKX,0.569736,0.000777,0.00156,3.621992,Up
GSE39645,KBTBD4,0.238987,0.000778,0.00156,3.621822,Up
GSE39645,PLA2G2E,-0.380224,0.000779,0.00157,-3.621425,Down
GSE39645,MORF4L1,0.277871,0.000779,0.00157,3.621397,Up
GSE39645,LRPPRC,0.581378,0.000781,0.00157,3.62043,Up
GSE39645,IGSF22,-0.393867,0.000781,0.00157,-3.620331,Down
GSE39645,NA,-0.488912,0.000782,0.00157,-3.619946,Down
GSE39645,REEP5,0.467198,0.000783,0.00157,3.619766,Up
GSE39645,PIBF1,0.729163,0.000783,0.00157,3.61946,Up
GSE39645,NUP214,0.378866,0.000783,0.00157,3.619356,Up
GSE39645,MMP24,-0.290486,0.000784,0.00157,-3.619215,Down
GSE39645,NSUN7,-0.365036,0.000786,0.00158,-3.618193,Down
GSE39645,PYY,-0.380701,0.000788,0.00158,-3.617552,Down
GSE39645,NPPA,-0.335221,0.000788,0.00158,-3.617488,Down
GSE39645,SLCO6A1,-0.295938,0.000788,0.00158,-3.617336,Down
GSE39645,RFC2,0.428049,0.000789,0.00158,3.617154,Up
GSE39645,RHBDD1,0.279939,0.000789,0.00158,3.616978,Up
GSE39645,ATP1A4,-0.476533,0.000789,0.00158,-3.616905,Down
GSE39645,S100A6,0.286851,0.00079,0.00159,3.616457,Up
GSE39645,CD82,0.414032,0.00079,0.00159,3.616442,Up
GSE39645,STRADA,0.319049,0.000791,0.00159,3.615958,Up
GSE39645,DLGAP2,-0.343305,0.000792,0.00159,-3.615875,Down
GSE39645,ACADM,0.670364,0.000792,0.00159,3.615551,Up
GSE39645,CDCA7,-0.55309,0.000792,0.00159,-3.615538,Down
GSE39645,MSANTD4,0.511692,0.000792,0.00159,3.615535,Up
GSE39645,CNOT6L,0.528201,0.000793,0.00159,3.615177,Up
GSE39645,GLYAT,-0.565407,0.000794,0.00159,-3.614841,Down
GSE39645,CXorf23,0.562974,0.000794,0.00159,3.614707,Up
GSE39645,DEFB103A///DEFB103B,-0.794161,0.000797,0.0016,-3.61361,Down
GSE39645,SMG7,0.423105,0.000797,0.0016,3.613572,Up
GSE39645,LCK,-0.420398,0.000797,0.0016,-3.61355,Down
GSE39645,LRIT3,-0.813887,0.000797,0.0016,-3.613503,Down
GSE39645,MUC15,-0.542791,0.000797,0.0016,-3.613431,Down
GSE39645,MUC7,-0.896005,0.000798,0.0016,-3.613163,Down
GSE39645,SCFD2,0.505579,0.000798,0.0016,3.612934,Up
GSE39645,ABCA11P///ZNF141,0.501521,0.000799,0.0016,3.612655,Up
GSE39645,SMARCA5,0.625799,0.000801,0.0016,3.611802,Up
GSE39645,STK11,0.357927,0.000801,0.0016,3.611723,Up
GSE39645,DOCK10,0.805611,0.000802,0.00161,3.611511,Up
GSE39645,VAX2,-0.315612,0.000802,0.00161,-3.611441,Down
GSE39645,HTR3B,-0.334581,0.000802,0.00161,-3.6113,Down
GSE39645,SERPINA3,1.25589,0.000802,0.00161,3.611208,Up
GSE39645,TAC4,-0.565291,0.000804,0.00161,-3.610685,Down
GSE39645,PAK5,-0.385654,0.000804,0.00161,-3.61067,Down
GSE39645,HIPK4,-0.32132,0.000804,0.00161,-3.610545,Down
GSE39645,CYP2C8,-0.439821,0.000805,0.00161,-3.610057,Down
GSE39645,MKLN1,0.701612,0.000806,0.00161,3.609552,Up
GSE39645,TBC1D25,0.466707,0.000807,0.00161,3.6093,Up
GSE39645,PAPOLA,0.520278,0.000807,0.00161,3.609237,Up
GSE39645,GSTO1,0.610918,0.000808,0.00162,3.608765,Up
GSE39645,C17orf50,-0.274646,0.000808,0.00162,-3.608764,Down
GSE39645,TDRD6,-0.261331,0.000808,0.00162,-3.608686,Down
GSE39645,GPRC5D,-0.742664,0.000809,0.00162,-3.608317,Down
GSE39645,SDC4///ROS1,0.686989,0.000809,0.00162,3.608308,Up
GSE39645,GINS4,-0.478438,0.00081,0.00162,-3.608189,Down
GSE39645,NDUFS6,0.344965,0.00081,0.00162,3.60816,Up
GSE39645,PRDM13,-0.282857,0.000811,0.00162,-3.607766,Down
GSE39645,FAAH,-0.403034,0.000811,0.00162,-3.607604,Down
GSE39645,LIPN,-0.36796,0.000812,0.00162,-3.607265,Down
GSE39645,PTX4,-0.357504,0.000812,0.00162,-3.607022,Down
GSE39645,TXNDC9,0.660924,0.000812,0.00162,3.606999,Up
GSE39645,PITPNC1,-0.630838,0.000813,0.00162,-3.606969,Down
GSE39645,PTK6,-0.322475,0.000813,0.00162,-3.606839,Down
GSE39645,NUFIP2,0.556581,0.000814,0.00163,3.606452,Up
GSE39645,NFAM1,-0.378901,0.000814,0.00163,-3.606207,Down
GSE39645,DOCK1,0.635108,0.000815,0.00163,3.605922,Up
GSE39645,MC3R,-0.499603,0.000816,0.00163,-3.605683,Down
GSE39645,MAGEA1,-0.394663,0.000816,0.00163,-3.605639,Down
GSE39645,TBC1D26///TBC1D28,-0.46519,0.000817,0.00163,-3.605277,Down
GSE39645,TMEM52,-0.329631,0.000817,0.00163,-3.605004,Down
GSE39645,SCRT1,-0.307987,0.000818,0.00163,-3.604868,Down
GSE39645,FGFR4,-0.293134,0.000818,0.00163,-3.604716,Down
GSE39645,C11orf95,-0.264295,0.000818,0.00163,-3.604505,Down
GSE39645,SKA3,-0.660801,0.000819,0.00163,-3.604414,Down
GSE39645,TMCC2,-0.298079,0.000819,0.00163,-3.604111,Down
GSE39645,WARS2,0.533844,0.00082,0.00164,3.603695,Up
GSE39645,MAX,0.294449,0.000822,0.00164,3.603076,Up
GSE39645,MARS,0.473004,0.000823,0.00164,3.602805,Up
GSE39645,ZSCAN2,-0.320705,0.000823,0.00164,-3.602531,Down
GSE39645,MSGN1,-0.397028,0.000824,0.00164,-3.602,Down
GSE39645,TSPAN33,0.782922,0.000825,0.00164,3.601668,Up
GSE39645,TMC5,-0.507068,0.000825,0.00164,-3.601602,Down
GSE39645,CKAP2L,-0.645274,0.000827,0.00165,-3.60099,Down
GSE39645,FMO1,-1.018013,0.000827,0.00165,-3.600876,Down
GSE39645,ANO9,-0.290202,0.000828,0.00165,-3.600685,Down
GSE39645,DUSP11,0.408334,0.000828,0.00165,3.600503,Up
GSE39645,EEF1AKMT1,0.54544,0.000829,0.00165,3.600095,Up
GSE39645,NNT,0.483464,0.00083,0.00165,3.599776,Up
GSE39645,KRT37,-0.326173,0.000831,0.00165,-3.59949,Down
GSE39645,COLEC11,-0.433297,0.000831,0.00165,-3.599472,Down
GSE39645,CCDC88B,-0.297583,0.000831,0.00165,-3.599422,Down
GSE39645,ESRP2,-0.312931,0.000832,0.00166,-3.59895,Down
GSE39645,C6orf106,0.301353,0.000833,0.00166,3.59829,Up
GSE39645,RIPK1,0.474654,0.000834,0.00166,3.598163,Up
GSE39645,NANOGNB,-0.399626,0.000836,0.00166,-3.59743,Down
GSE39645,EIF2B1,0.421963,0.000836,0.00166,3.597414,Up
GSE39645,UTP23,0.434368,0.000837,0.00166,3.59702,Up
GSE39645,TYMSOS,-0.297568,0.000837,0.00166,-3.596894,Down
GSE39645,ZNF670-ZNF695///ZNF695,-0.303448,0.000837,0.00167,-3.596811,Down
GSE39645,NA,-0.31463,0.000838,0.00167,-3.596657,Down
GSE39645,EHHADH,0.562969,0.000838,0.00167,3.596573,Up
GSE39645,ABI2,0.464039,0.000839,0.00167,3.596099,Up
GSE39645,TACR3,-0.306937,0.000839,0.00167,-3.59608,Down
GSE39645,RSBN1,0.360806,0.000839,0.00167,3.596053,Up
GSE39645,BANF2,-0.585436,0.000839,0.00167,-3.595901,Down
GSE39645,GDF10///GDF10,-0.388711,0.000841,0.00167,-3.595051,Down
GSE39645,SBSN,-0.430019,0.000842,0.00167,-3.594888,Down
GSE39645,CEP97,0.514199,0.000842,0.00167,3.594724,Up
GSE39645,TRIM31,-0.370581,0.000843,0.00168,-3.59437,Down
GSE39645,KRT36,-0.321563,0.000844,0.00168,-3.593945,Down
GSE39645,TMUB2,0.389625,0.000845,0.00168,3.59373,Up
GSE39645,TMEM221,-0.266711,0.000845,0.00168,-3.593639,Down
GSE39645,NHSL1,0.64252,0.000845,0.00168,3.593482,Up
GSE39645,KRT27,-0.367141,0.000847,0.00168,-3.59297,Down
GSE39645,TIA1,0.674875,0.000848,0.00168,3.592428,Up
GSE39645,SRRM3,-0.30599,0.00085,0.00169,-3.59173,Down
GSE39645,NUBP2,0.35858,0.000852,0.00169,3.590919,Up
GSE39645,OGDH,0.31456,0.000852,0.00169,3.590911,Up
GSE39645,CD33,0.463626,0.000854,0.00169,3.590065,Up
GSE39645,CDCA2,-0.675433,0.000854,0.0017,-3.589852,Down
GSE39645,CGB2///CGB1///CGB8///CGB7///CGB5///LHB///CGB3///CGB7,-0.303195,0.000855,0.0017,-3.589626,Down
GSE39645,UBR5,0.505784,0.000855,0.0017,3.58958,Up
GSE39645,H2BFM,-0.257213,0.000856,0.0017,-3.589274,Down
GSE39645,SAMD13,-0.376452,0.000856,0.0017,-3.589249,Down
GSE39645,ZNF628,-0.24052,0.000856,0.0017,-3.58923,Down
GSE39645,FAT4,-0.694398,0.000857,0.0017,-3.588942,Down
GSE39645,TMPRSS11D,-0.397245,0.000857,0.0017,-3.588854,Down
GSE39645,RNF151,-0.276473,0.000857,0.0017,-3.588815,Down
GSE39645,TLE4,-0.682021,0.000857,0.0017,-3.588777,Down
GSE39645,CABP4,-0.342047,0.000859,0.0017,-3.588194,Down
GSE39645,TRAPPC3L,-0.292411,0.000859,0.0017,-3.587843,Down
GSE39645,ARRDC2,0.581934,0.00086,0.0017,3.587644,Up
GSE39645,CAST,0.466667,0.00086,0.0017,3.587512,Up
GSE39645,SPAG1,-0.352271,0.000861,0.00171,-3.587238,Down
GSE39645,BARHL2,-0.397424,0.000861,0.00171,-3.587116,Down
GSE39645,ATP23,0.414216,0.000861,0.00171,3.587033,Up
GSE39645,INSL5,-0.407471,0.000863,0.00171,-3.586429,Down
GSE39645,LYPLAL1,0.7342,0.000863,0.00171,3.58632,Up
GSE39645,TEX35,-0.485946,0.000866,0.00172,-3.585123,Down
GSE39645,BSG,0.441753,0.000866,0.00172,3.585114,Up
GSE39645,ZNF37A,0.53991,0.000866,0.00172,3.585085,Up
GSE39645,CYP2C9,-0.32239,0.000868,0.00172,-3.58466,Down
GSE39645,INSM2,-0.318544,0.000868,0.00172,-3.584629,Down
GSE39645,CCDC83,-0.27063,0.000868,0.00172,-3.584468,Down
GSE39645,CD19,-0.379514,0.000869,0.00172,-3.584034,Down
GSE39645,KCNJ13,-0.401361,0.000869,0.00172,-3.583923,Down
GSE39645,SLC3A2,0.553885,0.000874,0.00173,3.582173,Up
GSE39645,SPP2,-0.453934,0.000874,0.00173,-3.582155,Down
GSE39645,CRIPAK,0.535694,0.000874,0.00173,3.582133,Up
GSE39645,KRT39,-0.499962,0.000876,0.00173,-3.58137,Down
GSE39645,COA4,0.271203,0.000876,0.00173,3.581321,Up
GSE39645,IARS,0.630654,0.000876,0.00173,3.581227,Up
GSE39645,NLGN1,0.703335,0.000876,0.00173,3.581204,Up
GSE39645,CTSS,0.799237,0.000877,0.00173,3.580887,Up
GSE39645,KCMF1,0.323298,0.000878,0.00174,3.580574,Up
GSE39645,SMARCD1,0.446416,0.000878,0.00174,3.580431,Up
GSE39645,KRT25,-0.479282,0.00088,0.00174,-3.579917,Down
GSE39645,TMEM138,0.438307,0.00088,0.00174,3.579837,Up
GSE39645,ODAM,-0.495737,0.00088,0.00174,-3.579666,Down
GSE39645,LINC00610///COMMD9,-0.544024,0.000881,0.00174,-3.579418,Down
GSE39645,RBSN,0.388056,0.000881,0.00174,3.579345,Up
GSE39645,PIH1D1,0.4495,0.000881,0.00174,3.579313,Up
GSE39645,ZNF514,0.361395,0.000883,0.00174,3.578711,Up
GSE39645,TUBGCP2,0.430927,0.000884,0.00175,3.578174,Up
GSE39645,CTSB,0.733899,0.000885,0.00175,3.578021,Up
GSE39645,CD47,0.434756,0.000885,0.00175,3.578003,Up
GSE39645,FGGY,0.286389,0.000885,0.00175,3.577893,Up
GSE39645,GUK1,0.440326,0.000885,0.00175,3.577797,Up
GSE39645,ERAP2,1.503983,0.000889,0.00176,3.576178,Up
GSE39645,TNRC6C,0.567721,0.00089,0.00176,3.57601,Up
GSE39645,QTRT1,0.458904,0.000891,0.00176,3.575631,Up
GSE39645,USP1,0.555509,0.000891,0.00176,3.575581,Up
GSE39645,CCDC154,-0.298696,0.000892,0.00176,-3.575064,Down
GSE39645,VCX3B///VCY1B///VCX3A///VCX2///VCX///VCY,-0.387649,0.000893,0.00176,-3.574929,Down
GSE39645,TTC9B,-0.26796,0.000893,0.00176,-3.574664,Down
GSE39645,RLN2,-0.339467,0.000893,0.00176,-3.574615,Down
GSE39645,NCEH1,0.666869,0.000894,0.00176,3.574308,Up
GSE39645,IL19,-0.526681,0.000894,0.00176,-3.57426,Down
GSE39645,KLF14,-0.252269,0.000896,0.00177,-3.57372,Down
GSE39645,LIPK,-0.408459,0.000896,0.00177,-3.573548,Down
GSE39645,ACSF3,0.314124,0.000897,0.00177,3.573293,Up
GSE39645,GOLPH3,0.281741,0.000897,0.00177,3.573091,Up
GSE39645,HIST1H2BB,-0.530942,0.000898,0.00177,-3.572818,Down
GSE39645,TBX4,-0.390717,0.000898,0.00177,-3.572742,Down
GSE39645,VCX3B///VCY1B///VCX3A///VCX2///VCX///VCY,-0.391496,9E-04,0.00177,-3.57202,Down
GSE39645,GPR15,-0.486937,0.000901,0.00177,-3.571709,Down
GSE39645,SPDYC,-0.358087,0.000902,0.00178,-3.571168,Down
GSE39645,CD79B,-0.284525,0.000903,0.00178,-3.570879,Down
GSE39645,DDX60L,0.660058,0.000903,0.00178,3.570862,Up
GSE39645,ATP6V0E2,0.358776,0.000905,0.00178,3.570178,Up
GSE39645,MAD1L1,-0.228717,0.000907,0.00178,-3.569562,Down
GSE39645,BAZ2B,0.546832,0.000907,0.00178,3.569529,Up
GSE39645,SLC30A7,0.439251,0.000907,0.00179,3.569462,Up
GSE39645,SLC17A4,-0.719299,0.000907,0.00179,-3.569392,Down
GSE39645,CRYBA1,-0.334744,0.000908,0.00179,-3.569244,Down
GSE39645,ATP5O,0.434658,0.000908,0.00179,3.569206,Up
GSE39645,BAAT,-0.556779,0.000908,0.00179,-3.569027,Down
GSE39645,TNFSF8,0.544982,0.000908,0.00179,3.568939,Up
GSE39645,EN2,-0.268784,0.000909,0.00179,-3.568723,Down
GSE39645,TAX1BP1,0.610078,0.000909,0.00179,3.56857,Up
GSE39645,UROC1,-0.26485,0.00091,0.00179,-3.568511,Down
GSE39645,BTBD9,0.307487,0.00091,0.00179,3.568475,Up
GSE39645,EIF4A2,0.496864,0.00091,0.00179,3.568337,Up
GSE39645,MRPL40,0.640879,0.00091,0.00179,3.568329,Up
GSE39645,CAMK1D,0.410073,0.00091,0.00179,3.568149,Up
GSE39645,CMSS1,0.612638,0.000913,0.00179,3.567332,Up
GSE39645,AKAP11,0.68648,0.000913,0.00179,3.567329,Up
GSE39645,STIL,-0.477158,0.000913,0.00179,-3.567198,Down
GSE39645,MLANA,-0.494528,0.000915,0.0018,-3.566431,Down
GSE39645,KRTAP23-1,-0.806127,0.000916,0.0018,-3.565929,Down
GSE39645,TLDC2,-0.329554,0.000917,0.0018,-3.565825,Down
GSE39645,TMEM150B,-0.35165,0.000917,0.0018,-3.565804,Down
GSE39645,COX6C,0.372458,0.000918,0.0018,3.565451,Up
GSE39645,PM20D1,-0.485151,0.000918,0.0018,-3.565387,Down
GSE39645,DHH,0.461415,0.000918,0.0018,3.565301,Up
GSE39645,CD1A,-0.966825,0.000918,0.0018,-3.565271,Down
GSE39645,B4GALNT2,-0.405745,0.000919,0.0018,-3.56501,Down
GSE39645,GFRA2,1.177274,0.00092,0.0018,3.564772,Up
GSE39645,ATP5L2,-0.251039,0.00092,0.0018,-3.564715,Down
GSE39645,HERC4,0.568069,0.00092,0.00181,3.564506,Up
GSE39645,TEX28,-0.321589,0.00092,0.00181,-3.564417,Down
GSE39645,DNAJC12,-0.367914,0.000921,0.00181,-3.564328,Down
GSE39645,OTOF,-0.311932,0.000923,0.00181,-3.563456,Down
GSE39645,TMEM94,0.413818,0.000923,0.00181,3.563398,Up
GSE39645,MYH3,-0.282668,0.000924,0.00181,-3.563034,Down
GSE39645,MIS18BP1,0.899577,0.000925,0.00181,3.562653,Up
GSE39645,TTYH2,0.77383,0.000927,0.00182,3.562135,Up
GSE39645,TH,-0.35303,0.000928,0.00182,-3.561535,Down
GSE39645,LTB4R2///LTB4R,-0.299367,0.00093,0.00182,-3.560895,Down
GSE39645,C7orf66,-0.811198,0.00093,0.00182,-3.560746,Down
GSE39645,GJB4,-0.339007,0.000931,0.00182,-3.560519,Down
GSE39645,RAMP1,-0.304044,0.000931,0.00183,-3.560403,Down
GSE39645,C8B,-0.550674,0.000932,0.00183,-3.560071,Down
GSE39645,CLASRP,0.343227,0.000932,0.00183,3.560036,Up
GSE39645,ORAI1,0.340065,0.000934,0.00183,3.559297,Up
GSE39645,SP1,0.462853,0.000935,0.00183,3.559166,Up
GSE39645,NAA25,0.469563,0.000935,0.00183,3.558945,Up
GSE39645,CUX2,-0.319778,0.000936,0.00183,-3.558599,Down
GSE39645,COX20,0.229831,0.000936,0.00183,3.558573,Up
GSE39645,GPN1,0.584288,0.000937,0.00183,3.558243,Up
GSE39645,AICDA,-0.39965,0.000937,0.00184,-3.55817,Down
GSE39645,ZNF577,0.429161,0.000938,0.00184,3.557969,Up
GSE39645,RNF148,-0.359999,0.000938,0.00184,-3.557835,Down
GSE39645,RASD1,-0.455717,0.000938,0.00184,-3.557801,Down
GSE39645,MBNL1,0.354736,0.000939,0.00184,3.557627,Up
GSE39645,PRR21,-0.633201,0.00094,0.00184,-3.55735,Down
GSE39645,RNF40,0.518691,0.000941,0.00184,3.556844,Up
GSE39645,COX7B2,-0.320332,0.000942,0.00184,-3.556645,Down
GSE39645,MCHR1,-0.276206,0.000945,0.00185,-3.555583,Down
GSE39645,FARSA,0.351236,0.000945,0.00185,3.555347,Up
GSE39645,LPAR5,0.460786,0.000946,0.00185,3.555077,Up
GSE39645,GH2///GH1///CSHL1///CSH2///CSH1,-0.5337,0.000946,0.00185,-3.554903,Down
GSE39645,RSPH9,0.364036,0.000948,0.00185,3.554337,Up
GSE39645,PIM1,-0.914766,0.000951,0.00186,-3.553296,Down
GSE39645,YPEL4,-0.260016,0.000951,0.00186,-3.55328,Down
GSE39645,TMCO5A,-0.684656,0.000952,0.00186,-3.552937,Down
GSE39645,PRDX5,0.235833,0.000953,0.00186,3.55244,Up
GSE39645,UBA5,0.514097,0.000953,0.00186,3.552411,Up
GSE39645,FAM71A,-0.440496,0.000954,0.00186,-3.552177,Down
GSE39645,CRTC2,0.309706,0.000954,0.00186,3.552045,Up
GSE39645,FAM216B,-0.400935,0.000956,0.00187,-3.551309,Down
GSE39645,ANGPTL8,-0.222493,0.000957,0.00187,-3.551237,Down
GSE39645,DLST,0.389336,0.000957,0.00187,3.551193,Up
GSE39645,ZNF774,-0.303748,0.000957,0.00187,-3.551139,Down
GSE39645,SYNPR,-0.609002,0.000957,0.00187,-3.550969,Down
GSE39645,L3MBTL4,0.309469,0.000958,0.00187,3.550898,Up
GSE39645,ADAT3,-0.250895,0.000959,0.00187,-3.550522,Down
GSE39645,TAS2R4,-0.502509,0.000959,0.00187,-3.550383,Down
GSE39645,TMEM110-MUSTN1///TMEM110,0.262246,0.00096,0.00187,3.550168,Up
GSE39645,MSH2,0.673,0.00096,0.00187,3.550052,Up
GSE39645,BICC1,-1.087284,0.00096,0.00187,-3.549877,Down
GSE39645,WNT7B,-0.306809,0.000962,0.00188,-3.549141,Down
GSE39645,TBATA,-0.305131,0.000963,0.00188,-3.548932,Down
GSE39645,EIF2AK1,0.501054,0.000963,0.00188,3.548892,Up
GSE39645,KCNN2,-0.427029,0.000964,0.00188,-3.548743,Down
GSE39645,ATP5J,0.412491,0.000964,0.00188,3.548694,Up
GSE39645,ADSS,0.558816,0.000964,0.00188,3.548551,Up
GSE39645,KRTAP10-2,-0.468755,0.000965,0.00188,-3.54836,Down
GSE39645,TIGD7,0.517676,0.000966,0.00188,3.547827,Up
GSE39645,DHFR2,0.388458,0.000968,0.00189,3.547187,Up
GSE39645,MARK3,0.546013,0.000969,0.00189,3.546906,Up
GSE39645,GPATCH3,0.257925,0.000969,0.00189,3.546772,Up
GSE39645,ZNF71,0.323053,0.00097,0.00189,3.546567,Up
GSE39645,PUS7L,0.463417,0.00097,0.00189,3.546423,Up
GSE39645,CLASP1,0.619519,0.000971,0.00189,3.546028,Up
GSE39645,ZYG11A,-0.522772,0.000975,0.0019,-3.544547,Down
GSE39645,CAMKK2,0.455052,0.000976,0.0019,3.54447,Up
GSE39645,NUP107,0.692572,0.000977,0.0019,3.544134,Up
GSE39645,DNAJC5,0.341468,0.000977,0.0019,3.543865,Up
GSE39645,SPOUT1,0.315204,0.000978,0.0019,3.543608,Up
GSE39645,SEC24C,0.293503,0.000979,0.00191,3.543376,Up
GSE39645,TSEN15,0.459074,0.000982,0.00191,3.542362,Up
GSE39645,MEP1A,-0.488942,0.000982,0.00191,-3.542111,Down
GSE39645,SLC5A9,-0.48285,0.000983,0.00191,-3.541786,Down
GSE39645,PURG,-0.254854,0.000984,0.00191,-3.541642,Down
GSE39645,BAGE2///BAGE3///BAGE5,-0.860769,0.000984,0.00191,-3.541554,Down
GSE39645,LRP4,0.902805,0.000984,0.00191,3.541488,Up
GSE39645,TMEM184A,-0.333903,0.000985,0.00192,-3.541216,Down
GSE39645,NATD1,-0.285101,0.000986,0.00192,-3.540941,Down
GSE39645,MUC5B,-0.290656,0.000986,0.00192,-3.540914,Down
GSE39645,C5orf46,-0.388477,0.000986,0.00192,-3.540831,Down
GSE39645,PFDN5,0.4089,0.000987,0.00192,3.54064,Up
GSE39645,SUN3,-0.352032,0.000987,0.00192,-3.540571,Down
GSE39645,NCOA6,0.303816,0.000987,0.00192,3.540567,Up
GSE39645,KBTBD3,0.383262,0.000987,0.00192,3.540351,Up
GSE39645,MON1B,0.391019,0.000988,0.00192,3.540345,Up
GSE39645,VPS37A,0.433778,0.000988,0.00192,3.540328,Up
GSE39645,NA,0.397611,0.000989,0.00192,3.539943,Up
GSE39645,TTC5,0.321526,0.000989,0.00192,3.539668,Up
GSE39645,HCFC1R1///PHRF1,0.31185,0.00099,0.00192,3.539613,Up
GSE39645,KCTD9,0.35119,0.000992,0.00193,3.538959,Up
GSE39645,SRP14,0.396458,0.000992,0.00193,3.538863,Up
GSE39645,ATG10,0.451699,0.000992,0.00193,3.538775,Up
GSE39645,MECR,0.26227,0.000993,0.00193,3.538328,Up
GSE39645,NLRP8,-0.742078,0.000994,0.00193,-3.538167,Down
GSE39645,NFYB,0.511163,0.000994,0.00193,3.537986,Up
GSE39645,MBD3L3///MBD3L4///MBD3L5///MBD3L2,-0.466679,0.000995,0.00193,-3.537897,Down
GSE39645,C9orf84,-0.204631,0.000995,0.00193,-3.537604,Down
GSE39645,CLCA1,-0.471604,0.000997,0.00194,-3.53696,Down
GSE39645,MARK2,0.34228,0.000997,0.00194,3.536908,Up
GSE39645,SHOC2,0.518369,0.001,0.00194,3.535904,Up
GSE39645,C2orf71,-0.378404,0.001,0.00195,-3.53474,Down
GSE39645,TACR2,-0.24941,0.001,0.00195,-3.534572,Down
GSE39645,PTPRC,0.877446,0.00101,0.00195,3.533966,Up
GSE39645,ADH4,-0.351306,0.00101,0.00195,-3.533673,Down
GSE39645,MYDGF,0.334015,0.00101,0.00195,3.533457,Up
GSE39645,IQUB,-0.26519,0.00101,0.00195,-3.533356,Down
GSE39645,CYP3A43,-0.416461,0.00101,0.00195,-3.53322,Down
GSE39645,PPP3CA,-0.564348,0.00101,0.00195,-3.533158,Down
GSE39645,F9,-0.297243,0.00101,0.00196,-3.532944,Down
GSE39645,ZNF664-FAM101A///ZNF664,0.357651,0.00102,0.00197,3.530848,Up
GSE39645,TDRD5,-0.284254,0.00102,0.00197,-3.530688,Down
GSE39645,RARRES3///RARRES3,0.492813,0.00102,0.00197,3.530303,Up
GSE39645,SLC10A1,-0.516218,0.00102,0.00197,-3.530071,Down
GSE39645,OXSM,0.305901,0.00102,0.00198,3.529395,Up
GSE39645,TFDP3,-0.232888,0.00102,0.00198,-3.529335,Down
GSE39645,ARL13A,-0.403125,0.00102,0.00198,-3.528651,Down
GSE39645,SPTSSB,-0.213719,0.00102,0.00198,-3.528407,Down
GSE39645,ELP2,0.454233,0.00102,0.00198,3.528315,Up
GSE39645,RASSF1,0.347443,0.00102,0.00198,3.52824,Up
GSE39645,IL10RA,0.777589,0.00102,0.00198,3.527863,Up
GSE39645,SYCP1,-0.219039,0.00102,0.00198,-3.527758,Down
GSE39645,RNFT1,0.420661,0.00102,0.00198,3.527592,Up
GSE39645,ZC3H6,0.370157,0.00103,0.00198,3.527465,Up
GSE39645,IGSF11,0.527343,0.00103,0.00199,3.526991,Up
GSE39645,C21orf2,0.315209,0.00103,0.00199,3.5267,Up
GSE39645,HAPLN4,-0.373051,0.00103,0.00199,-3.526619,Down
GSE39645,CSTB,0.351305,0.00103,0.00199,3.526224,Up
GSE39645,PYDC2,-0.309285,0.00103,0.00199,-3.525927,Down
GSE39645,NADSYN1,0.450883,0.00103,0.002,3.52536,Up
GSE39645,MORN4,0.34537,0.00103,0.002,3.524929,Up
GSE39645,LRMP,0.67278,0.00103,0.002,3.524776,Up
GSE39645,B3GALT2,1.045232,0.00104,0.002,3.523881,Up
GSE39645,SPERT,-0.434076,0.00104,0.002,-3.523544,Down
GSE39645,FLG2,-0.712134,0.00104,0.00201,-3.523388,Down
GSE39645,HIBADH,0.570575,0.00104,0.00201,3.523348,Up
GSE39645,ZIC5,-0.280919,0.00104,0.00201,-3.523242,Down
GSE39645,SPACA1,-0.281743,0.00104,0.00201,-3.523029,Down
GSE39645,KRTAP20-2,-0.525378,0.00104,0.00201,-3.522761,Down
GSE39645,WFDC10A,-0.834824,0.00104,0.00201,-3.522683,Down
GSE39645,DCAF4L1,-0.297712,0.00104,0.00201,-3.522607,Down
GSE39645,STK3,0.442427,0.00104,0.00201,3.522315,Up
GSE39645,MSTO2P///MSTO1,0.360074,0.00104,0.00201,3.522272,Up
GSE39645,TRPM5,-0.34516,0.00104,0.00201,-3.521754,Down
GSE39645,CHD4,0.432786,0.00104,0.00201,3.521695,Up
GSE39645,RICTOR,0.547633,0.00105,0.00203,3.519639,Up
GSE39645,ZNF687,0.347519,0.00105,0.00203,3.519462,Up
GSE39645,SLC15A1,-0.620665,0.00105,0.00203,-3.519456,Down
GSE39645,PATE1,-0.512446,0.00105,0.00203,-3.519378,Down
GSE39645,KREMEN2,-0.263902,0.00105,0.00203,-3.519252,Down
GSE39645,PLPP4,-0.731033,0.00105,0.00203,-3.519251,Down
GSE39645,TMEM259,0.323913,0.00105,0.00203,3.518047,Up
GSE39645,FOXD4L5///FOXD4L6///FOXD4L3///FOXD4L1///FOXD4,-0.298548,0.00105,0.00203,-3.518025,Down
GSE39645,SUN2,0.376015,0.00105,0.00203,3.51767,Up
GSE39645,FNDC8,-0.349876,0.00106,0.00204,-3.516994,Down
GSE39645,RETNLB,-0.610709,0.00106,0.00204,-3.516954,Down
GSE39645,GXYLT1,0.659896,0.00106,0.00204,3.516725,Up
GSE39645,PI4KA,0.486466,0.00106,0.00204,3.516423,Up
GSE39645,GATAD2A,0.380923,0.00106,0.00204,3.516395,Up
GSE39645,SEC24B,0.510711,0.00106,0.00204,3.516111,Up
GSE39645,PER1,0.692862,0.00106,0.00205,3.515618,Up
GSE39645,RAD21L1,-0.329035,0.00106,0.00205,-3.515496,Down
GSE39645,PEX7,0.311179,0.00106,0.00205,3.51508,Up
GSE39645,UNC45B,-0.360622,0.00106,0.00205,-3.514745,Down
GSE39645,ZNF609,0.370599,0.00106,0.00205,3.514715,Up
GSE39645,PRPS1L1,-0.291939,0.00106,0.00205,-3.51471,Down
GSE39645,VPS53,0.288615,0.00106,0.00205,3.514552,Up
GSE39645,OSBPL9,0.352674,0.00107,0.00205,3.514268,Up
GSE39645,SAC3D1,-0.237007,0.00107,0.00205,-3.514225,Down
GSE39645,MTNR1B,-0.363431,0.00107,0.00205,-3.514112,Down
GSE39645,SEPT14,-0.497293,0.00107,0.00206,-3.513273,Down
GSE39645,SLC30A8,-0.439879,0.00107,0.00206,-3.513234,Down
GSE39645,FAM71F1,-0.620264,0.00107,0.00206,-3.513154,Down
GSE39645,AMELY,-0.246599,0.00107,0.00206,-3.512866,Down
GSE39645,DET1,0.451787,0.00107,0.00206,3.512686,Up
GSE39645,C14orf79,0.299113,0.00107,0.00206,3.512432,Up
GSE39645,TADA2B,0.370637,0.00107,0.00206,3.512197,Up
GSE39645,CHRM1,-0.397886,0.00107,0.00206,-3.512076,Down
GSE39645,PKLR,-0.314856,0.00107,0.00206,-3.511919,Down
GSE39645,CASQ2,-0.594923,0.00107,0.00206,-3.511751,Down
GSE39645,FKBP1A-SDCBP2///SDCBP2,-0.318139,0.00107,0.00206,-3.511674,Down
GSE39645,T,-0.295246,0.00108,0.00207,-3.511116,Down
GSE39645,STK35,-0.252745,0.00108,0.00207,-3.510902,Down
GSE39645,STOX2,0.630526,0.00108,0.00207,3.510097,Up
GSE39645,CREB3L3,-0.331219,0.00108,0.00207,-3.509857,Down
GSE39645,TRIM41,0.419123,0.00108,0.00208,3.509638,Up
GSE39645,PKD1L2,-0.343637,0.00108,0.00208,-3.509222,Down
GSE39645,OCIAD1,0.495158,0.00108,0.00208,3.50909,Up
GSE39645,RFXANK,0.434351,0.00108,0.00208,3.509086,Up
GSE39645,LOC102724985///PDXDC1,0.346326,0.00108,0.00208,3.508883,Up
GSE39645,THY1,1.183385,0.00108,0.00208,3.508124,Up
GSE39645,GRK1,-0.312458,0.00109,0.00208,-3.507911,Down
GSE39645,KLF15,0.785991,0.00109,0.00208,3.507853,Up
GSE39645,C3orf30,-0.233822,0.00109,0.00209,-3.507704,Down
GSE39645,TYW1,0.611409,0.00109,0.00209,3.506627,Up
GSE39645,PIGC,0.257868,0.00109,0.00209,3.506473,Up
GSE39645,KIR2DS5///KIR2DS3///KIR2DS5///KIR2DS3,-0.553791,0.00109,0.00209,-3.506352,Down
GSE39645,MRPL51///SPTLC1,0.341927,0.00109,0.0021,3.504884,Up
GSE39645,FUT3,-0.337577,0.0011,0.0021,-3.504818,Down
GSE39645,ARNTL,0.559395,0.0011,0.0021,3.504637,Up
GSE39645,KRR1,0.549703,0.0011,0.0021,3.504499,Up
GSE39645,BRD2,0.370975,0.0011,0.00211,3.504061,Up
GSE39645,IFNA2,-0.353825,0.0011,0.00211,-3.503678,Down
GSE39645,CA4,-0.369917,0.0011,0.00211,-3.503404,Down
GSE39645,KIF2A,0.703278,0.0011,0.00211,3.502878,Up
GSE39645,MUM1,0.444312,0.0011,0.00211,3.50256,Up
GSE39645,NAA40,0.483096,0.0011,0.00211,3.502538,Up
GSE39645,DEFB107B///DEFB107A,-0.896961,0.0011,0.00212,-3.502226,Down
GSE39645,MMP1,-1.040936,0.0011,0.00212,-3.50205,Down
GSE39645,PEX1,0.351738,0.0011,0.00212,3.501918,Up
GSE39645,RUNDC3B,-0.410746,0.0011,0.00212,-3.501752,Down
GSE39645,ZNF284///ZNF223,0.311414,0.00111,0.00212,3.501662,Up
GSE39645,TSPYL2,0.614775,0.00111,0.00212,3.50141,Up
GSE39645,CTDSPL2,0.490414,0.00111,0.00212,3.500879,Up
GSE39645,CXXC5,0.429992,0.00111,0.00212,3.500807,Up
GSE39645,ABCC6,-0.365318,0.00111,0.00213,-3.499687,Down
GSE39645,CKM,-0.395396,0.00111,0.00213,-3.499401,Down
GSE39645,IL23A,-0.338389,0.00111,0.00213,-3.499256,Down
GSE39645,FP248,-0.410504,0.00112,0.00214,-3.498572,Down
GSE39645,CHSY3,-0.341054,0.00112,0.00214,-3.498104,Down
GSE39645,MRPL39,0.444858,0.00112,0.00214,3.498056,Up
GSE39645,C5orf47,-0.281714,0.00112,0.00214,-3.497879,Down
GSE39645,PLCE1,0.631836,0.00112,0.00214,3.497791,Up
GSE39645,ZNF507,0.483918,0.00112,0.00214,3.497621,Up
GSE39645,VMP1,0.424951,0.00112,0.00214,3.497237,Up
GSE39645,GPRIN2,-0.485547,0.00112,0.00214,-3.497108,Down
GSE39645,KIR3DL2///KIR3DL1///KIR2DL4///KIR2DL3///KIR2DL2///KIR2DL1///KIR3DL2///KIR3DL1,-0.709646,0.00112,0.00215,-3.496274,Down
GSE39645,ZNF264,0.32251,0.00112,0.00215,3.496239,Up
GSE39645,AGER,-0.324331,0.00112,0.00215,-3.496221,Down
GSE39645,PPIAL4C///PPIAL4A///PPIAL4G///PPIA,-0.584119,0.00112,0.00215,-3.495939,Down
GSE39645,POU5F2,-0.260116,0.00113,0.00215,-3.495265,Down
GSE39645,ATP6V1B1,-0.390711,0.00113,0.00215,-3.495247,Down
GSE39645,KRT2,-0.434407,0.00113,0.00215,-3.495001,Down
GSE39645,MBD3L1,-0.396692,0.00113,0.00216,-3.49453,Down
GSE39645,ZNF432,0.448399,0.00113,0.00216,3.494454,Up
GSE39645,ADPRHL2,0.28191,0.00113,0.00216,3.494324,Up
GSE39645,SERPINB11,-0.442194,0.00113,0.00216,-3.49343,Down
GSE39645,IL20,-0.803622,0.00113,0.00216,-3.493222,Down
GSE39645,MUC17,-0.495728,0.00113,0.00217,-3.49306,Down
GSE39645,GBE1,0.604372,0.00113,0.00217,3.492984,Up
GSE39645,SORBS3,0.428476,0.00113,0.00217,3.492983,Up
GSE39645,TAF13,0.637248,0.00114,0.00217,3.492442,Up
GSE39645,CT45A8///CT45A9///CT45A10///CT45A7///CT45A2///CT45A1///CT45A6///CT45A5///CT45A3///CT45A8,-1.074995,0.00114,0.00217,-3.49185,Down
GSE39645,MYCBP2,0.515772,0.00114,0.00217,3.491701,Up
GSE39645,RPL7,0.259703,0.00114,0.00217,3.491589,Up
GSE39645,EML5,-0.34363,0.00114,0.00217,-3.491501,Down
GSE39645,BRAT1,-0.222844,0.00114,0.00217,-3.491466,Down
GSE39645,CRK,0.404985,0.00114,0.00217,3.491327,Up
GSE39645,PAH,-0.600908,0.00114,0.00218,-3.49099,Down
GSE39645,OSBPL1A,0.355584,0.00114,0.00218,3.490402,Up
GSE39645,MTFP1,-0.46149,0.00114,0.00218,-3.490218,Down
GSE39645,NARS2,0.440938,0.00114,0.00218,3.490088,Up
GSE39645,GID8,0.498029,0.00114,0.00218,3.489863,Up
GSE39645,COMMD7,0.282529,0.00115,0.00219,3.489277,Up
GSE39645,GDF6,-0.3056,0.00115,0.00219,-3.488565,Down
GSE39645,MEIOB,-0.356379,0.00115,0.00219,-3.488304,Down
GSE39645,FBXO40,-0.687932,0.00115,0.00219,-3.488109,Down
GSE39645,TPPP2,-0.644895,0.00115,0.00219,-3.487907,Down
GSE39645,MCRIP1,0.263152,0.00115,0.0022,3.487462,Up
GSE39645,MRPS33,0.666138,0.00115,0.0022,3.486953,Up
GSE39645,LYL1,-0.272658,0.00115,0.0022,-3.486797,Down
GSE39645,CABP1,-0.330578,0.00115,0.0022,-3.486768,Down
GSE39645,SLIT1,-0.317733,0.00115,0.0022,-3.486731,Down
GSE39645,KCNAB2,0.57928,0.00116,0.0022,3.486103,Up
GSE39645,IDO2,-0.392025,0.00116,0.0022,-3.48603,Down
GSE39645,IL17RA,0.385659,0.00116,0.0022,3.486008,Up
GSE39645,TUBA4A,-0.445146,0.00116,0.0022,-3.485825,Down
GSE39645,SKIV2L2,0.529978,0.00116,0.00221,3.485546,Up
GSE39645,AES,0.40163,0.00116,0.00221,3.484974,Up
GSE39645,NIPA2,0.284742,0.00116,0.00221,3.484555,Up
GSE39645,PPIF,-0.51519,0.00116,0.00222,-3.484049,Down
GSE39645,RASL11B///RASL11B,-0.23722,0.00116,0.00222,-3.483985,Down
GSE39645,ZNF143,0.480749,0.00117,0.00222,3.483422,Up
GSE39645,KLHL32,-0.63507,0.00117,0.00222,-3.483221,Down
GSE39645,DEC1,-0.68477,0.00117,0.00222,-3.48293,Down
GSE39645,FAM71B,-0.851804,0.00117,0.00222,-3.482712,Down
GSE39645,GALNT10,0.425005,0.00117,0.00222,3.482427,Up
GSE39645,SLC2A3,-0.977296,0.00117,0.00223,-3.482009,Down
GSE39645,EMC6,0.399818,0.00117,0.00223,3.481899,Up
GSE39645,METAP1D,0.393936,0.00117,0.00223,3.481386,Up
GSE39645,NANOS2,-0.360888,0.00117,0.00223,-3.480799,Down
GSE39645,LARS2,0.314544,0.00118,0.00224,3.480295,Up
GSE39645,PPA1,0.559988,0.00118,0.00224,3.48006,Up
GSE39645,TRAF2,-0.200556,0.00118,0.00224,-3.479313,Down
GSE39645,RPF2,0.585539,0.00118,0.00224,3.479024,Up
GSE39645,AKT1,0.338372,0.00118,0.00225,3.478796,Up
GSE39645,CYP4A11,-0.676202,0.00118,0.00225,-3.478461,Down
GSE39645,NPC1,0.645759,0.00119,0.00225,3.477473,Up
GSE39645,EEFSEC,0.246838,0.00119,0.00226,3.476919,Up
GSE39645,TIMM21,0.71926,0.00119,0.00226,3.476792,Up
GSE39645,TMEM198,-0.291531,0.00119,0.00226,-3.47663,Down
GSE39645,ZMYM1,0.47628,0.00119,0.00226,3.476264,Up
GSE39645,DAXX,0.494861,0.00119,0.00226,3.476242,Up
GSE39645,PRPF18,0.447676,0.00119,0.00226,3.476176,Up
GSE39645,YTHDC2,0.461283,0.00119,0.00226,3.476095,Up
GSE39645,SLC25A24,0.491839,0.00119,0.00226,3.476091,Up
GSE39645,DNPEP,0.260261,0.00119,0.00226,3.475859,Up
GSE39645,TBC1D24,-0.277165,0.00119,0.00226,-3.47564,Down
GSE39645,FKBP4,0.539277,0.00119,0.00226,3.475416,Up
GSE39645,TBC1D10A,0.626794,0.00119,0.00227,3.475074,Up
GSE39645,SEMG2,-0.49465,0.0012,0.00227,-3.474424,Down
GSE39645,MMP26,-0.299508,0.0012,0.00227,-3.474423,Down
GSE39645,CCDC124,0.368937,0.0012,0.00227,3.47401,Up
GSE39645,TG,-0.457699,0.0012,0.00227,-3.473991,Down
GSE39645,CTRB2///CTRB1,-0.324269,0.0012,0.00227,-3.473718,Down
GSE39645,CTHRC1,-0.428332,0.0012,0.00227,-3.473477,Down
GSE39645,CD5L,-0.636664,0.0012,0.00227,-3.473466,Down
GSE39645,PSME3,0.449357,0.0012,0.00227,3.473424,Up
GSE39645,DHX15,0.449952,0.0012,0.00227,3.473418,Up
GSE39645,ADGRG6,0.645371,0.0012,0.00228,3.473293,Up
GSE39645,C19orf53,0.381119,0.0012,0.00228,3.473229,Up
GSE39645,ZNF721,0.431369,0.0012,0.00228,3.472987,Up
GSE39645,ATPIF1,0.455584,0.0012,0.00228,3.472805,Up
GSE39645,HDAC3,0.359616,0.0012,0.00228,3.472716,Up
GSE39645,POLA1,0.467313,0.0012,0.00228,3.47262,Up
GSE39645,PRR36,-0.283989,0.0012,0.00228,-3.472331,Down
GSE39645,SCEL,-0.253644,0.0012,0.00228,-3.472129,Down
GSE39645,KAAG1,-0.338723,0.0012,0.00228,-3.472015,Down
GSE39645,MBD3L3///MBD3L4///MBD3L5///MBD3L2,-0.428529,0.0012,0.00228,-3.471927,Down
GSE39645,NA,0.487541,0.0012,0.00228,3.47182,Up
GSE39645,CCDC116,-0.31495,0.00121,0.00229,-3.471288,Down
GSE39645,TMEM243,0.437573,0.00121,0.00229,3.471108,Up
GSE39645,CD63,0.159331,0.00121,0.00229,3.471099,Up
GSE39645,GOLT1B,0.511981,0.00121,0.00229,3.471016,Up
GSE39645,NXF3,-0.459354,0.00121,0.00229,-3.470964,Down
GSE39645,PLTP,0.906181,0.00121,0.00229,3.47074,Up
GSE39645,IRF5,0.434542,0.00121,0.00229,3.470041,Up
GSE39645,AMPD1,-0.449676,0.00121,0.0023,-3.469606,Down
GSE39645,DBX1,-0.269175,0.00121,0.0023,-3.469567,Down
GSE39645,AMN,-0.308852,0.00121,0.0023,-3.469313,Down
GSE39645,KRTAP5-11,-0.494587,0.00121,0.0023,-3.469284,Down
GSE39645,GIMAP7,0.804993,0.00121,0.0023,3.469009,Up
GSE39645,NANOGP1///NANOG,-0.524533,0.00121,0.0023,-3.468988,Down
GSE39645,PPFIA1,0.507057,0.00121,0.0023,3.468962,Up
GSE39645,SSPN,0.557621,0.00122,0.0023,3.468843,Up
GSE39645,TNFRSF4,-0.300153,0.00122,0.0023,-3.468291,Down
GSE39645,NOCT,-0.410771,0.00122,0.00231,-3.466914,Down
GSE39645,SSC4D,-0.292065,0.00122,0.00232,-3.466231,Down
GSE39645,DEFB104B///DEFB104A,-0.817741,0.00123,0.00232,-3.465834,Down
GSE39645,H2AFB1///H2AFB2///H2AFB3,-0.375415,0.00123,0.00232,-3.465803,Down
GSE39645,INSIG1,-0.760939,0.00123,0.00232,-3.465765,Down
GSE39645,BCLAF1,0.509393,0.00123,0.00232,3.465366,Up
GSE39645,HOXB4,-0.258453,0.00123,0.00232,-3.465236,Down
GSE39645,ST18,-0.579209,0.00123,0.00232,-3.464843,Down
GSE39645,SNRPC,0.427296,0.00123,0.00232,3.464815,Up
GSE39645,NR6A1,-0.447168,0.00123,0.00232,-3.464502,Down
GSE39645,PRB2///PRB4///PRB3///PRB1,-1.047629,0.00123,0.00232,-3.46448,Down
GSE39645,DCDC5,-0.389571,0.00123,0.00233,-3.464328,Down
GSE39645,NPHP3-ACAD11///ACAD11,0.596714,0.00123,0.00233,3.464258,Up
GSE39645,HUS1B,-0.307011,0.00123,0.00233,-3.464077,Down
GSE39645,PRDM12,-0.28702,0.00123,0.00233,-3.463856,Down
GSE39645,SLC6A10PB///SLC6A10P///SLC6A8,0.516924,0.00123,0.00233,3.463675,Up
GSE39645,ALKBH3,0.31346,0.00123,0.00233,3.463518,Up
GSE39645,IFT140///IFT140,0.35278,0.00123,0.00233,3.463368,Up
GSE39645,DEFB129,-0.592906,0.00124,0.00233,-3.463029,Down
GSE39645,PLEKHG4B,-0.275785,0.00124,0.00233,-3.46275,Down
GSE39645,AIFM3,-0.430957,0.00124,0.00233,-3.4627,Down
GSE39645,MRPL28,0.42607,0.00124,0.00233,3.462677,Up
GSE39645,PDCD6IP,0.421633,0.00124,0.00234,3.462444,Up
GSE39645,PSMC4,0.514863,0.00124,0.00234,3.462216,Up
GSE39645,MYBPHL,-0.299306,0.00124,0.00234,-3.461769,Down
GSE39645,FASTKD2,0.631696,0.00124,0.00234,3.461277,Up
GSE39645,C1QTNF5///MFRP,-0.313006,0.00125,0.00235,-3.460394,Down
GSE39645,SF3A3,0.503832,0.00125,0.00235,3.46032,Up
GSE39645,SH3BGRL2,-0.75311,0.00125,0.00235,-3.459904,Down
GSE39645,EMILIN1,-0.332386,0.00125,0.00235,-3.459879,Down
GSE39645,C2orf16,-0.319426,0.00125,0.00235,-3.459638,Down
GSE39645,ADCY7,0.516391,0.00125,0.00235,3.459295,Up
GSE39645,EIF5,0.551001,0.00125,0.00235,3.459247,Up
GSE39645,LPCAT4,-0.31051,0.00125,0.00236,-3.458121,Down
GSE39645,HCN4,-0.271277,0.00125,0.00236,-3.457907,Down
GSE39645,STPG2,-0.241763,0.00125,0.00236,-3.457905,Down
GSE39645,ICAM5,-0.274938,0.00125,0.00236,-3.4579,Down
GSE39645,CLLU1,-0.482316,0.00126,0.00237,-3.457459,Down
GSE39645,KRT4,-0.504044,0.00126,0.00237,-3.457168,Down
GSE39645,CCR6,-0.322615,0.00126,0.00237,-3.457111,Down
GSE39645,OFD1,0.635136,0.00126,0.00237,3.456948,Up
GSE39645,CYP27B1,-0.368926,0.00126,0.00237,-3.456827,Down
GSE39645,TCTN1,0.311955,0.00126,0.00237,3.456381,Up
GSE39645,SPAM1,-0.424123,0.00126,0.00237,-3.456321,Down
GSE39645,C10orf25,0.326574,0.00126,0.00237,3.456109,Up
GSE39645,MAT1A,-0.399838,0.00126,0.00237,-3.456066,Down
GSE39645,ASB4,-0.343419,0.00126,0.00238,-3.455692,Down
GSE39645,SURF2,0.295034,0.00126,0.00238,3.455569,Up
GSE39645,WDR5B,0.315382,0.00126,0.00238,3.455532,Up
GSE39645,POTEB3///LOC102723502///POTEB///LOC100288966///POTEB2///POTEF///POTEJ///POTEM///POTEE///POTEG///POTEC///POTED///POTEH,-0.738289,0.00126,0.00238,-3.455325,Down
GSE39645,FAM98A,0.602576,0.00127,0.00238,3.454862,Up
GSE39645,OPTC,-0.534506,0.00127,0.00238,-3.454569,Down
GSE39645,MAP3K1,0.501135,0.00127,0.00238,3.45456,Up
GSE39645,ARFGEF1,0.486849,0.00127,0.00238,3.454529,Up
GSE39645,VWA2,-0.288979,0.00127,0.00238,-3.45432,Down
GSE39645,NUMA1,0.4106,0.00127,0.00238,3.454301,Up
GSE39645,C4orf3,0.332604,0.00127,0.00238,3.453998,Up
GSE39645,CCHCR1,-0.227758,0.00127,0.00239,-3.453706,Down
GSE39645,HSPBAP1,0.303689,0.00127,0.00239,3.453406,Up
GSE39645,LTBP3,0.514697,0.00127,0.00239,3.452866,Up
GSE39645,RNF133,-0.34383,0.00127,0.00239,-3.452658,Down
GSE39645,SLC7A11,-0.859218,0.00127,0.00239,-3.452449,Down
GSE39645,DEFB127,-0.400584,0.00127,0.00239,-3.452382,Down
GSE39645,LYN,0.713764,0.00128,0.0024,3.452099,Up
GSE39645,ERCC1,0.450763,0.00128,0.0024,3.451959,Up
GSE39645,CRCP,0.322391,0.00128,0.0024,3.451837,Up
GSE39645,EXOC6,0.536477,0.00128,0.0024,3.451556,Up
GSE39645,RAET1E,-0.724956,0.00128,0.0024,-3.451468,Down
GSE39645,TMEM200B,-0.288104,0.00128,0.0024,-3.451313,Down
GSE39645,SDR9C7,-0.34916,0.00128,0.0024,-3.45108,Down
GSE39645,GJC2,-0.23964,0.00128,0.00241,-3.450216,Down
GSE39645,CXorf40B,0.296387,0.00128,0.00241,3.450138,Up
GSE39645,NEUROG3,-0.278344,0.00128,0.00241,-3.450034,Down
GSE39645,KIAA1549L,-0.556995,0.00128,0.00241,-3.449931,Down
GSE39645,SPG21,0.342273,0.00128,0.00241,3.449844,Up
GSE39645,RFC1,0.670784,0.00129,0.00241,3.449528,Up
GSE39645,CTAGE5,0.344294,0.00129,0.00241,3.44943,Up
GSE39645,HSPA9,0.461707,0.00129,0.00241,3.449098,Up
GSE39645,ADAMTSL3,-0.868889,0.00129,0.00241,-3.449064,Down
GSE39645,HARS,0.49926,0.00129,0.00242,3.448489,Up
GSE39645,ZNF326,0.632247,0.00129,0.00242,3.44839,Up
GSE39645,ARF3,0.360152,0.00129,0.00242,3.448161,Up
GSE39645,TAF6,0.475587,0.00129,0.00242,3.447974,Up
GSE39645,SSBP1,0.477564,0.00129,0.00242,3.447813,Up
GSE39645,GHRHR,-0.410905,0.00129,0.00242,-3.447766,Down
GSE39645,RBM18,0.48042,0.00129,0.00242,3.447361,Up
GSE39645,TOPBP1,0.45586,0.00129,0.00242,3.447159,Up
GSE39645,DDX27,0.456878,0.0013,0.00243,3.446593,Up
GSE39645,AKIRIN2,0.454139,0.0013,0.00243,3.446395,Up
GSE39645,ITGA5,-0.76773,0.0013,0.00243,-3.445719,Down
GSE39645,CDH9,-0.316583,0.0013,0.00243,-3.445562,Down
GSE39645,AKAP8L,0.335468,0.0013,0.00244,3.44529,Up
GSE39645,SLC25A13,0.333156,0.0013,0.00244,3.444916,Up
GSE39645,CEP44,0.368145,0.0013,0.00244,3.444494,Up
GSE39645,RBM26,0.577176,0.00131,0.00245,3.443208,Up
GSE39645,MAK16,0.574267,0.00131,0.00245,3.443034,Up
GSE39645,GBA3,-0.536111,0.00131,0.00245,-3.442485,Down
GSE39645,CIAO1,0.275521,0.00131,0.00246,3.442266,Up
GSE39645,LRIT1,-0.36309,0.00131,0.00246,-3.442235,Down
GSE39645,KRTAP3-3,-0.366713,0.00131,0.00246,-3.442229,Down
GSE39645,MAN1A2,0.400849,0.00131,0.00246,3.441791,Up
GSE39645,REG1A,-0.590077,0.00132,0.00246,-3.441189,Down
GSE39645,MYCBPAP,-0.328754,0.00132,0.00246,-3.441185,Down
GSE39645,LMOD2///LMOD2,-0.458014,0.00132,0.00246,-3.441154,Down
GSE39645,ARRB2,0.625659,0.00132,0.00246,3.440833,Up
GSE39645,DKKL1,-0.363414,0.00132,0.00247,-3.440683,Down
GSE39645,VHLL,-0.398993,0.00132,0.00247,-3.440565,Down
GSE39645,MIER3,0.565871,0.00132,0.00247,3.440386,Up
GSE39645,TRIM43B///TRIM43,-0.776287,0.00132,0.00247,-3.440316,Down
GSE39645,B4GALNT4,0.65155,0.00132,0.00247,3.440022,Up
GSE39645,LOC101930169///PRAMEF15///PRAMEF6///PRAMEF11///PRAMEF4///PRAMEF18///PRAMEF10///PRAMEF9///PRAMEF5,-0.688817,0.00132,0.00247,-3.439682,Down
GSE39645,TEP1,0.301603,0.00132,0.00247,3.43966,Up
GSE39645,MTRR,0.452499,0.00132,0.00247,3.439652,Up
GSE39645,SGF29,0.367402,0.00132,0.00247,3.439346,Up
GSE39645,PPP1R12B,0.508247,0.00132,0.00247,3.439111,Up
GSE39645,TAS2R10,-0.334522,0.00132,0.00247,-3.439053,Down
GSE39645,DHODH,0.296876,0.00132,0.00247,3.438911,Up
GSE39645,WDR55,0.337936,0.00133,0.00248,3.438643,Up
GSE39645,BUD31,0.486095,0.00133,0.00248,3.43829,Up
GSE39645,KCTD10,0.441566,0.00133,0.00248,3.437842,Up
GSE39645,1,-0.282297,0.00133,0.00248,-3.437659,Down
GSE39645,C6orf132,-0.306505,0.00133,0.00248,-3.437585,Down
GSE39645,MRPL27,0.291487,0.00133,0.00248,3.437567,Up
GSE39645,OPRPN,-0.390674,0.00133,0.00248,-3.437428,Down
GSE39645,TRHR,-0.766639,0.00133,0.00249,-3.436897,Down
GSE39645,WFDC8,-0.327368,0.00133,0.00249,-3.436856,Down
GSE39645,PRKCSH,0.423423,0.00134,0.00249,3.436256,Up
GSE39645,CUL1,0.354638,0.00134,0.00249,3.436187,Up
GSE39645,VRK1,0.742029,0.00134,0.00249,3.436162,Up
GSE39645,IL22RA2,-0.446954,0.00134,0.00249,-3.435621,Down
GSE39645,RBM25,0.503639,0.00134,0.0025,3.435512,Up
GSE39645,HTR7,-0.274581,0.00134,0.0025,-3.435262,Down
GSE39645,TP53,0.530503,0.00134,0.0025,3.434873,Up
GSE39645,NPY,-0.296952,0.00134,0.0025,-3.434703,Down
GSE39645,ABHD13,0.364555,0.00134,0.0025,3.434444,Up
GSE39645,COX4I2,-0.53533,0.00134,0.0025,-3.434021,Down
GSE39645,FAAP24///FAAP24,-0.326475,0.00134,0.0025,-3.434007,Down
GSE39645,GFI1,-0.308128,0.00134,0.00251,-3.433821,Down
GSE39645,LZTS3,-0.292196,0.00135,0.00251,-3.433466,Down
GSE39645,VHL,0.409517,0.00135,0.00251,3.433256,Up
GSE39645,COX5B,0.524187,0.00135,0.00251,3.43321,Up
GSE39645,MED24,0.388977,0.00135,0.00251,3.432759,Up
GSE39645,LRRN4,-0.321977,0.00135,0.00251,-3.432358,Down
GSE39645,KPNB1,0.496347,0.00135,0.00252,3.43227,Up
GSE39645,LPO,-0.917485,0.00135,0.00252,-3.432028,Down
GSE39645,C11orf42,-0.32979,0.00135,0.00252,-3.43145,Down
GSE39645,MRPL13,0.635585,0.00135,0.00252,3.431414,Up
GSE39645,FRK,-0.55855,0.00135,0.00252,-3.431283,Down
GSE39645,CCDC38,-0.252387,0.00136,0.00252,-3.430846,Down
GSE39645,CRTAC1,0.893165,0.00136,0.00253,3.430601,Up
GSE39645,SPANXN1,-0.390971,0.00136,0.00253,-3.43055,Down
GSE39645,HTR1B,-0.295406,0.00136,0.00253,-3.430435,Down
GSE39645,RBP2,-0.553036,0.00136,0.00253,-3.43015,Down
GSE39645,HES5,-0.275049,0.00136,0.00253,-3.430085,Down
GSE39645,HACD4,0.695448,0.00136,0.00253,3.430064,Up
GSE39645,LUZP1,0.329708,0.00136,0.00253,3.429116,Up
GSE39645,RFT1,-0.334963,0.00136,0.00254,-3.428803,Down
GSE39645,ZNF594,0.387515,0.00136,0.00254,3.42867,Up
GSE39645,HNRNPUL2-BSCL2///BSCL2,0.316299,0.00137,0.00254,3.428395,Up
GSE39645,WISP3,-0.456228,0.00137,0.00254,-3.428077,Down
GSE39645,RHCG,-0.299826,0.00137,0.00255,-3.427173,Down
GSE39645,MRPL45,0.575097,0.00137,0.00255,3.426566,Up
GSE39645,DFNA5,0.744205,0.00137,0.00255,3.426548,Up
GSE39645,AADACL4,-0.526792,0.00137,0.00255,-3.426512,Down
GSE39645,CHGA,-0.315044,0.00137,0.00255,-3.426135,Down
GSE39645,PRR12,0.322295,0.00138,0.00256,3.42596,Up
GSE39645,RSPH10B2///RSPH10B,-0.461075,0.00138,0.00256,-3.425835,Down
GSE39645,SPAG16,0.277076,0.00138,0.00256,3.425285,Up
GSE39645,PITHD1,0.492427,0.00138,0.00256,3.424967,Up
GSE39645,CYYR1,-0.596876,0.00138,0.00256,-3.424593,Down
GSE39645,POP1,-0.43092,0.00138,0.00257,-3.424431,Down
GSE39645,ANKRD18A,-0.481238,0.00138,0.00257,-3.423806,Down
GSE39645,CNKSR1,-0.3413,0.00139,0.00257,-3.423264,Down
GSE39645,DEFB114,-0.310677,0.00139,0.00257,-3.423085,Down
GSE39645,VKORC1,0.39125,0.00139,0.00258,3.422435,Up
GSE39645,TMEM178A,-0.242345,0.00139,0.00258,-3.422372,Down
GSE39645,RPL22,0.447046,0.00139,0.00258,3.422124,Up
GSE39645,KIFC1,-0.593935,0.00139,0.00258,-3.422023,Down
GSE39645,TBC1D10C,-0.294204,0.00139,0.00258,-3.421512,Down
GSE39645,REN,-0.348041,0.00139,0.00258,-3.4215,Down
GSE39645,CPSF7,0.413691,0.00139,0.00258,3.421449,Up
GSE39645,DNAJB11,0.546209,0.00139,0.00259,3.421284,Up
GSE39645,WASF1,0.500904,0.00139,0.00259,3.421236,Up
GSE39645,COPS6,0.384695,0.00139,0.00259,3.421077,Up
GSE39645,GUCA1B,-0.392273,0.00141,0.00261,-3.418435,Down
GSE39645,FGFBP1,-0.648519,0.00141,0.00261,-3.418125,Down
GSE39645,HOXB6,-0.573002,0.00141,0.00261,-3.418035,Down
GSE39645,TMPRSS15,-0.349265,0.00141,0.00261,-3.417981,Down
GSE39645,GTF2B,0.540407,0.00141,0.00261,3.417828,Up
GSE39645,CHFR,0.401015,0.00141,0.00261,3.417799,Up
GSE39645,COLGALT2,-0.630524,0.00141,0.00262,-3.417011,Down
GSE39645,SLC50A1,0.51876,0.00141,0.00262,3.416725,Up
GSE39645,ARID2,0.499319,0.00141,0.00262,3.416582,Up
GSE39645,RLF,0.589358,0.00141,0.00262,3.416565,Up
GSE39645,C22orf15,-0.371911,0.00141,0.00262,-3.416557,Down
GSE39645,GALR3,-0.29986,0.00141,0.00262,-3.416187,Down
GSE39645,ZNF445,0.312294,0.00141,0.00262,3.41612,Up
GSE39645,SEC23IP,0.501073,0.00141,0.00262,3.416075,Up
GSE39645,SLC8B1,0.426776,0.00142,0.00262,3.416001,Up
GSE39645,HNF1A,-0.363363,0.00142,0.00262,-3.415854,Down
GSE39645,FAM83H,0.297422,0.00142,0.00262,3.415467,Up
GSE39645,NAPG,0.488507,0.00142,0.00262,3.415429,Up
GSE39645,FBXO42,0.327998,0.00142,0.00262,3.415301,Up
GSE39645,ROMO1,0.340556,0.00142,0.00263,3.415155,Up
GSE39645,CLDN9,-0.268308,0.00142,0.00263,-3.414839,Down
GSE39645,RNPC3,0.53896,0.00142,0.00263,3.414745,Up
GSE39645,TTC3,0.703135,0.00142,0.00263,3.414515,Up
GSE39645,SP6,-0.370204,0.00142,0.00263,-3.414433,Down
GSE39645,LONP1,0.403658,0.00142,0.00263,3.414419,Up
GSE39645,MIS12,0.567245,0.00142,0.00263,3.413716,Up
GSE39645,UGT3A1,-0.548087,0.00143,0.00264,-3.412999,Down
GSE39645,ATP6V0D1,0.456799,0.00143,0.00264,3.412927,Up
GSE39645,BCL11A,-0.313003,0.00143,0.00264,-3.412376,Down
GSE39645,TMF1,0.556775,0.00143,0.00264,3.412265,Up
GSE39645,ZNF547///TRAPPC2B,0.286785,0.00143,0.00265,3.411767,Up
GSE39645,CYLC2,-0.585823,0.00143,0.00265,-3.411726,Down
GSE39645,ANKDD1A,-0.284892,0.00143,0.00265,-3.411658,Down
GSE39645,TUBD1,0.427477,0.00143,0.00265,3.411458,Up
GSE39645,ICAM1,-1.030643,0.00143,0.00265,-3.411321,Down
GSE39645,GOT1,0.479861,0.00143,0.00265,3.411314,Up
GSE39645,DSPP,-0.72891,0.00144,0.00265,-3.411045,Down
GSE39645,LRIT2,-0.314221,0.00144,0.00265,-3.410663,Down
GSE39645,DPY30,0.609474,0.00144,0.00266,3.410375,Up
GSE39645,PRKCA,0.714738,0.00144,0.00266,3.410204,Up
GSE39645,C1QTNF7,-0.360101,0.00144,0.00266,-3.409175,Down
GSE39645,TRPT1,0.271659,0.00144,0.00266,3.409117,Up
GSE39645,MMP7,-0.419957,0.00144,0.00266,-3.409109,Down
GSE39645,PRAMEF34P///PRAMEF36P///PRAMEF17///PRAMEF10///PRAMEF2,-0.700433,0.00144,0.00267,-3.408807,Down
GSE39645,NXPE1,-0.444027,0.00144,0.00267,-3.408762,Down
GSE39645,SYDE1,0.461119,0.00145,0.00267,3.408562,Up
GSE39645,ZNF85,0.276125,0.00145,0.00267,3.407991,Up
GSE39645,OGDHL,-0.259972,0.00145,0.00267,-3.407768,Down
GSE39645,BRDT,-0.360493,0.00145,0.00268,-3.407461,Down
GSE39645,PSG3,-0.588841,0.00145,0.00268,-3.407376,Down
GSE39645,STAC2,-0.266882,0.00145,0.00268,-3.407211,Down
GSE39645,CST5,-0.509133,0.00145,0.00268,-3.40697,Down
GSE39645,ZNF140,0.448588,0.00145,0.00268,3.406947,Up
GSE39645,CRYBB2,-0.371545,0.00145,0.00268,-3.406824,Down
GSE39645,CLDN1,-1.215541,0.00145,0.00268,-3.406557,Down
GSE39645,TFEB,0.32851,0.00145,0.00268,3.406547,Up
GSE39645,UBE2D2,0.312258,0.00145,0.00268,3.406445,Up
GSE39645,TBX21,-0.375133,0.00146,0.00268,-3.406255,Down
GSE39645,ZBTB45,0.398695,0.00146,0.00269,3.405896,Up
GSE39645,PRDM14,-0.347066,0.00146,0.00269,-3.405753,Down
GSE39645,RMI2,-0.235671,0.00146,0.00269,-3.405603,Down
GSE39645,RBFA,0.296465,0.00146,0.00269,3.404804,Up
GSE39645,HTR3C,-0.512374,0.00146,0.00269,-3.404725,Down
GSE39645,GRSF1,0.443234,0.00146,0.0027,3.404246,Up
GSE39645,AMER2,-0.23049,0.00146,0.0027,-3.404111,Down
GSE39645,SERINC2,-0.477384,0.00146,0.0027,-3.403995,Down
GSE39645,GRM2,-0.268645,0.00147,0.0027,-3.403936,Down
GSE39645,C17orf75,0.530805,0.00147,0.0027,3.403862,Up
GSE39645,DYX1C1-CCPG1///DYX1C1,0.349317,0.00147,0.0027,3.40375,Up
GSE39645,CCDC58,0.627887,0.00147,0.0027,3.403598,Up
GSE39645,SMC5,0.584302,0.00147,0.0027,3.403531,Up
GSE39645,DSCR4,-0.492119,0.00147,0.00271,-3.402815,Down
GSE39645,HSP90B1,0.303308,0.00147,0.00271,3.402217,Up
GSE39645,CLRN1,-0.459984,0.00147,0.00271,-3.402073,Down
GSE39645,CELA1,-0.465931,0.00147,0.00271,-3.401889,Down
GSE39645,SLC5A8,-0.445908,0.00147,0.00271,-3.401769,Down
GSE39645,OBFC1,0.40568,0.00147,0.00271,3.401605,Up
GSE39645,C4orf19,-0.339694,0.00148,0.00271,-3.401564,Down
GSE39645,SLC38A5,-0.444585,0.00148,0.00272,-3.400971,Down
GSE39645,FASTKD3,0.478859,0.00148,0.00272,3.400969,Up
GSE39645,OTX1,-0.282098,0.00148,0.00272,-3.400608,Down
GSE39645,C9orf163,-0.365847,0.00148,0.00272,-3.400337,Down
GSE39645,CDC14A,-0.314956,0.00148,0.00272,-3.400212,Down
GSE39645,RARS,0.553347,0.00148,0.00273,3.399272,Up
GSE39645,GABRR3,-0.284036,0.00149,0.00273,-3.398925,Down
GSE39645,RIN2,0.409232,0.00149,0.00273,3.398833,Up
GSE39645,TMEM223,0.267844,0.00149,0.00273,3.398717,Up
GSE39645,WNT6,-0.252708,0.00149,0.00273,-3.398613,Down
GSE39645,YIF1A,0.597593,0.00149,0.00273,3.398502,Up
GSE39645,ENPP7,-0.340111,0.00149,0.00274,-3.398271,Down
GSE39645,WFDC13,-0.55484,0.00149,0.00274,-3.397638,Down
GSE39645,SPEM1,-0.397318,0.00149,0.00274,-3.397635,Down
GSE39645,DHRS12,0.285579,0.00149,0.00274,3.397503,Up
GSE39645,ZSCAN5B,-0.835679,0.00149,0.00275,-3.396886,Down
GSE39645,COQ10B,0.569894,0.0015,0.00275,3.396809,Up
GSE39645,SMC6,0.683645,0.0015,0.00275,3.396348,Up
GSE39645,ERP29,0.217328,0.0015,0.00275,3.395951,Up
GSE39645,LEXM,-0.289537,0.0015,0.00276,-3.395427,Down
GSE39645,VN1R10P,-0.637368,0.0015,0.00276,-3.39499,Down
GSE39645,WDR6,0.432689,0.0015,0.00276,3.394664,Up
GSE39645,UST,0.791764,0.00151,0.00277,3.394073,Up
GSE39645,SLC34A2///SLC34A2,-0.459898,0.00151,0.00277,-3.393541,Down
GSE39645,SSB,0.467556,0.00151,0.00277,3.393133,Up
GSE39645,ZNF805,0.548997,0.00151,0.00277,3.39307,Up
GSE39645,RNF17,-0.221879,0.00151,0.00277,-3.393049,Down
GSE39645,PPP6R2,0.412214,0.00151,0.00277,3.39288,Up
GSE39645,C1QTNF8,-0.302982,0.00152,0.00278,-3.391898,Down
GSE39645,TOMM20,0.348852,0.00152,0.00278,3.39159,Up
GSE39645,LOC730098///CCL27,-0.276442,0.00152,0.00278,-3.391452,Down
GSE39645,POLG2,0.438495,0.00152,0.00279,3.391241,Up
GSE39645,CENPC,0.511731,0.00152,0.00279,3.391218,Up
GSE39645,ANP32AP1///ANP32C///ANP32A,0.282286,0.00152,0.00279,3.391184,Up
GSE39645,ANKRD23,-0.357264,0.00152,0.00279,-3.391145,Down
GSE39645,GPR150,-0.225744,0.00152,0.00279,-3.390982,Down
GSE39645,COPA,0.505893,0.00152,0.00279,3.390903,Up
GSE39645,RPL32,-0.259274,0.00152,0.00279,-3.390135,Down
GSE39645,UPK1B,-0.414992,0.00153,0.0028,-3.38953,Down
GSE39645,SLC38A1,0.907482,0.00153,0.0028,3.389025,Up
GSE39645,KIAA1456,-0.214849,0.00153,0.0028,-3.388768,Down
GSE39645,CLNK,-0.361458,0.00153,0.0028,-3.388493,Down
GSE39645,KIAA1211,-0.330337,0.00153,0.00281,-3.387642,Down
GSE39645,FBXW4,0.320304,0.00154,0.00281,3.387504,Up
GSE39645,ZNF75D,0.335701,0.00154,0.00282,3.386933,Up
GSE39645,PHF7,0.277755,0.00154,0.00282,3.386901,Up
GSE39645,ADAM11,-0.310033,0.00154,0.00282,-3.386825,Down
GSE39645,MDH1,0.635477,0.00154,0.00282,3.386699,Up
GSE39645,USP37,0.396296,0.00154,0.00282,3.386554,Up
GSE39645,FTO,0.442999,0.00154,0.00282,3.386497,Up
GSE39645,SLC6A12,-0.396405,0.00154,0.00282,-3.386496,Down
GSE39645,LASP1,0.510058,0.00154,0.00282,3.386128,Up
GSE39645,OTUB1,0.515978,0.00154,0.00282,3.386124,Up
GSE39645,JAM2,-0.63222,0.00154,0.00282,-3.386035,Down
GSE39645,GSK3B,0.513009,0.00154,0.00282,3.385763,Up
GSE39645,CAMSAP3,-0.364169,0.00154,0.00282,-3.385457,Down
GSE39645,NA,-0.559734,0.00154,0.00282,-3.385415,Down
GSE39645,MSTN,1.241959,0.00155,0.00283,3.384798,Up
GSE39645,CCP110,0.582295,0.00155,0.00283,3.384355,Up
GSE39645,PTDSS1,0.459993,0.00155,0.00283,3.384067,Up
GSE39645,TTC31,0.344583,0.00155,0.00284,3.383991,Up
GSE39645,FAHD2A,0.437814,0.00155,0.00284,3.383945,Up
GSE39645,ABHD10,0.510681,0.00155,0.00284,3.383743,Up
GSE39645,MS4A8,-0.469476,0.00155,0.00284,-3.383742,Down
GSE39645,SUMO4///SUMO2,0.376745,0.00155,0.00284,3.383486,Up
GSE39645,SCAF8,0.319022,0.00155,0.00284,3.383451,Up
GSE39645,LCP2,0.797893,0.00155,0.00284,3.383162,Up
GSE39645,MCM5,0.644207,0.00156,0.00284,3.38271,Up
GSE39645,TSKS,-0.324737,0.00156,0.00285,-3.382257,Down
GSE39645,ANKRD11,0.382123,0.00156,0.00285,3.382134,Up
GSE39645,UBE2L3,0.392684,0.00157,0.00286,3.380643,Up
GSE39645,RLBP1,-0.335125,0.00157,0.00286,-3.380597,Down
GSE39645,TMEM252,-0.544186,0.00157,0.00286,-3.380182,Down
GSE39645,STK17A,0.796139,0.00157,0.00286,3.380124,Up
GSE39645,LOC728392///NLRP1,-0.361976,0.00157,0.00287,-3.379738,Down
GSE39645,AGFG1,0.50143,0.00157,0.00287,3.379621,Up
GSE39645,POU3F4,-0.322595,0.00157,0.00287,-3.379581,Down
GSE39645,SH3YL1,0.322185,0.00157,0.00287,3.379565,Up
GSE39645,FAM150A,-0.306687,0.00157,0.00287,-3.379363,Down
GSE39645,UBXN6,0.296757,0.00157,0.00287,3.378718,Up
GSE39645,NOTCH1,0.661608,0.00157,0.00287,3.378707,Up
GSE39645,TMEM141,0.433923,0.00158,0.00287,3.378446,Up
GSE39645,DEFB116,-0.767807,0.00158,0.00288,-3.377909,Down
GSE39645,C12orf40,-0.197387,0.00158,0.00288,-3.377494,Down
GSE39645,MAGED2,0.549967,0.00158,0.00288,3.377414,Up
GSE39645,PALMD,-0.961126,0.00158,0.00288,-3.37738,Down
GSE39645,ACSM1,-0.534379,0.00158,0.00289,-3.376738,Down
GSE39645,NAGLU,0.222903,0.00158,0.00289,3.376489,Up
GSE39645,MS4A12,-0.516215,0.00159,0.00289,-3.376413,Down
GSE39645,EIF4ENIF1,0.369973,0.00159,0.00289,3.376349,Up
GSE39645,ARX,-0.331384,0.00159,0.00289,-3.375953,Down
GSE39645,PGLYRP4,-0.820782,0.00159,0.00289,-3.375544,Down
GSE39645,MLLT11,0.505128,0.00159,0.00289,3.375538,Up
GSE39645,NCDN,0.373537,0.00159,0.00289,3.37552,Up
GSE39645,FAM159B,-0.293037,0.00159,0.0029,-3.375427,Down
GSE39645,PAX7,-0.298101,0.00159,0.0029,-3.374887,Down
GSE39645,ZFX,0.62353,0.00159,0.0029,3.374749,Up
GSE39645,TMEM59L,0.605154,0.00159,0.0029,3.374676,Up
GSE39645,IER3IP1,0.743646,0.00159,0.0029,3.374491,Up
GSE39645,NSA2,0.653577,0.0016,0.0029,3.374162,Up
GSE39645,FHL5,-0.814668,0.0016,0.00291,-3.374008,Down
GSE39645,CFL2,0.596963,0.0016,0.00291,3.373374,Up
GSE39645,STRN3,0.525507,0.0016,0.00291,3.373065,Up
GSE39645,CDRT1///FBXW10,-0.660927,0.0016,0.00291,-3.373042,Down
GSE39645,CPXCR1,-0.279679,0.0016,0.00291,-3.372958,Down
GSE39645,NLRP5,-0.517034,0.0016,0.00291,-3.372882,Down
GSE39645,XXYLT1,-0.268167,0.0016,0.00291,-3.372868,Down
GSE39645,HOGA1,-0.402386,0.00161,0.00292,-3.372025,Down
GSE39645,ACTN4,0.396649,0.00161,0.00293,3.371309,Up
GSE39645,DNAJB4,0.779504,0.00161,0.00293,3.37109,Up
GSE39645,SF3B2,0.341409,0.00161,0.00293,3.370886,Up
GSE39645,ATOH1,-0.31297,0.00161,0.00293,-3.370698,Down
GSE39645,NOL7,0.488653,0.00161,0.00293,3.370678,Up
GSE39645,IBA57,-0.260814,0.00161,0.00293,-3.370428,Down
GSE39645,IFT20,0.595809,0.00161,0.00293,3.370381,Up
GSE39645,SLC39A5,-0.328567,0.00162,0.00294,-3.36967,Down
GSE39645,KLF13,0.405723,0.00162,0.00294,3.369509,Up
GSE39645,DLEU7,-0.30989,0.00162,0.00294,-3.369049,Down
GSE39645,CCDC87,-0.332183,0.00162,0.00294,-3.368983,Down
GSE39645,IFNA21///IFNA17///IFNA16///IFNA14///IFNA13///IFNA10///IFNA7///IFNA6///IFNA5///IFNA4///IFNA1,-0.751792,0.00162,0.00294,-3.368817,Down
GSE39645,AKR7L,-0.328858,0.00162,0.00294,-3.368701,Down
GSE39645,DEFB128,-1.139526,0.00162,0.00294,-3.368573,Down
GSE39645,INTS8,0.498234,0.00162,0.00295,3.368117,Up
GSE39645,IL3RA,-0.56532,0.00162,0.00295,-3.367876,Down
GSE39645,FAS,0.714639,0.00163,0.00295,3.367666,Up
GSE39645,PSKH1,0.2793,0.00163,0.00295,3.367418,Up
GSE39645,PLS1,-0.480514,0.00163,0.00295,-3.367373,Down
GSE39645,SLC34A3,-0.291683,0.00163,0.00296,-3.366901,Down
GSE39645,IMPAD1,0.654133,0.00163,0.00296,3.366841,Up
GSE39645,RBBP4,0.669876,0.00163,0.00296,3.366747,Up
GSE39645,ADAM18,-0.255701,0.00163,0.00296,-3.366581,Down
GSE39645,TNFAIP8L2,0.450275,0.00163,0.00296,3.366578,Up
GSE39645,RNASE8,-0.574373,0.00163,0.00296,-3.366226,Down
GSE39645,GRIN1,-0.351711,0.00163,0.00296,-3.366062,Down
GSE39645,RNASEH1,0.406583,0.00163,0.00296,3.365849,Up
GSE39645,INPP5A,0.553148,0.00164,0.00297,3.365334,Up
GSE39645,SLC23A2,0.617766,0.00164,0.00297,3.365246,Up
GSE39645,ENTPD7,-0.343406,0.00164,0.00297,-3.365043,Down
GSE39645,RSAD1,-0.214136,0.00164,0.00297,-3.364922,Down
GSE39645,TIGD2,0.499231,0.00164,0.00297,3.364888,Up
GSE39645,MKNK1,0.398795,0.00164,0.00297,3.364355,Up
GSE39645,MCM3,0.512338,0.00164,0.00298,3.363657,Up
GSE39645,ZC3H12B,0.620319,0.00164,0.00298,3.363477,Up
GSE39645,KRTAP10-5,-0.54731,0.00165,0.00298,-3.362988,Down
GSE39645,CCDC7,0.402842,0.00165,0.00298,3.362959,Up
GSE39645,WDR75,0.622798,0.00165,0.00298,3.362919,Up
GSE39645,ASPH,0.283443,0.00165,0.00299,3.362802,Up
GSE39645,DCTN3,0.297233,0.00165,0.003,3.361315,Up
GSE39645,CASC3,0.417795,0.00165,0.003,3.361296,Up
GSE39645,PMCH,-0.236656,0.00166,0.003,-3.361136,Down
GSE39645,HIST1H2BE,-0.317401,0.00166,0.003,-3.360878,Down
GSE39645,LOC100130744,-0.284506,0.00166,0.003,-3.360646,Down
GSE39645,SRA1,0.363303,0.00166,0.00301,3.35986,Up
GSE39645,ATP4B,-0.26374,0.00167,0.00302,-3.358099,Down
GSE39645,ATXN3L,-0.381535,0.00167,0.00303,-3.357212,Down
GSE39645,DNAH12,-0.268347,0.00168,0.00304,-3.356008,Down
GSE39645,HTR4,-0.570908,0.00168,0.00304,-3.355821,Down
GSE39645,RAC3,-0.226822,0.00168,0.00304,-3.355636,Down
GSE39645,PSMD7,0.383036,0.00168,0.00305,3.355244,Up
GSE39645,CCDC54,-0.441447,0.00169,0.00305,-3.354256,Down
GSE39645,TMTC4,0.532579,0.00169,0.00306,3.353047,Up
GSE39645,WDR88,-0.377431,0.00169,0.00306,-3.353037,Down
GSE39645,CAPZB,0.397815,0.00169,0.00307,3.352906,Up
GSE39645,RTFDC1,0.293661,0.0017,0.00307,3.352187,Up
GSE39645,ZNF446,-0.268746,0.0017,0.00307,-3.352181,Down
GSE39645,ZFAT,0.331462,0.0017,0.00308,3.351236,Up
GSE39645,ELOVL7,-0.956283,0.00171,0.00308,-3.350612,Down
GSE39645,DOK2,-0.628182,0.00171,0.00309,-3.350157,Down
GSE39645,SLC29A4,-0.26816,0.00171,0.00309,-3.349984,Down
GSE39645,CIB4,-0.315799,0.00171,0.00309,-3.34987,Down
GSE39645,CHCHD10,0.308487,0.00171,0.00309,3.349867,Up
GSE39645,ASPG,-0.339856,0.00171,0.00309,-3.349779,Down
GSE39645,RTEL1-TNFRSF6B///RTEL1///TNFRSF6B,-0.290531,0.00171,0.0031,-3.348868,Down
GSE39645,RANBP2,0.561225,0.00172,0.0031,3.348513,Up
GSE39645,CUTA,0.413905,0.00172,0.0031,3.34833,Up
GSE39645,IQCH,-0.236005,0.00172,0.0031,-3.348321,Down
GSE39645,VIP,-0.469116,0.00172,0.00311,-3.346911,Down
GSE39645,NAIP,0.604302,0.00173,0.00313,3.345335,Up
GSE39645,1060P11.3///KIR2DS2///KIR2DL5B///KIR3DL3///KIR2DL5A///KIR3DS1///KIR3DL2///KIR3DL1///KIR2DS5///KIR2DS4///KIR2DS3///KIR2DS1///KIR2DL4///KIR2DL3///KIR2DL2///KIR2DL1///KIR3DS1///KIR3DL2///KIR3DL1///KIR2DS5///KIR2DS3///KIR2DL1,-0.800653,0.00173,0.00313,-3.345333,Down
GSE39645,FOXR1,-0.340495,0.00173,0.00313,-3.34516,Down
GSE39645,NUP155,0.56959,0.00174,0.00313,3.344557,Up
GSE39645,MAPK1,0.490656,0.00174,0.00313,3.344348,Up
GSE39645,NA,-0.241731,0.00174,0.00314,-3.344216,Down
GSE39645,DVL3,0.329829,0.00174,0.00314,3.344153,Up
GSE39645,TBRG4,0.392335,0.00174,0.00314,3.344057,Up
GSE39645,PSG6,-0.598352,0.00174,0.00314,-3.343951,Down
GSE39645,SREK1,0.534978,0.00174,0.00314,3.343749,Up
GSE39645,PDCL2,-0.205291,0.00174,0.00314,-3.343605,Down
GSE39645,PRB2///PRB4///PRB3///PRB1,-0.998891,0.00175,0.00315,-3.342118,Down
GSE39645,PSMD11,0.458823,0.00175,0.00315,3.342098,Up
GSE39645,KCNIP4,-0.297376,0.00175,0.00316,-3.341583,Down
GSE39645,DDX46,0.453172,0.00175,0.00316,3.341547,Up
GSE39645,GCG,-0.397557,0.00175,0.00316,-3.341436,Down
GSE39645,ARSI,0.596587,0.00175,0.00316,3.341429,Up
GSE39645,SLC16A14,-0.339041,0.00175,0.00316,-3.341319,Down
GSE39645,ADGRE2,-0.570323,0.00176,0.00316,-3.340658,Down
GSE39645,WSCD1,-0.321235,0.00176,0.00317,-3.340391,Down
GSE39645,TOX4,0.272424,0.00176,0.00317,3.340316,Up
GSE39645,EIF1B,0.699952,0.00176,0.00317,3.340288,Up
GSE39645,NR1H4,-0.32879,0.00176,0.00317,-3.340269,Down
GSE39645,KHDC1L///KHDC1,-0.316188,0.00176,0.00317,-3.339902,Down
GSE39645,NDUFC2-KCTD14///NDUFC2,0.482731,0.00176,0.00317,3.339442,Up
GSE39645,AZU1,-0.305119,0.00176,0.00318,-3.338768,Down
GSE39645,CHID1,0.469003,0.00177,0.00318,3.338618,Up
GSE39645,CTBP1,0.421127,0.00177,0.00318,3.338342,Up
GSE39645,RFX6,-0.216495,0.00177,0.00319,-3.337626,Down
GSE39645,CASP14,-0.547168,0.00177,0.00319,-3.337536,Down
GSE39645,UBE2U,-0.18802,0.00177,0.00319,-3.336923,Down
GSE39645,CYB5D2,0.394507,0.00178,0.0032,3.336237,Up
GSE39645,GLTSCR1L,0.312433,0.00178,0.0032,3.336176,Up
GSE39645,FKBP2,0.281116,0.00178,0.0032,3.335902,Up
GSE39645,SEC22B,0.48466,0.00178,0.0032,3.335822,Up
GSE39645,ZNF48,0.346875,0.00178,0.0032,3.335719,Up
GSE39645,GPX5,-0.759676,0.00178,0.0032,-3.335479,Down
GSE39645,TAS2R8,-0.438032,0.00178,0.00321,-3.335329,Down
GSE39645,IZUMO4,-0.310361,0.00179,0.00321,-3.334693,Down
GSE39645,EFNB1,-0.549229,0.00179,0.00321,-3.334634,Down
GSE39645,DPM1,0.57428,0.00179,0.00321,3.334588,Up
GSE39645,MYH8,-0.358072,0.00179,0.00321,-3.334557,Down
GSE39645,GOLGA6C///LOC645752///GOLGA6A///GOLGA6B,-0.435502,0.00179,0.00321,-3.334123,Down
GSE39645,ZBP1,-0.292018,0.00179,0.00322,-3.333825,Down
GSE39645,RASSF6,-0.231844,0.00179,0.00322,-3.333805,Down
GSE39645,SCN10A,-0.49363,0.00179,0.00322,-3.333734,Down
GSE39645,DDX4,-0.321978,0.00179,0.00322,-3.33363,Down
GSE39645,CTR9,0.460625,0.00179,0.00322,3.333508,Up
GSE39645,TMEM39A,0.42811,0.0018,0.00323,3.332632,Up
GSE39645,PABPC5,-0.33241,0.0018,0.00323,-3.332057,Down
GSE39645,C1orf68,-0.330014,0.0018,0.00323,-3.331774,Down
GSE39645,MPDZ,0.602845,0.0018,0.00323,3.331693,Up
GSE39645,CACNA1I,-0.289293,0.0018,0.00323,-3.331647,Down
GSE39645,SLC9C2,-0.406101,0.00181,0.00324,-3.330654,Down
GSE39645,PNRC2,0.330325,0.00181,0.00325,3.330289,Up
GSE39645,JADE3,-0.381596,0.00181,0.00325,-3.330016,Down
GSE39645,TMEM164,-0.30484,0.00181,0.00325,-3.329563,Down
GSE39645,DRAP1,0.492368,0.00181,0.00325,3.329317,Up
GSE39645,ZC3H14,0.37082,0.00182,0.00327,3.327945,Up
GSE39645,FOXJ1,-0.275216,0.00182,0.00327,-3.327468,Down
GSE39645,ZFAND1,0.564217,0.00182,0.00327,3.32732,Up
GSE39645,WDR41,0.646875,0.00183,0.00328,3.325843,Up
GSE39645,SCN2B,-0.363281,0.00183,0.00329,-3.325472,Down
GSE39645,CD207,-0.564145,0.00183,0.00329,-3.325415,Down
GSE39645,RHD,-0.5383,0.00183,0.00329,-3.32524,Down
GSE39645,NAGPA,0.293329,0.00184,0.0033,3.324602,Up
GSE39645,CISD2,0.429682,0.00184,0.0033,3.324381,Up
GSE39645,KIR2DS2///KIR2DL5B///KIR3DL3///KIR2DL5A///KIR3DS1///KIR3DL2///KIR3DL1///KIR2DS5///KIR2DS4///KIR2DS3///KIR2DS1///KIR2DL4///KIR2DL3///KIR2DL2///KIR2DL1///KIR3DS1///KIR3DL2///KIR3DL1///KIR2DS5///KIR2DS3///KIR2DL1,-0.696102,0.00184,0.0033,-3.3238,Down
GSE39645,METTL2B,0.325132,0.00184,0.0033,3.323489,Up
GSE39645,CEP57,0.514374,0.00184,0.00331,3.323301,Up
GSE39645,ERCC8,0.294459,0.00184,0.00331,3.323257,Up
GSE39645,MT4,-0.447629,0.00185,0.00331,-3.322986,Down
GSE39645,RHCE,-0.337376,0.00185,0.00331,-3.322481,Down
GSE39645,PUM3,0.600983,0.00185,0.00332,3.322187,Up
GSE39645,INSL6,-0.2181,0.00185,0.00332,-3.321784,Down
GSE39645,HMGB2,0.608046,0.00185,0.00332,3.321324,Up
GSE39645,HS3ST1,-0.28791,0.00186,0.00333,-3.320518,Down
GSE39645,PRDM9,-0.608102,0.00186,0.00333,-3.320513,Down
GSE39645,NBPF6///NBPF4,-0.770931,0.00186,0.00333,-3.320442,Down
GSE39645,PON1,-0.475153,0.00186,0.00333,-3.320425,Down
GSE39645,PKIG,-0.426316,0.00186,0.00333,-3.320167,Down
GSE39645,1,0.453301,0.00186,0.00334,3.3194,Up
GSE39645,KMT2E,0.410447,0.00187,0.00334,3.319183,Up
GSE39645,NCKIPSD,0.336798,0.00187,0.00334,3.31891,Up
GSE39645,DR1,0.480456,0.00187,0.00334,3.318626,Up
GSE39645,KLHDC7B,-0.333666,0.00187,0.00335,-3.318484,Down
GSE39645,NAT2,-0.337009,0.00187,0.00335,-3.318353,Down
GSE39645,EEF2KMT,0.262679,0.00187,0.00335,3.317672,Up
GSE39645,MYO15A,-0.254072,0.00188,0.00336,-3.317255,Down
GSE39645,TRAK2,0.771729,0.00188,0.00336,3.316991,Up
GSE39645,D2HGDH,-0.259616,0.00188,0.00336,-3.316931,Down
GSE39645,PRCP,0.610682,0.00188,0.00336,3.316825,Up
GSE39645,SCGB2A2,-0.633383,0.00188,0.00336,-3.316517,Down
GSE39645,SNRNP35,0.20997,0.00188,0.00336,3.316221,Up
GSE39645,ETNK1,0.353052,0.00188,0.00336,3.316174,Up
GSE39645,PATZ1,0.340474,0.00188,0.00337,3.316029,Up
GSE39645,IZUMO1R,-0.529413,0.00188,0.00337,-3.316026,Down
GSE39645,UQCRC1,0.43717,0.00188,0.00337,3.316014,Up
GSE39645,TNFRSF13C,-0.204596,0.00188,0.00337,-3.315526,Down
GSE39645,EDDM3B,-0.355549,0.00189,0.00337,-3.315392,Down
GSE39645,MURC,-0.563267,0.00189,0.00338,-3.314882,Down
GSE39645,H2BFWT,-0.28849,0.00189,0.00338,-3.314691,Down
GSE39645,IRGC,-0.425532,0.00189,0.00338,-3.314343,Down
GSE39645,RPS13,0.433028,0.00189,0.00338,3.313816,Up
GSE39645,DYDC2,-0.315285,0.0019,0.00339,-3.313572,Down
GSE39645,KIAA0556,0.303521,0.0019,0.00339,3.31336,Up
GSE39645,XRN2,0.61143,0.0019,0.00339,3.313347,Up
GSE39645,AP1G1,0.487179,0.0019,0.00339,3.313229,Up
GSE39645,EEF2K,0.425174,0.0019,0.00339,3.31314,Up
GSE39645,CDKN1C,-0.255894,0.0019,0.00339,-3.312999,Down
GSE39645,VSTM1,-0.396701,0.0019,0.00339,-3.312608,Down
GSE39645,EXOSC6,-0.19309,0.0019,0.00339,-3.312604,Down
GSE39645,OTX2,-0.382703,0.0019,0.00339,-3.31243,Down
GSE39645,GPS1,0.330272,0.0019,0.0034,3.312048,Up
GSE39645,LUC7L3,0.640095,0.0019,0.0034,3.311917,Up
GSE39645,SAGE1,-0.375707,0.00191,0.0034,-3.311738,Down
GSE39645,GNL3L,0.371065,0.00191,0.0034,3.311479,Up
GSE39645,ELSPBP1,-0.455651,0.00191,0.0034,-3.311261,Down
GSE39645,ZNF529,0.540776,0.00191,0.0034,3.311197,Up
GSE39645,UCN,-0.285877,0.00191,0.00341,-3.310859,Down
GSE39645,TAAR6,-0.563096,0.00191,0.00341,-3.310858,Down
GSE39645,USP7,0.47893,0.00191,0.00341,3.310705,Up
GSE39645,FMOD,-1.041838,0.00191,0.00341,-3.310697,Down
GSE39645,SEPHS2,-0.219609,0.00191,0.00341,-3.310604,Down
GSE39645,HOXA10,-0.305962,0.00191,0.00341,-3.310357,Down
GSE39645,EIF2S1,0.528184,0.00192,0.00342,3.309545,Up
GSE39645,KIR2DS2///KIR2DL5B///KIR3DL3///KIR2DL5A///KIR3DS1///KIR3DL2///KIR3DL1///KIR2DS5///KIR2DS4///KIR2DS3///KIR2DS1///KIR2DL3///KIR2DL2///KIR2DL1///KIR3DS1///KIR3DL2///KIR3DL1///KIR2DS5///KIR2DS3///KIR2DL1,-0.726688,0.00192,0.00342,-3.309284,Down
GSE39645,TULP1,-0.374537,0.00192,0.00342,-3.309187,Down
GSE39645,SLC18A1,-0.440027,0.00192,0.00342,-3.309091,Down
GSE39645,PUF60,0.270206,0.00192,0.00343,3.308644,Up
GSE39645,CPLX4,-0.395714,0.00192,0.00343,-3.308469,Down
GSE39645,DTD2,0.408506,0.00192,0.00343,3.308194,Up
GSE39645,ACTRT2,-0.32981,0.00193,0.00343,-3.307925,Down
GSE39645,IDE,0.350208,0.00193,0.00343,3.307778,Up
GSE39645,PTPN6,0.666121,0.00193,0.00343,3.307677,Up
GSE39645,FOXA3,-0.307934,0.00193,0.00343,-3.307611,Down
GSE39645,PSMB6,0.391975,0.00193,0.00343,3.307562,Up
GSE39645,CARM1,0.458518,0.00193,0.00344,3.306927,Up
GSE39645,NIPAL1,-0.407158,0.00193,0.00344,-3.306804,Down
GSE39645,MARVELD3,-0.352025,0.00194,0.00345,-3.305966,Down
GSE39645,SP5,-0.298945,0.00194,0.00345,-3.305893,Down
GSE39645,FEZF1,-0.287759,0.00194,0.00345,-3.3053,Down
GSE39645,SAMD4A,0.502721,0.00194,0.00345,3.305284,Up
GSE39645,UGT2B28,-0.639844,0.00194,0.00346,-3.305036,Down
GSE39645,SLC35E2B,0.389302,0.00194,0.00346,3.3049,Up
GSE39645,ECD,0.457843,0.00194,0.00346,3.304826,Up
GSE39645,SPRR3,-0.366576,0.00194,0.00346,-3.304409,Down
GSE39645,RABEP2,-0.301457,0.00195,0.00346,-3.30425,Down
GSE39645,GAK,0.343186,0.00195,0.00346,3.304169,Up
GSE39645,GEMIN6,0.424759,0.00195,0.00347,3.303803,Up
GSE39645,CTTN,0.389376,0.00195,0.00347,3.30337,Up
GSE39645,ERCC6L2,0.295189,0.00195,0.00347,3.303137,Up
GSE39645,HS3ST2,-0.324446,0.00196,0.00348,-3.302588,Down
GSE39645,NPVF,-0.632607,0.00196,0.00348,-3.302489,Down
GSE39645,CCDC39,-0.312524,0.00196,0.00348,-3.302265,Down
GSE39645,ACOT12,-0.39471,0.00196,0.00349,-3.301414,Down
GSE39645,DEFB115,-0.922647,0.00196,0.00349,-3.301266,Down
GSE39645,CNTN1,1.476924,0.00196,0.00349,3.301056,Up
GSE39645,DHRS13,-0.246495,0.00196,0.00349,-3.300981,Down
GSE39645,SLC35C2,0.357051,0.00197,0.00349,3.300487,Up
GSE39645,C7orf55-LUC7L2///LUC7L2,0.359313,0.00197,0.00349,3.300474,Up
GSE39645,NOVA2,-0.317193,0.00197,0.0035,-3.300189,Down
GSE39645,ATP5F1,0.497363,0.00197,0.0035,3.299898,Up
GSE39645,FANCC,-0.353098,0.00197,0.00351,-3.299195,Down
GSE39645,PHF12,0.415697,0.00197,0.00351,3.299089,Up
GSE39645,COL9A1,-0.404667,0.00198,0.00352,-3.297779,Down
GSE39645,GTF2H4,0.278293,0.00198,0.00352,3.297641,Up
GSE39645,FAM133A,-0.364101,0.00198,0.00352,-3.29755,Down
GSE39645,GFRA4,-0.289244,0.00198,0.00352,-3.297391,Down
GSE39645,SYPL1,0.465183,0.00199,0.00353,3.296907,Up
GSE39645,CR2,-0.416291,0.00199,0.00353,-3.296334,Down
GSE39645,VN1R2,-0.417094,0.00199,0.00353,-3.29627,Down
GSE39645,PKP1,-0.31194,0.00199,0.00353,-3.296209,Down
GSE39645,DOK7,-0.245965,0.00199,0.00353,-3.295918,Down
GSE39645,SLC22A9,-0.464569,0.002,0.00355,-3.294856,Down
GSE39645,WNT10A,-0.271911,0.002,0.00355,-3.294578,Down
GSE39645,ASIC2,-0.242828,0.002,0.00355,-3.294085,Down
GSE39645,RCSD1,0.546073,0.002,0.00355,3.293824,Up
GSE39645,CST2,-0.534502,0.00201,0.00356,-3.293316,Down
GSE39645,CILP2,-0.322418,0.00201,0.00356,-3.293175,Down
GSE39645,ZNF534,-0.30112,0.00201,0.00356,-3.293118,Down
GSE39645,TMEM55B,0.228794,0.00201,0.00356,3.29293,Up
GSE39645,DDX20,0.428929,0.00201,0.00356,3.292722,Up
GSE39645,5,0.636991,0.00201,0.00357,3.292336,Up
GSE39645,SAMSN1,1.04591,0.00201,0.00357,3.2919,Up
GSE39645,APEX1,0.449931,0.00202,0.00357,3.291738,Up
GSE39645,LPA,-0.539193,0.00202,0.00357,-3.29169,Down
GSE39645,PAFAH2,0.317428,0.00202,0.00358,3.291398,Up
GSE39645,TECPR2,0.396663,0.00202,0.00358,3.290621,Up
GSE39645,AIM2,0.534043,0.00203,0.00359,3.290079,Up
GSE39645,LRIG3///LRIG3,-0.563511,0.00203,0.00359,-3.289976,Down
GSE39645,JAZF1,0.381132,0.00203,0.00359,3.289566,Up
GSE39645,DPEP1,-0.27872,0.00203,0.00359,-3.289438,Down
GSE39645,CRYGC,-0.252499,0.00203,0.0036,-3.289213,Down
GSE39645,CDCA8,-0.486944,0.00203,0.0036,-3.288867,Down
GSE39645,PNP,-1.119177,0.00203,0.0036,-3.288521,Down
GSE39645,CDCA3,-0.492109,0.00204,0.00361,-3.288028,Down
GSE39645,RANBP17,0.717462,0.00204,0.00361,3.287833,Up
GSE39645,NRDC,0.442964,0.00204,0.00361,3.287781,Up
GSE39645,PROC,-0.26692,0.00204,0.00361,-3.2877,Down
GSE39645,PGR,-0.309937,0.00204,0.00361,-3.287146,Down
GSE39645,TRAPPC9,0.345371,0.00204,0.00361,3.287,Up
GSE39645,AKAP13,0.376779,0.00204,0.00362,3.286917,Up
GSE39645,NT5DC2,-0.501173,0.00205,0.00362,-3.286367,Down
GSE39645,LMAN1,0.665051,0.00205,0.00362,3.286168,Up
GSE39645,WNT3A,-0.238594,0.00205,0.00362,-3.286109,Down
GSE39645,DIXDC1,0.490764,0.00205,0.00362,3.285974,Up
GSE39645,LAYN,0.924023,0.00205,0.00362,3.285938,Up
GSE39645,ARID3A,-0.253565,0.00205,0.00362,-3.285917,Down
GSE39645,MAP3K13,0.371186,0.00205,0.00363,3.285215,Up
GSE39645,PUDP,0.449138,0.00206,0.00363,3.284682,Up
GSE39645,UCN2,-0.391138,0.00206,0.00363,-3.28467,Down
GSE39645,SERPINB8,0.367371,0.00206,0.00364,3.284551,Up
GSE39645,PLET1,-0.720568,0.00206,0.00364,-3.283825,Down
GSE39645,WDR73,0.301221,0.00207,0.00366,3.2825,Up
GSE39645,ATP6V1C2,-0.297374,0.00207,0.00366,-3.282046,Down
GSE39645,FPGS,0.283213,0.00207,0.00366,3.281943,Up
GSE39645,MAP6,0.416745,0.00207,0.00366,3.281863,Up
GSE39645,CDC45,-0.610166,0.00208,0.00367,-3.281447,Down
GSE39645,SFRP5,0.90285,0.00208,0.00367,3.281211,Up
GSE39645,WNT4,-0.301154,0.00208,0.00368,-3.280375,Down
GSE39645,RBM45,0.374149,0.00208,0.00368,3.280326,Up
GSE39645,ELF4,-0.456743,0.00208,0.00368,-3.280124,Down
GSE39645,TMEM229A,-0.387275,0.00208,0.00368,-3.280051,Down
GSE39645,USP15,0.415061,0.00208,0.00368,3.279972,Up
GSE39645,LOC100288637///OTUD7A,-0.333891,0.00209,0.00368,-3.279646,Down
GSE39645,PHF14,0.462288,0.00209,0.00368,3.279548,Up
GSE39645,ZNF568,0.332652,0.00209,0.00368,3.279347,Up
GSE39645,CFAP73,-0.259514,0.00209,0.00369,-3.279123,Down
GSE39645,OSBP,0.301556,0.00209,0.00369,3.278997,Up
GSE39645,MAS1,-0.251641,0.00209,0.00369,-3.278646,Down
GSE39645,C1GALT1,0.758986,0.00209,0.00369,3.278464,Up
GSE39645,MAGED1,0.615617,0.00209,0.00369,3.278293,Up
GSE39645,ACAA1,0.290866,0.00209,0.00369,3.278245,Up
GSE39645,EARS2,-0.170467,0.00209,0.00369,-3.278204,Down
GSE39645,DNAJA3,0.307792,0.00209,0.00369,3.278143,Up
GSE39645,MKS1,0.312634,0.0021,0.00369,3.278067,Up
GSE39645,HSPB11,0.666565,0.0021,0.0037,3.27738,Up
GSE39645,AQP10,-0.390934,0.0021,0.0037,-3.276971,Down
GSE39645,N4BP3,-0.364021,0.0021,0.00371,-3.276779,Down
GSE39645,USP48,0.407102,0.0021,0.00371,3.276613,Up
GSE39645,KLHL10,-0.509122,0.0021,0.00371,-3.276515,Down
GSE39645,RAB38,0.48416,0.0021,0.00371,3.276397,Up
GSE39645,PNISR,0.440154,0.00211,0.00372,3.275776,Up
GSE39645,MAS1L///MAS1L,-0.73679,0.00211,0.00372,-3.275638,Down
GSE39645,FGF3,-0.311132,0.00211,0.00372,-3.275193,Down
GSE39645,C17orf78,-0.487165,0.00211,0.00372,-3.274769,Down
GSE39645,LSG1,0.392976,0.00212,0.00373,3.273834,Up
GSE39645,NODAL,-0.298505,0.00212,0.00374,-3.27334,Down
GSE39645,SEMA4A,-0.336217,0.00213,0.00374,-3.273004,Down
GSE39645,MPL,-0.305991,0.00213,0.00375,-3.272676,Down
GSE39645,MAP3K10,-0.217967,0.00213,0.00375,-3.272601,Down
GSE39645,FGF12,0.747704,0.00213,0.00375,3.272471,Up
GSE39645,PPP1R12A,0.524788,0.00213,0.00375,3.272256,Up
GSE39645,MSMB,-0.538686,0.00213,0.00375,-3.271933,Down
GSE39645,AKAP5,-0.328779,0.00213,0.00375,-3.271915,Down
GSE39645,KRTAP5-6,-0.446164,0.00213,0.00375,-3.271774,Down
GSE39645,1060P11.3///KIR2DS2///KIR3DL3///KIR2DL5A///KIR3DS1///KIR3DL2///KIR3DL1///KIR2DS5///KIR2DS4///KIR2DS3///KIR2DS1///KIR2DL3///KIR2DL2///KIR2DL1///KIR3DS1///KIR3DL2///KIR3DL1///KIR2DS5///KIR2DS3///KIR2DL1,-0.737743,0.00213,0.00375,-3.271673,Down
GSE39645,SCN8A,-0.370569,0.00213,0.00375,-3.271633,Down
GSE39645,PPIAL4C///PPIAL4A///PPIAL4G///PPIA,-0.671304,0.00214,0.00376,-3.271354,Down
GSE39645,S100A4,-0.440792,0.00214,0.00376,-3.270936,Down
GSE39645,CDCA5,-0.455698,0.00214,0.00376,-3.270816,Down
GSE39645,CST8,-0.625207,0.00214,0.00376,-3.270721,Down
GSE39645,TM6SF2,-0.274149,0.00214,0.00376,-3.270609,Down
GSE39645,NDUFAF4,0.647855,0.00214,0.00376,3.270489,Up
GSE39645,ZBTB12,-0.240044,0.00214,0.00377,-3.269819,Down
GSE39645,PSG11,-0.706263,0.00214,0.00377,-3.269792,Down
GSE39645,ACTBL2,-0.654261,0.00215,0.00377,-3.269668,Down
GSE39645,NSDHL,0.565078,0.00215,0.00378,3.269061,Up
GSE39645,MYF6,-0.325641,0.00215,0.00378,-3.268806,Down
GSE39645,KCNH7,-0.351077,0.00215,0.00378,-3.268659,Down
GSE39645,ATP5A1,0.319927,0.00215,0.00378,3.268629,Up
GSE39645,PARK7,0.295073,0.00216,0.00379,3.267839,Up
GSE39645,GAS2L1,-0.249827,0.00216,0.00379,-3.267812,Down
GSE39645,ODF4,-0.543425,0.00216,0.00379,-3.267377,Down
GSE39645,UTP15,0.660589,0.00216,0.00379,3.267267,Up
GSE39645,HTR3D,-0.346586,0.00216,0.0038,-3.266928,Down
GSE39645,RNF215,-0.221332,0.00216,0.0038,-3.266858,Down
GSE39645,HSPA14,0.451718,0.00216,0.0038,3.266816,Up
GSE39645,NAT6///HYAL3,-0.24579,0.00216,0.0038,-3.266767,Down
GSE39645,TUBA1A,0.480781,0.00216,0.0038,3.2665,Up
GSE39645,EFR3A,0.614176,0.00216,0.0038,3.266466,Up
GSE39645,ZNF556,-0.315102,0.00217,0.0038,-3.266168,Down
GSE39645,F2RL3,-0.272379,0.00217,0.00381,-3.265351,Down
GSE39645,ACAA2,0.500523,0.00217,0.00381,3.26514,Up
GSE39645,PPP1R27,-0.307332,0.00217,0.00381,-3.264886,Down
GSE39645,ATIC,0.642057,0.00217,0.00382,3.264778,Up
GSE39645,PTPA,0.433105,0.00218,0.00382,3.264766,Up
GSE39645,PSENEN,0.330146,0.00218,0.00382,3.264274,Up
GSE39645,PRR15,-0.29454,0.00218,0.00383,-3.263401,Down
GSE39645,DNAJB3,-0.282471,0.00218,0.00383,-3.26317,Down
GSE39645,DOC2B,-0.354765,0.00219,0.00383,-3.262926,Down
GSE39645,TMPRSS7,-0.472125,0.00219,0.00384,-3.262399,Down
GSE39645,UXT,0.483986,0.00219,0.00384,3.262298,Up
GSE39645,OTULIN,0.376917,0.00219,0.00384,3.262118,Up
GSE39645,ERO1B,0.446747,0.0022,0.00385,3.261363,Up
GSE39645,PHLDB1,0.396335,0.0022,0.00385,3.261251,Up
GSE39645,TRMT5,0.46487,0.0022,0.00385,3.261163,Up
GSE39645,TRIM39-RPP21///TRIM39,0.229646,0.0022,0.00385,3.260845,Up
GSE39645,RAB25,-0.418104,0.0022,0.00386,-3.260327,Down
GSE39645,HMGN2,0.418268,0.00221,0.00387,3.259637,Up
GSE39645,MRPL37,0.404486,0.00221,0.00387,3.259607,Up
GSE39645,KIAA0753,0.333056,0.00221,0.00387,3.258713,Up
GSE39645,MAP3K7CL,-0.362963,0.00221,0.00387,-3.258674,Down
GSE39645,ENY2,0.646648,0.00221,0.00387,3.258654,Up
GSE39645,SCYL2,0.532966,0.00221,0.00387,3.258632,Up
GSE39645,PBX3,0.402936,0.00221,0.00387,3.258594,Up
GSE39645,FRMPD1,-0.325342,0.00222,0.00388,-3.258219,Down
GSE39645,HAS3,-0.191048,0.00222,0.00388,-3.258098,Down
GSE39645,SDC1,-0.344891,0.00222,0.00388,-3.258018,Down
GSE39645,PDPR,0.456735,0.00222,0.00388,3.257879,Up
GSE39645,SMC2,0.716864,0.00222,0.00388,3.257837,Up
GSE39645,SF3B6,0.45065,0.00222,0.00388,3.257803,Up
GSE39645,MYCL,-0.22941,0.00222,0.00389,-3.257229,Down
GSE39645,LARP1B,0.365051,0.00222,0.00389,3.257089,Up
GSE39645,XIRP2,-0.604368,0.00222,0.00389,-3.257,Down
GSE39645,ARHGAP22,0.47242,0.00223,0.00389,3.256612,Up
GSE39645,PRM2,-0.333634,0.00223,0.00391,-3.255111,Down
GSE39645,SEPP1,0.77303,0.00224,0.00391,3.255002,Up
GSE39645,IPO7,0.604038,0.00224,0.00392,3.254243,Up
GSE39645,ZC3H18,0.324062,0.00224,0.00392,3.254163,Up
GSE39645,GLTPD2,-0.315865,0.00224,0.00392,-3.253835,Down
GSE39645,JSRP1,-0.262057,0.00224,0.00392,-3.253622,Down
GSE39645,TRAPPC6A,0.330185,0.00225,0.00393,3.253067,Up
GSE39645,DHRS7C,-0.326025,0.00225,0.00393,-3.252994,Down
GSE39645,JMY,0.516918,0.00225,0.00393,3.25286,Up
GSE39645,NTN4,1.290066,0.00225,0.00393,3.252682,Up
GSE39645,NEUROD2,-0.319175,0.00226,0.00394,-3.251476,Down
GSE39645,MYLK2,-0.277791,0.00226,0.00395,-3.251392,Down
GSE39645,CSE1L,0.694569,0.00226,0.00395,3.251307,Up
GSE39645,FARSB,0.546431,0.00226,0.00395,3.251173,Up
GSE39645,KMO,0.381619,0.00226,0.00395,3.251161,Up
GSE39645,CKLF-CMTM1///CMTM1///CKLF///RHOQ///CMTM1///CKLF,0.255396,0.00226,0.00395,3.25072,Up
GSE39645,GPI///GPI,0.400238,0.00227,0.00396,3.250056,Up
GSE39645,SMURF1,0.482619,0.00227,0.00397,3.249159,Up
GSE39645,IBTK,0.42465,0.00227,0.00397,3.248901,Up
GSE39645,YLPM1,0.410686,0.00228,0.00397,3.248708,Up
GSE39645,TRIM27,0.395052,0.00228,0.00397,3.248656,Up
GSE39645,RPH3AL,-0.283101,0.00228,0.00397,-3.248642,Down
GSE39645,ERGIC3,0.277026,0.00228,0.00398,3.247685,Up
GSE39645,TDP2,0.376779,0.00228,0.00398,3.247659,Up
GSE39645,TMEFF2,-0.823712,0.00229,0.00399,-3.2472,Down
GSE39645,TGIF2,0.274628,0.00229,0.00399,3.246926,Up
GSE39645,PTPRK,-0.61686,0.00229,0.00399,-3.246777,Down
GSE39645,NFATC4,-0.290687,0.00229,0.004,-3.246205,Down
GSE39645,CDK11A,0.454986,0.0023,0.00401,3.244695,Up
GSE39645,C16orf91,-0.203556,0.0023,0.00401,-3.244694,Down
GSE39645,MST1,0.480221,0.0023,0.00401,3.244653,Up
GSE39645,PRPF31,0.423352,0.0023,0.00401,3.244545,Up
GSE39645,TMPRSS11E,-0.514874,0.00231,0.00402,-3.244055,Down
GSE39645,DMRT2,-0.183309,0.00231,0.00402,-3.244012,Down
GSE39645,GATSL2///GATS,0.654624,0.00231,0.00402,3.243698,Up
GSE39645,S100A7A,-0.539835,0.00231,0.00403,-3.2429,Down
GSE39645,RPF1,0.694015,0.00231,0.00403,3.242663,Up
GSE39645,ZDHHC18///ZDHHC18,-0.392807,0.00232,0.00404,-3.241875,Down
GSE39645,IFNA21///IFNA17///IFNA16///IFNA14///IFNA10///IFNA7///IFNA4,-0.710918,0.00232,0.00404,-3.241743,Down
GSE39645,SYT3,-0.327451,0.00232,0.00404,-3.241619,Down
GSE39645,CLDN12,0.418783,0.00232,0.00405,3.241187,Up
GSE39645,TMEM150A,0.290407,0.00233,0.00405,3.24057,Up
GSE39645,NCOA1,0.547832,0.00233,0.00406,3.240091,Up
GSE39645,CLEC2B,0.598786,0.00233,0.00406,3.240068,Up
GSE39645,DEFB136,-0.761142,0.00233,0.00406,-3.239731,Down
GSE39645,KPNA3,0.520853,0.00233,0.00406,3.239537,Up
GSE39645,UQCRH,0.383055,0.00234,0.00407,3.239379,Up
GSE39645,NT5C1B-RDH14///NT5C1B,-0.237678,0.00234,0.00407,-3.239051,Down
GSE39645,INTS6L,0.306423,0.00234,0.00407,3.238656,Up
GSE39645,AKR1D1,-0.530872,0.00234,0.00408,-3.238281,Down
GSE39645,RTN4RL1,-0.296951,0.00234,0.00408,-3.23816,Down
GSE39645,SLC22A18AS,-0.369379,0.00235,0.00408,-3.237811,Down
GSE39645,HRG,-0.297916,0.00235,0.00408,-3.237734,Down
GSE39645,GGCX,0.382385,0.00235,0.00408,3.237588,Up
GSE39645,PQLC2,0.274219,0.00235,0.00409,3.237419,Up
GSE39645,CIT,0.86439,0.00235,0.00409,3.237004,Up
GSE39645,ATP12A,-0.450657,0.00235,0.00409,-3.236885,Down
GSE39645,NDUFB1,0.303512,0.00236,0.0041,3.236117,Up
GSE39645,ISLR2///ISLR2,-0.280894,0.00236,0.0041,-3.23585,Down
GSE39645,TTC13,0.315567,0.00236,0.00411,3.235265,Up
GSE39645,TACC3,-0.52416,0.00237,0.00412,-3.234042,Down
GSE39645,FAM9B,-0.302603,0.00237,0.00412,-3.233968,Down
GSE39645,MYL10,-0.30539,0.00237,0.00413,-3.233576,Down
GSE39645,ARGFX,-0.466886,0.00238,0.00413,-3.233021,Down
GSE39645,UPK3A,-0.330703,0.00238,0.00413,-3.232917,Down
GSE39645,SLC13A4,-0.421032,0.00238,0.00414,-3.232312,Down
GSE39645,CLDN22,-0.334348,0.00238,0.00414,-3.232141,Down
GSE39645,STMN3,-0.288502,0.00238,0.00414,-3.2321,Down
GSE39645,SIGLEC8,0.746792,0.00238,0.00414,3.23192,Up
GSE39645,HTR6,-0.335781,0.00239,0.00415,-3.23147,Down
GSE39645,LSM11///LSM11,-0.2199,0.00239,0.00415,-3.231424,Down
GSE39645,GNRHR,-0.334283,0.00239,0.00415,-3.231325,Down
GSE39645,IFIT1B,-0.459288,0.0024,0.00417,-3.22978,Down
GSE39645,TJAP1,0.297125,0.0024,0.00417,3.229399,Up
GSE39645,PLAG1,0.351446,0.00241,0.00418,3.228813,Up
GSE39645,IPCEF1///CNKSR3,0.522283,0.00241,0.00419,3.227688,Up
GSE39645,PDHX,0.444017,0.00242,0.0042,3.227156,Up
GSE39645,TAF1,0.294694,0.00242,0.0042,3.226956,Up
GSE39645,POC5,0.363074,0.00242,0.0042,3.226826,Up
GSE39645,SLC9C1,-0.285686,0.00242,0.0042,-3.226413,Down
GSE39645,USF3,0.461169,0.00242,0.0042,3.226409,Up
GSE39645,MED22,0.282218,0.00242,0.00421,3.225991,Up
GSE39645,SMCO1,-0.381007,0.00243,0.00421,-3.225668,Down
GSE39645,CCDC8,-0.332028,0.00243,0.00421,-3.22551,Down
GSE39645,SSX7,-0.662187,0.00243,0.00421,-3.225409,Down
GSE39645,BCKDK,0.575489,0.00243,0.00422,3.225134,Up
GSE39645,MAP3K19,-0.38187,0.00243,0.00422,-3.22507,Down
GSE39645,UCK2,-0.342879,0.00244,0.00422,-3.224488,Down
GSE39645,TRIP13,-0.60846,0.00244,0.00423,-3.224156,Down
GSE39645,KRTAP7-1,-0.517807,0.00244,0.00423,-3.223942,Down
GSE39645,UCP3,-0.217068,0.00244,0.00423,-3.223852,Down
GSE39645,KDM6B,-0.697748,0.00244,0.00423,-3.223781,Down
GSE39645,SPTLC3,-0.55802,0.00244,0.00423,-3.223491,Down
GSE39645,ADAMTSL5,-0.290852,0.00244,0.00424,-3.223146,Down
GSE39645,ZKSCAN5,0.276209,0.00245,0.00424,3.222941,Up
GSE39645,NRN1L,-0.320445,0.00245,0.00424,-3.222849,Down
GSE39645,MRRF,0.321405,0.00245,0.00424,3.222551,Up
GSE39645,SLC27A6,-0.824449,0.00245,0.00424,-3.222215,Down
GSE39645,GTF2E2,0.494595,0.00245,0.00424,3.222198,Up
GSE39645,HNRNPA2B1,0.464628,0.00245,0.00425,3.222128,Up
GSE39645,TOR1AIP2,0.641078,0.00245,0.00425,3.222087,Up
GSE39645,KRTAP19-3,-0.452188,0.00245,0.00425,-3.221615,Down
GSE39645,ASGR2,-0.324604,0.00246,0.00425,-3.221472,Down
GSE39645,PKIA,0.342543,0.00246,0.00426,3.221104,Up
GSE39645,LOXL1,-0.250539,0.00246,0.00426,-3.22076,Down
GSE39645,SPATC1,-0.29371,0.00246,0.00426,-3.220638,Down
GSE39645,PRR20E///PRR20D///PRR20C///PRR20B///PRR20A,-0.377904,0.00247,0.00427,-3.219794,Down
GSE39645,LOC101930169///PRAMEF15///PRAMEF6///PRAMEF11///PRAMEF4///PRAMEF9///PRAMEF5,-1.217618,0.00247,0.00427,-3.219608,Down
GSE39645,RAF1///RAF1,0.37707,0.00247,0.00427,3.219524,Up
GSE39645,1060P11.3///KIR2DS2///KIR2DL5B///KIR3DL3///KIR2DL5A///KIR3DS1///KIR3DL2///KIR3DL1///KIR2DS5///KIR2DS4///KIR2DS3///KIR2DS1///KIR2DL4///KIR2DL3///KIR2DL2///KIR2DL1///KIR3DS1///KIR3DL2///KIR3DL1///KIR2DS5///KIR2DS3///KIR2DL1,-0.782033,0.00247,0.00427,-3.219405,Down
GSE39645,MCF2L2,-0.354161,0.00247,0.00427,-3.219223,Down
GSE39645,NUP85,0.472024,0.00247,0.00427,3.219208,Up
GSE39645,RORA,-0.520268,0.00247,0.00428,-3.219088,Down
GSE39645,BRICD5,-0.217388,0.00248,0.00429,-3.218181,Down
GSE39645,TMEM254,0.411213,0.00248,0.00429,3.218181,Up
GSE39645,BARX1,-0.298005,0.00248,0.00429,-3.218137,Down
GSE39645,UBAP2,0.338644,0.00248,0.00429,3.21786,Up
GSE39645,CTBS,0.418492,0.00249,0.0043,3.216806,Up
GSE39645,ELOVL1,0.663424,0.00249,0.00431,3.21626,Up
GSE39645,HERPUD2,0.275256,0.00249,0.00431,3.215918,Up
GSE39645,AKR1E2,-0.390341,0.0025,0.00431,-3.215591,Down
GSE39645,PHC1,0.261753,0.0025,0.00431,3.215573,Up
GSE39645,PTGR2,0.392485,0.0025,0.00432,3.214945,Up
GSE39645,MAGEE2,-0.413689,0.0025,0.00432,-3.214704,Down
GSE39645,DDX59,0.241185,0.0025,0.00433,3.214491,Up
GSE39645,SPPL2B,0.382316,0.00251,0.00433,3.213844,Up
GSE39645,POLR3G,0.309732,0.00251,0.00433,3.213775,Up
GSE39645,XPR1,0.444525,0.00251,0.00433,3.21371,Up
GSE39645,DLK2,-0.338718,0.00251,0.00434,-3.213564,Down
GSE39645,SENP5,0.386848,0.00251,0.00434,3.213404,Up
GSE39645,POLR2I,0.45024,0.00251,0.00434,3.213009,Up
GSE39645,DMRT3,-0.251736,0.00252,0.00434,-3.212899,Down
GSE39645,DYNAP,-0.556408,0.00252,0.00435,-3.212562,Down
GSE39645,KIAA0895,-0.233334,0.00252,0.00436,-3.211764,Down
GSE39645,ANKLE1,-0.291408,0.00252,0.00436,-3.21165,Down
GSE39645,CYP3A7-CYP3A51P///CYP3A7,-0.394684,0.00252,0.00436,-3.211576,Down
GSE39645,TOMM20L,-0.245634,0.00252,0.00436,-3.211533,Down
GSE39645,TM4SF20,-0.236894,0.00253,0.00436,-3.211071,Down
GSE39645,KIF6,-0.335658,0.00253,0.00436,-3.210806,Down
GSE39645,FAM71E2,-0.328486,0.00253,0.00437,-3.210665,Down
GSE39645,CEP135,0.444297,0.00253,0.00437,3.210194,Up
GSE39645,IL32,-0.388385,0.00254,0.00437,-3.210062,Down
GSE39645,TIAL1,0.295921,0.00254,0.00438,3.20977,Up
GSE39645,IFRD1,0.533373,0.00254,0.00438,3.209633,Up
GSE39645,REEP4,0.440675,0.00254,0.00438,3.209504,Up
GSE39645,PPP1CB,0.472676,0.00255,0.00439,3.208463,Up
GSE39645,BAG6,0.384449,0.00255,0.00439,3.208222,Up
GSE39645,MON2,0.450819,0.00255,0.00439,3.208188,Up
GSE39645,CCDC151,-0.290851,0.00255,0.0044,-3.207858,Down
GSE39645,NAT8L,0.506374,0.00255,0.0044,3.207546,Up
GSE39645,PRELP,-0.987291,0.00255,0.0044,-3.207277,Down
GSE39645,GRAMD1B,0.712662,0.00256,0.00441,3.207035,Up
GSE39645,RAP1B,0.534133,0.00256,0.00441,3.206891,Up
GSE39645,CCNY,0.416304,0.00256,0.00441,3.206703,Up
GSE39645,GNAI3,0.555173,0.00256,0.00441,3.20646,Up
GSE39645,SSX2B///SSX4B///SSX9///SSX8///SSX7///SSX6///SSX3///SSX4///SSX5///SSX2///SSX1///SSX2B///SSX2,-1.438943,0.00257,0.00442,-3.205869,Down
GSE39645,LGALS14,-0.638576,0.00257,0.00443,-3.205206,Down
GSE39645,RIOK1,0.469892,0.00257,0.00443,3.204972,Up
GSE39645,ASB10,-0.259571,0.00257,0.00443,-3.204799,Down
GSE39645,ZNF232,0.415595,0.00258,0.00444,3.20406,Up
GSE39645,SNX29,0.426677,0.00258,0.00444,3.203668,Up
GSE39645,TEN1-CDK3///TEN1,0.300287,0.00258,0.00445,3.203421,Up
GSE39645,GPR132,0.593171,0.00259,0.00445,3.202702,Up
GSE39645,CACNB3,0.521704,0.00259,0.00446,3.202067,Up
GSE39645,ANKRD24,-0.264783,0.00259,0.00446,-3.201981,Down
GSE39645,STYX,0.502321,0.00259,0.00446,3.201945,Up
GSE39645,ABCD1,0.391515,0.00259,0.00446,3.201835,Up
GSE39645,PLCD1,0.406897,0.00259,0.00446,3.201784,Up
GSE39645,PIWIL3,-0.550348,0.0026,0.00447,-3.201476,Down
GSE39645,POLR2F,0.364005,0.0026,0.00447,3.201242,Up
GSE39645,NAA15,0.615939,0.0026,0.00447,3.20109,Up
GSE39645,GFM2,0.445199,0.00261,0.00448,3.199934,Up
GSE39645,BTAF1,0.544886,0.00261,0.00449,3.199607,Up
GSE39645,EXTL3,0.467958,0.00261,0.00449,3.199516,Up
GSE39645,MED6,0.490568,0.00261,0.00449,3.199355,Up
GSE39645,VIPR1,-0.300658,0.00261,0.00449,-3.199275,Down
GSE39645,MEMO1,0.348738,0.00261,0.00449,3.199164,Up
GSE39645,DRG2,0.379841,0.00261,0.00449,3.199157,Up
GSE39645,HINT3,0.455851,0.00261,0.00449,3.199064,Up
GSE39645,TPK1,0.349229,0.00262,0.0045,3.198575,Up
GSE39645,S100A14,-0.505571,0.00262,0.0045,-3.19849,Down
GSE39645,PRPF19,0.371768,0.00262,0.00451,3.197786,Up
GSE39645,MFAP1,0.458659,0.00262,0.00451,3.197707,Up
GSE39645,TBL2,0.24628,0.00263,0.00451,3.197286,Up
GSE39645,NRAS,0.433639,0.00263,0.00451,3.197175,Up
GSE39645,SLC3A1,-0.341474,0.00263,0.00452,-3.196828,Down
GSE39645,MECP2,0.322212,0.00263,0.00452,3.196495,Up
GSE39645,CEACAM7,-0.950504,0.00263,0.00452,-3.196375,Down
GSE39645,HTATSF1,0.589496,0.00263,0.00452,3.196268,Up
GSE39645,KPNA6,0.46298,0.00263,0.00452,3.196255,Up
GSE39645,GPRC5B,-0.864669,0.00264,0.00452,-3.196201,Down
GSE39645,CDK13,0.32782,0.00264,0.00453,3.195897,Up
GSE39645,RAG1,-0.357797,0.00264,0.00454,-3.195078,Down
GSE39645,ASB17,-0.179731,0.00264,0.00454,-3.194976,Down
GSE39645,FGB,-0.53521,0.00264,0.00454,-3.194963,Down
GSE39645,HOXD11,-0.288229,0.00265,0.00455,-3.193544,Down
GSE39645,MARK1,0.433715,0.00266,0.00456,3.192969,Up
GSE39645,OTOA,-0.435582,0.00266,0.00456,-3.192873,Down
GSE39645,FLJ46838,-0.316846,0.00266,0.00456,-3.192705,Down
GSE39645,VAX1,-0.327431,0.00266,0.00457,-3.19232,Down
GSE39645,KRTAP13-1,-0.567951,0.00266,0.00457,-3.192251,Down
GSE39645,MYH7,-0.338827,0.00266,0.00457,-3.192186,Down
GSE39645,CCNE2,-0.551123,0.00267,0.00457,-3.191962,Down
GSE39645,CHST10,0.420548,0.00267,0.00457,3.19194,Up
GSE39645,SEC22A,0.348463,0.00267,0.00457,3.191864,Up
GSE39645,PPID,0.565825,0.00267,0.00458,3.191031,Up
GSE39645,MSL2,0.364355,0.00267,0.00458,3.190967,Up
GSE39645,MAFG,0.414361,0.00267,0.00458,3.19084,Up
GSE39645,CRYGA,-0.334686,0.00268,0.00459,-3.190475,Down
GSE39645,ANKRD35,-0.322052,0.00268,0.00459,-3.190438,Down
GSE39645,CATSPER4,-0.308489,0.00268,0.00459,-3.190085,Down
GSE39645,TST,0.465391,0.00269,0.0046,3.189247,Up
GSE39645,BCL2L15,-0.425311,0.00269,0.0046,-3.18923,Down
GSE39645,ARHGEF3,0.647249,0.00269,0.0046,3.18909,Up
GSE39645,2,-0.697707,0.00269,0.0046,-3.189056,Down
GSE39645,CYP17A1,-0.413057,0.00269,0.00461,-3.18881,Down
GSE39645,CDK12,0.427279,0.00269,0.00461,3.18864,Up
GSE39645,MED15,0.384971,0.0027,0.00462,3.187971,Up
GSE39645,NFS1,0.274835,0.0027,0.00462,3.187948,Up
GSE39645,RNF39,-0.273169,0.0027,0.00462,-3.187905,Down
GSE39645,IL13RA2,-0.479088,0.0027,0.00462,-3.18777,Down
GSE39645,ZNF391,0.321527,0.0027,0.00462,3.187153,Up
GSE39645,ABCG2,0.583826,0.0027,0.00463,3.186808,Up
GSE39645,ACAP3,-0.256541,0.00271,0.00463,-3.18669,Down
GSE39645,PRRX2,-0.273259,0.00271,0.00463,-3.18639,Down
GSE39645,ATP10D,0.392204,0.00271,0.00464,3.186139,Up
GSE39645,NA,-0.28497,0.00271,0.00464,-3.1859,Down
GSE39645,ZNF605,0.377632,0.00271,0.00464,3.185574,Up
GSE39645,PRSS27,-0.24977,0.00272,0.00464,-3.185454,Down
GSE39645,LCTL,0.922881,0.00272,0.00465,3.185015,Up
GSE39645,GGA1,0.353792,0.00272,0.00465,3.184736,Up
GSE39645,CIB2,0.492939,0.00272,0.00465,3.184716,Up
GSE39645,ZNF541,-0.331824,0.00272,0.00465,-3.184579,Down
GSE39645,LENG8,0.466216,0.00272,0.00465,3.184573,Up
GSE39645,FAM175A,0.493956,0.00272,0.00466,3.184153,Up
GSE39645,IFITM5,-0.291797,0.00273,0.00466,-3.183743,Down
GSE39645,RSPRY1,0.525279,0.00273,0.00466,3.183563,Up
GSE39645,CIZ1,0.272985,0.00273,0.00467,3.183333,Up
GSE39645,PDSS1,-0.345451,0.00273,0.00467,-3.183281,Down
GSE39645,STK31,-0.324186,0.00273,0.00467,-3.182881,Down
GSE39645,COA1,0.551202,0.00274,0.00468,3.182444,Up
GSE39645,PVRIG,-0.349135,0.00274,0.00468,-3.181977,Down
GSE39645,GABARAPL2,0.5362,0.00274,0.00468,3.181901,Up
GSE39645,NDUFA5,0.40762,0.00274,0.00468,3.181704,Up
GSE39645,MREG,-0.411391,0.00275,0.00469,-3.181223,Down
GSE39645,NDUFS2,0.389381,0.00275,0.00469,3.181029,Up
GSE39645,NDUFS5///SNORA70///RPL10///DNASE1L1,0.365606,0.00276,0.00472,3.179182,Up
GSE39645,BSPH1,-0.459056,0.00277,0.00472,-3.17887,Down
GSE39645,NSMCE4A,0.308475,0.00277,0.00472,3.178749,Up
GSE39645,HMGA1,-0.387194,0.00277,0.00472,-3.178705,Down
GSE39645,COG7,0.319885,0.00277,0.00472,3.178441,Up
GSE39645,E2F1,-0.285105,0.00277,0.00473,-3.17825,Down
GSE39645,KCNIP1,-0.573992,0.00277,0.00473,-3.178097,Down
GSE39645,MAP2K7,0.365353,0.00277,0.00473,3.178064,Up
GSE39645,CDK7,0.36783,0.00277,0.00473,3.17779,Up
GSE39645,B3GNT8,-0.272365,0.00277,0.00473,-3.177723,Down
GSE39645,ADRM1,0.433984,0.00278,0.00474,3.17735,Up
GSE39645,BIN2,0.625511,0.00278,0.00474,3.177061,Up
GSE39645,METAP2,0.411704,0.00279,0.00475,3.176054,Up
GSE39645,TIPRL,0.531579,0.0028,0.00477,3.174933,Up
GSE39645,CARD16,0.445833,0.0028,0.00477,3.17488,Up
GSE39645,NKX3-2,-0.243759,0.0028,0.00478,-3.174162,Down
GSE39645,CTNNA2,-0.500885,0.0028,0.00478,-3.174122,Down
GSE39645,NXF1,0.362484,0.0028,0.00478,3.174102,Up
GSE39645,DDX55,0.276656,0.0028,0.00478,3.17376,Up
GSE39645,ZMIZ1,0.476776,0.00281,0.00478,3.173585,Up
GSE39645,CBX7,0.44508,0.00281,0.00478,3.173485,Up
GSE39645,DNM2,0.428362,0.00282,0.0048,3.172119,Up
GSE39645,SRR,0.441031,0.00282,0.0048,3.171802,Up
GSE39645,MOS,-0.388503,0.00282,0.00481,-3.171654,Down
GSE39645,MRPS15,0.601057,0.00282,0.00481,3.17141,Up
GSE39645,LTBP1,-0.787274,0.00283,0.00481,-3.171147,Down
GSE39645,CUBN,0.529788,0.00283,0.00482,3.170338,Up
GSE39645,TRPC7,-0.406422,0.00283,0.00482,-3.170211,Down
GSE39645,ATP4A,-0.270467,0.00284,0.00484,-3.169173,Down
GSE39645,PLA1A,-0.484534,0.00284,0.00484,-3.168843,Down
GSE39645,CAPN5,0.414983,0.00284,0.00484,3.168817,Up
GSE39645,CAMKMT,0.326509,0.00285,0.00485,3.168091,Up
GSE39645,NME7,0.559846,0.00285,0.00485,3.168055,Up
GSE39645,LMX1B,-0.303493,0.00285,0.00485,-3.168046,Down
GSE39645,MYF5,-0.275824,0.00285,0.00485,-3.167911,Down
GSE39645,MORF4L2,0.424451,0.00285,0.00485,3.167772,Up
GSE39645,KXD1,0.229159,0.00285,0.00485,3.167772,Up
GSE39645,KHDRBS2,-0.305745,0.00285,0.00485,-3.167673,Down
GSE39645,TTF2,0.386554,0.00285,0.00485,3.167596,Up
GSE39645,UBXN11,0.327283,0.00285,0.00485,3.16757,Up
GSE39645,HNRNPCL2,-0.47922,0.00286,0.00486,-3.167335,Down
GSE39645,RASD2,-0.393623,0.00286,0.00486,-3.167106,Down
GSE39645,ZDHHC1,0.376587,0.00286,0.00487,3.166132,Up
GSE39645,SH2D2A,-0.316606,0.00287,0.00487,-3.165958,Down
GSE39645,TNFSF4,0.661135,0.00287,0.00487,3.165867,Up
GSE39645,WBSCR22,0.287742,0.00287,0.00488,3.165545,Up
GSE39645,FMN2,0.651335,0.00287,0.00488,3.165481,Up
GSE39645,ZNF532,0.419191,0.00287,0.00488,3.165283,Up
GSE39645,LY6E,0.737933,0.00287,0.00488,3.16528,Up
GSE39645,CCNH,0.595101,0.00287,0.00488,3.165046,Up
GSE39645,SYNGR1,0.418716,0.00287,0.00488,3.164902,Up
GSE39645,FANCE,-0.262596,0.00287,0.00488,-3.164894,Down
GSE39645,FER1L5,-0.440729,0.00287,0.00488,-3.164842,Down
GSE39645,GABRG3,-0.482579,0.00288,0.00488,-3.164767,Down
GSE39645,EPM2AIP1,0.492096,0.00288,0.00489,3.164359,Up
GSE39645,SOX21,-0.241335,0.00288,0.0049,-3.163728,Down
GSE39645,CNBP,0.209854,0.00289,0.0049,3.163514,Up
GSE39645,PTPN11,0.415415,0.00289,0.0049,3.163346,Up
GSE39645,TMCO6,0.274124,0.00289,0.00491,3.163016,Up
GSE39645,CENPT,0.240783,0.0029,0.00492,3.161687,Up
GSE39645,KIF3A,0.494215,0.0029,0.00492,3.161633,Up
GSE39645,RASSF10,-0.273781,0.00291,0.00493,-3.160784,Down
GSE39645,KLF2,-0.298861,0.00291,0.00494,-3.160434,Down
GSE39645,MRPL23,0.281867,0.00291,0.00494,3.160342,Up
GSE39645,FAF2,0.464051,0.00291,0.00494,3.16015,Up
GSE39645,MUC13,-0.431473,0.00291,0.00494,-3.160031,Down
GSE39645,SYNE4,-0.290782,0.00291,0.00494,-3.159915,Down
GSE39645,ECHDC3,0.370912,0.00292,0.00495,3.159612,Up
GSE39645,TEKT3,-0.374848,0.00292,0.00495,-3.159513,Down
GSE39645,KRT7,-0.723736,0.00292,0.00495,-3.159375,Down
GSE39645,IP6K1,0.380317,0.00292,0.00496,3.158801,Up
GSE39645,GPR25,-0.246239,0.00293,0.00496,-3.158442,Down
GSE39645,NYNRIN,0.384131,0.00293,0.00496,3.158206,Up
GSE39645,FAM83A,-0.307225,0.00293,0.00497,-3.157821,Down
GSE39645,SRD5A1,-0.263291,0.00293,0.00497,-3.15775,Down
GSE39645,AMIGO3,-0.238623,0.00293,0.00497,-3.157468,Down
GSE39645,KCNE1,-0.34365,0.00293,0.00497,-3.157377,Down
GSE39645,PIP,-0.913825,0.00294,0.00498,-3.157082,Down
GSE39645,TNNI3,-0.275532,0.00295,0.00499,-3.156052,Down
GSE39645,NAA16,0.385948,0.00295,0.00499,3.155996,Up
GSE39645,SLC26A2,0.568401,0.00295,0.005,3.155683,Up
GSE39645,RXFP1,-0.323253,0.00296,0.00501,-3.154891,Down
GSE39645,FXR1,0.678982,0.00296,0.00501,3.154841,Up
GSE39645,PHTF1,0.390874,0.00296,0.00501,3.154746,Up
GSE39645,HSPE1,0.533463,0.00296,0.00501,3.154652,Up
GSE39645,NUDT21,0.573949,0.00296,0.00501,3.154578,Up
GSE39645,TMEM14B,0.43102,0.00296,0.00501,3.154372,Up
GSE39645,MYNN,0.506684,0.00296,0.00501,3.154208,Up
GSE39645,MAEA,0.45306,0.00296,0.00501,3.15414,Up
GSE39645,C7orf55-LUC7L2///FMC1,0.281449,0.00297,0.00502,3.153651,Up
GSE39645,ZNF600,0.349752,0.00297,0.00503,3.153157,Up
GSE39645,SERPINI2,-0.230116,0.00298,0.00504,-3.152382,Down
GSE39645,PNPLA5,-0.305916,0.00298,0.00504,-3.15216,Down
GSE39645,PRPF6,0.427349,0.00298,0.00504,3.1521,Up
GSE39645,EIF2S2,0.409209,0.00298,0.00504,3.152062,Up
GSE39645,GSTP1///GSTP1,0.358154,0.00298,0.00504,3.151972,Up
GSE39645,SLC25A51,0.497761,0.00298,0.00504,3.151697,Up
GSE39645,SYPL2,-0.299135,0.00298,0.00504,-3.151567,Down
GSE39645,ECEL1,-0.320242,0.00298,0.00505,-3.151318,Down
GSE39645,14,-0.294881,0.00299,0.00505,-3.150711,Down
GSE39645,NDUFV1,0.366215,0.00299,0.00506,3.150625,Up
GSE39645,FAM199X,0.333102,0.00299,0.00506,3.150588,Up
GSE39645,NCK2,0.459066,0.00299,0.00506,3.150078,Up
GSE39645,HIST1H4G,-0.247091,0.003,0.00506,-3.150028,Down
GSE39645,ZNF7,0.215957,0.003,0.00507,3.149643,Up
GSE39645,SLC2A13,0.236173,0.003,0.00507,3.149546,Up
GSE39645,CACNA1F,-0.317371,0.003,0.00507,-3.149461,Down
GSE39645,USO1,0.616182,0.003,0.00507,3.149428,Up
GSE39645,SPATA5L1,0.403279,0.003,0.00507,3.149056,Up
GSE39645,APMAP,0.431499,0.00301,0.00508,3.148473,Up
GSE39645,C9orf40,-0.19067,0.00301,0.00509,-3.147903,Down
GSE39645,SERPIND1,-0.381901,0.00302,0.0051,-3.147186,Down
GSE39645,INTS3,0.385668,0.00302,0.0051,3.146708,Up
GSE39645,PSMC3IP,0.421364,0.00302,0.00511,3.146636,Up
GSE39645,BTN2A2,0.409723,0.00302,0.00511,3.146612,Up
GSE39645,NDFIP2,0.402781,0.00303,0.00511,3.14624,Up
GSE39645,LRRC57,0.276416,0.00303,0.00511,3.145856,Up
GSE39645,GAS1,-0.314561,0.00303,0.00512,-3.145373,Down
GSE39645,ADAM9,0.666214,0.00304,0.00513,3.144994,Up
GSE39645,PKD2L2,-0.176936,0.00304,0.00513,-3.144938,Down
GSE39645,CFAP74,-0.249889,0.00304,0.00513,-3.144879,Down
GSE39645,DEPDC5,0.315057,0.00304,0.00513,3.144659,Up
GSE39645,KLHL26,0.310882,0.00304,0.00513,3.144551,Up
GSE39645,STX19,-0.386213,0.00304,0.00513,-3.144319,Down
GSE39645,TXNRD2,0.291555,0.00305,0.00514,3.143655,Up
GSE39645,DIDO1,0.397491,0.00305,0.00515,3.143311,Up
GSE39645,LINC01587,-0.509291,0.00305,0.00515,-3.14323,Down
GSE39645,UGT8,1.108103,0.00305,0.00515,3.143152,Up
GSE39645,KRTAP5-9,-0.386345,0.00305,0.00515,-3.142975,Down
GSE39645,SMIM12,0.279572,0.00306,0.00515,3.142826,Up
GSE39645,SEC31A,0.482968,0.00306,0.00516,3.142457,Up
GSE39645,RUNX1,-0.338765,0.00306,0.00516,-3.14235,Down
GSE39645,ZP1,-0.342006,0.00307,0.00517,-3.141592,Down
GSE39645,ACRC,-0.336788,0.00307,0.00517,-3.14158,Down
GSE39645,SOWAHB,-0.32086,0.00307,0.00517,-3.141374,Down
GSE39645,SLFN13,0.383624,0.00307,0.00517,3.14114,Up
GSE39645,EXTL1,0.602145,0.00307,0.00517,3.141093,Up
GSE39645,NOTUM,-0.281059,0.00307,0.00518,-3.140755,Down
GSE39645,SF3B3,0.452079,0.00307,0.00518,3.140624,Up
GSE39645,CATSPERD,-0.431087,0.00308,0.00518,-3.140438,Down
GSE39645,UNC5CL,-0.324116,0.00308,0.00519,-3.139982,Down
GSE39645,SNRPG,0.56138,0.00308,0.00519,3.139928,Up
GSE39645,TMEM168,0.458542,0.00308,0.00519,3.139736,Up
GSE39645,MIDN,-0.514941,0.00309,0.0052,-3.1389,Down
GSE39645,ZNF254,0.270468,0.0031,0.00521,3.138019,Up
GSE39645,YDJC,-0.241957,0.0031,0.00522,-3.13725,Down
GSE39645,CALML5,-0.366698,0.0031,0.00522,-3.137134,Down
GSE39645,TCF21,-0.353888,0.0031,0.00523,-3.137001,Down
GSE39645,XYLT1,-0.360128,0.00312,0.00525,-3.135642,Down
GSE39645,TMEM95,-0.439378,0.00312,0.00525,-3.135587,Down
GSE39645,PSMB5,0.458107,0.00312,0.00525,3.135503,Up
GSE39645,ATG4B,0.362408,0.00312,0.00525,3.135245,Up
GSE39645,SPSB1,-0.797659,0.00312,0.00525,-3.13518,Down
GSE39645,UBE2I,0.21935,0.00312,0.00525,3.135104,Up
GSE39645,MAMDC4,-0.29561,0.00312,0.00526,-3.134703,Down
GSE39645,BUB1B-PAK6///PAK6,-0.340995,0.00313,0.00526,-3.134614,Down
GSE39645,RAP2C,0.238406,0.00313,0.00526,3.134469,Up
GSE39645,TAT,-0.529522,0.00313,0.00526,-3.134328,Down
GSE39645,OPN1SW,-0.321048,0.00313,0.00527,-3.133843,Down
GSE39645,SH2D4A,-0.448735,0.00313,0.00527,-3.133694,Down
GSE39645,S1PR1,-0.76975,0.00314,0.00528,-3.133094,Down
GSE39645,CDKL2,0.828694,0.00314,0.00528,3.132817,Up
GSE39645,DNAH8,-0.418295,0.00314,0.00528,-3.132808,Down
GSE39645,SARDH,0.352143,0.00314,0.00528,3.132789,Up
GSE39645,ZBTB6,0.271327,0.00314,0.00528,3.132714,Up
GSE39645,WDR26,0.491722,0.00314,0.00528,3.132499,Up
GSE39645,ATP5I,0.210688,0.00315,0.00528,3.132327,Up
GSE39645,HMGN3,0.518493,0.00315,0.00529,3.131787,Up
GSE39645,SP140,0.43678,0.00315,0.00529,3.131557,Up
GSE39645,PROX1,-0.429151,0.00315,0.00529,-3.131499,Down
GSE39645,C4BPA,-0.413261,0.00315,0.0053,-3.131324,Down
GSE39645,PPP1R14C,-0.225932,0.00316,0.0053,-3.131159,Down
GSE39645,FAM122A///FAM122A,0.296919,0.00316,0.00531,3.130592,Up
GSE39645,BEX3,0.37077,0.00317,0.00532,3.129901,Up
GSE39645,GOSR2,0.374505,0.00317,0.00532,3.129585,Up
GSE39645,MAP2K6,-0.369191,0.00317,0.00532,-3.129434,Down
GSE39645,RXFP2,-0.245557,0.00317,0.00532,-3.129375,Down
GSE39645,CCDC6,0.591946,0.00318,0.00533,3.128707,Up
GSE39645,MEA1,0.347195,0.00318,0.00533,3.128595,Up
GSE39645,ATP5L,0.275662,0.00318,0.00534,3.128161,Up
GSE39645,MCPH1,0.227767,0.00318,0.00534,3.128055,Up
GSE39645,APC,0.862801,0.00319,0.00535,3.127249,Up
GSE39645,GGACT,-0.237336,0.00319,0.00535,-3.127211,Down
GSE39645,TAS2R16,-0.803463,0.00319,0.00536,-3.126895,Down
GSE39645,ACSM2B///ACSM2A,-0.491182,0.0032,0.00536,-3.1265,Down
GSE39645,POU2AF1,-0.29412,0.0032,0.00536,-3.126341,Down
GSE39645,GPC1,0.335006,0.0032,0.00536,3.126181,Up
GSE39645,RAB37,-0.296383,0.0032,0.00537,-3.125705,Down
GSE39645,LIG3,0.33041,0.0032,0.00537,3.125578,Up
GSE39645,ANKRD17,0.326951,0.00321,0.00538,3.124903,Up
GSE39645,SLN,-0.753836,0.00321,0.00538,-3.124856,Down
GSE39645,PIGN,0.507805,0.00321,0.00538,3.124666,Up
GSE39645,EIF3K,0.26128,0.00321,0.00538,3.124646,Up
GSE39645,TAF3,0.228543,0.00322,0.00539,3.124106,Up
GSE39645,ARHGDIA,0.502954,0.00322,0.0054,3.1236,Up
GSE39645,DOLPP1,0.310847,0.00322,0.0054,3.12345,Up
GSE39645,PTPN3,-0.410574,0.00323,0.0054,-3.12322,Down
GSE39645,SUPT16H,0.470589,0.00323,0.0054,3.123187,Up
GSE39645,1060P11.3///KIR2DS2///KIR2DL5B///KIR3DL3///KIR2DL5A///KIR3DS1///KIR3DL2///KIR3DL1///KIR2DS5///KIR2DS4///KIR2DS3///KIR2DS1///KIR2DL4///KIR2DL3///KIR2DL2///KIR2DL1///KIR3DS1///KIR3DL2///KIR3DL1///KIR2DS5///KIR2DS3///KIR2DL1,-0.769242,0.00324,0.00543,-3.121583,Down
GSE39645,UQCC3,0.347698,0.00324,0.00543,3.121147,Up
GSE39645,NAT10,0.427257,0.00324,0.00543,3.12101,Up
GSE39645,LRRC4,0.572491,0.00325,0.00544,3.120475,Up
GSE39645,FAM20C,0.408317,0.00325,0.00545,3.119874,Up
GSE39645,NDUFB10,0.449334,0.00326,0.00546,3.119432,Up
GSE39645,KRTAP12-1,-0.273571,0.00326,0.00546,-3.119277,Down
GSE39645,FIP1L1,0.388916,0.00326,0.00546,3.118964,Up
GSE39645,TP53I3,0.412411,0.00326,0.00546,3.118829,Up
GSE39645,SLC12A5,-0.38125,0.00327,0.00547,-3.118366,Down
GSE39645,DLG5,0.375241,0.00327,0.00547,3.118253,Up
GSE39645,PHKB,0.451335,0.00327,0.00547,3.118024,Up
GSE39645,S100A1,-0.851196,0.00327,0.00548,-3.117777,Down
GSE39645,CEP70,0.576719,0.00328,0.00548,3.117566,Up
GSE39645,MRPS7,0.334253,0.00328,0.00548,3.117253,Up
GSE39645,ZNF425,0.319034,0.00328,0.00549,3.116995,Up
GSE39645,NOS1AP,-0.338842,0.00328,0.00549,-3.116982,Down
GSE39645,HIST2H2AA4///HIST2H2AB///HIST2H2AC///HIST2H2AA3,0.485164,0.00328,0.00549,3.116761,Up
GSE39645,GPX8,0.874139,0.00328,0.00549,3.116617,Up
GSE39645,GLRX2,0.357062,0.00329,0.0055,3.116185,Up
GSE39645,PRMT5,0.551103,0.00329,0.0055,3.115774,Up
GSE39645,C3orf36,-0.334055,0.00329,0.00551,-3.115518,Down
GSE39645,GPR22,-0.251934,0.0033,0.00551,-3.115331,Down
GSE39645,GDPD2,-0.64698,0.0033,0.00551,-3.115249,Down
GSE39645,SCNN1D,-0.235019,0.00331,0.00553,-3.114029,Down
GSE39645,TTPA,-0.231959,0.00331,0.00554,-3.113466,Down
GSE39645,NA,-0.3489,0.00331,0.00554,-3.113381,Down
GSE39645,HAT1,0.580221,0.00331,0.00554,3.113242,Up
GSE39645,NA,-0.485261,0.00332,0.00554,-3.113142,Down
GSE39645,TIMM10B,0.228639,0.00332,0.00554,3.112998,Up
GSE39645,ATOH8,0.561554,0.00332,0.00555,3.112542,Up
GSE39645,KATNB1,0.2125,0.00332,0.00555,3.112538,Up
GSE39645,C3orf62,0.371058,0.00332,0.00555,3.112163,Up
GSE39645,LRRC34,-0.297331,0.00333,0.00555,-3.112031,Down
GSE39645,SLBP,0.341997,0.00333,0.00556,3.11185,Up
GSE39645,VCX3B///VCY1B///VCX3A///VCX2///VCX///VCY,-0.300058,0.00333,0.00556,-3.111762,Down
GSE39645,LMO7,-0.753562,0.00333,0.00556,-3.111754,Down
GSE39645,DEFB110,-0.592281,0.00333,0.00556,-3.111664,Down
GSE39645,POC1B,0.544822,0.00333,0.00556,3.111315,Up
GSE39645,AGPS,0.48646,0.00333,0.00556,3.111259,Up
GSE39645,KRTAP12-2,-0.34941,0.00333,0.00556,-3.111248,Down
GSE39645,SYNDIG1L,-0.290211,0.00334,0.00557,-3.110845,Down
GSE39645,SYVN1,0.332066,0.00334,0.00557,3.110388,Up
GSE39645,TFPT,0.363306,0.00334,0.00558,3.109962,Up
GSE39645,FOXB1,-0.293426,0.00335,0.00558,-3.109852,Down
GSE39645,TCERG1,0.392,0.00335,0.00559,3.109348,Up
GSE39645,CYP2F1,-0.38978,0.00335,0.00559,-3.109291,Down
GSE39645,RRP8,0.445883,0.00336,0.0056,3.108398,Up
GSE39645,MSLN,-0.297457,0.00336,0.00561,-3.107902,Down
GSE39645,GPR152,-0.351216,0.00337,0.00561,-3.107485,Down
GSE39645,UBQLN2,0.439295,0.00338,0.00563,3.106155,Up
GSE39645,ERH,0.372712,0.00338,0.00563,3.106105,Up
GSE39645,AFM,-0.286358,0.00338,0.00563,-3.106085,Down
GSE39645,DDX6,0.427744,0.00338,0.00563,3.106034,Up
GSE39645,TAF7,0.445317,0.00338,0.00564,3.105738,Up
GSE39645,GPR156,-0.38618,0.00339,0.00564,-3.105406,Down
GSE39645,LDOC1,0.5098,0.00339,0.00564,3.105296,Up
GSE39645,PLEKHG4,0.392326,0.00339,0.00565,3.105158,Up
GSE39645,KCNJ6,-0.414504,0.00339,0.00565,-3.105133,Down
GSE39645,PRKCQ,-0.332498,0.00339,0.00565,-3.104771,Down
GSE39645,TCF12,0.462823,0.0034,0.00566,3.104106,Up
GSE39645,SAV1,0.506575,0.0034,0.00566,3.103911,Up
GSE39645,RCC1L,-0.221148,0.00341,0.00567,-3.103418,Down
GSE39645,LCN9,-0.267464,0.00341,0.00567,-3.103163,Down
GSE39645,TMA7,0.22782,0.00341,0.00568,3.102934,Up
GSE39645,B3GAT2,-0.280518,0.00341,0.00568,-3.10282,Down
GSE39645,CLDN4,-0.401026,0.00342,0.00569,-3.102206,Down
GSE39645,NIF3L1,0.429457,0.00343,0.0057,3.101317,Up
GSE39645,IVL,-0.33613,0.00343,0.0057,-3.101036,Down
GSE39645,CACNB4,0.709356,0.00343,0.00571,3.100889,Up
GSE39645,SYCE2,-0.294826,0.00344,0.00573,-3.099505,Down
GSE39645,C11orf49,0.383505,0.00344,0.00573,3.099476,Up
GSE39645,SNX5,0.347221,0.00344,0.00573,3.099391,Up
GSE39645,ARTN,-0.280334,0.00344,0.00573,-3.099339,Down
GSE39645,ATG9A,0.430757,0.00345,0.00573,3.099182,Up
GSE39645,FAM120B,0.339813,0.00345,0.00573,3.099127,Up
GSE39645,DDX24,0.315298,0.00345,0.00574,3.098687,Up
GSE39645,PITX3,-0.311961,0.00345,0.00574,-3.098487,Down
GSE39645,EIF4G2,0.445733,0.00346,0.00574,3.098128,Up
GSE39645,MYH7B,-0.249649,0.00346,0.00575,-3.097669,Down
GSE39645,SLC39A1,0.285614,0.00346,0.00575,3.097659,Up
GSE39645,PTGR1,0.504808,0.00346,0.00575,3.097432,Up
GSE39645,CELF1,0.339544,0.00346,0.00575,3.097389,Up
GSE39645,EVX2,-0.273169,0.00347,0.00576,-3.096853,Down
GSE39645,CALR,0.417238,0.00347,0.00576,3.096714,Up
GSE39645,C6orf201,-0.286013,0.00347,0.00577,-3.096497,Down
GSE39645,PTGS2,-0.806193,0.00348,0.00577,-3.095961,Down
GSE39645,RGS16,-0.948315,0.00348,0.00578,-3.095415,Down
GSE39645,SETD7,0.441687,0.00348,0.00579,3.095186,Up
GSE39645,CNOT8,0.338356,0.0035,0.00581,3.093907,Up
GSE39645,IQCE,-0.201294,0.0035,0.00581,-3.093345,Down
GSE39645,BET1L,0.341557,0.0035,0.00582,3.092971,Up
GSE39645,DNMT1,0.415787,0.00351,0.00582,3.092855,Up
GSE39645,CLEC2A,-0.500189,0.00351,0.00582,-3.092819,Down
GSE39645,ZSCAN1,-0.259322,0.00351,0.00583,-3.092357,Down
GSE39645,FCRL6,-0.477024,0.00351,0.00583,-3.092221,Down
GSE39645,SRP54,0.568717,0.00351,0.00583,3.092157,Up
GSE39645,RARS2,0.524818,0.00352,0.00583,3.091856,Up
GSE39645,XKR7,-0.245105,0.00352,0.00583,-3.09179,Down
GSE39645,MAP3K5,0.490254,0.00352,0.00584,3.09142,Up
GSE39645,LPIN1,0.494916,0.00352,0.00585,3.090867,Up
GSE39645,HYDIN,-0.435205,0.00353,0.00585,-3.090767,Down
GSE39645,RPL15,0.321677,0.00353,0.00585,3.09054,Up
GSE39645,TAF7L,-0.309384,0.00353,0.00585,-3.090485,Down
GSE39645,HIST2H2BF///HIST2H2BA,0.520331,0.00353,0.00586,3.090123,Up
GSE39645,ZNF256,0.389082,0.00353,0.00586,3.089979,Up
GSE39645,CERKL///NEUROD1,-0.260487,0.00354,0.00586,-3.089672,Down
GSE39645,HSDL2,0.572888,0.00354,0.00587,3.089463,Up
GSE39645,PSMB11,-0.353002,0.00355,0.00588,-3.088472,Down
GSE39645,KRTAP26-1,-0.636603,0.00355,0.00588,-3.088315,Down
GSE39645,CHST12,-0.232664,0.00356,0.00589,-3.087717,Down
GSE39645,ALX3,-0.225713,0.00356,0.00589,-3.087611,Down
GSE39645,GSE1,0.36009,0.00356,0.0059,3.087224,Up
GSE39645,METTL8,-0.205509,0.00356,0.0059,-3.087209,Down
GSE39645,NPY2R,-0.326803,0.00356,0.0059,-3.087152,Down
GSE39645,PSMG3,0.37691,0.00356,0.0059,3.087002,Up
GSE39645,PRIM1,0.524434,0.00357,0.00591,3.086547,Up
GSE39645,NPM3,-0.298165,0.00357,0.00592,-3.086011,Down
GSE39645,FRAT2,-0.287605,0.00357,0.00592,-3.085903,Down
GSE39645,NEIL2,-0.212154,0.00358,0.00593,-3.085416,Down
GSE39645,FAM110A,-0.263919,0.00358,0.00593,-3.085331,Down
GSE39645,FERD3L,-0.337645,0.00358,0.00593,-3.085135,Down
GSE39645,UBR7,0.506748,0.00359,0.00594,3.084538,Up
GSE39645,TLE2,-0.509482,0.00359,0.00595,-3.083968,Down
GSE39645,POLR2H,0.533825,0.0036,0.00596,3.083312,Up
GSE39645,FOXO3,-0.248002,0.0036,0.00596,-3.083025,Down
GSE39645,FLYWCH1,-0.201699,0.0036,0.00596,-3.082862,Down
GSE39645,SRI,0.368629,0.0036,0.00596,3.082772,Up
GSE39645,TUBGCP4,0.34544,0.0036,0.00596,3.082715,Up
GSE39645,C6orf99,-0.469321,0.00361,0.00597,-3.082635,Down
GSE39645,XBP1,-0.434769,0.00361,0.00598,-3.08189,Down
GSE39645,TOPORS,0.426245,0.00361,0.00598,3.081868,Up
GSE39645,LILRB2,-0.378197,0.00362,0.00598,-3.081525,Down
GSE39645,ARMC2,-0.217064,0.00362,0.00599,-3.08117,Down
GSE39645,IGFL2,-0.361886,0.00362,0.00599,-3.081166,Down
GSE39645,PIKFYVE,0.390615,0.00362,0.00599,3.080798,Up
GSE39645,ZCCHC2,-0.225071,0.00363,0.006,-3.080395,Down
GSE39645,GLDC,-0.552037,0.00363,0.00601,-3.07979,Down
GSE39645,PRSS48,-0.489285,0.00363,0.00601,-3.079751,Down
GSE39645,CSRP1,0.274203,0.00363,0.00601,3.079739,Up
GSE39645,PSAPL1,-0.273878,0.00364,0.00601,-3.079453,Down
GSE39645,PCOLCE,-1.189672,0.00364,0.00601,-3.079412,Down
GSE39645,PTPRE,0.618251,0.00365,0.00603,3.0781,Up
GSE39645,LOC101930169///PRAMEF15///PRAMEF20///PRAMEF6///PRAMEF11///PRAMEF4///PRAMEF9///PRAMEF5,-1.055659,0.00365,0.00603,-3.078076,Down
GSE39645,DENND2A,-0.5335,0.00365,0.00603,-3.078001,Down
GSE39645,RAET1E-AS1,-0.290314,0.00365,0.00604,-3.077814,Down
GSE39645,ZNF696,-0.293915,0.00366,0.00604,-3.077304,Down
GSE39645,KIF15,-0.558987,0.00366,0.00605,-3.077124,Down
GSE39645,TRIM50,-0.299367,0.00366,0.00605,-3.076925,Down
GSE39645,S100A8,-1.259197,0.00366,0.00605,-3.076901,Down
GSE39645,CENPQ,0.339822,0.00367,0.00605,3.076563,Up
GSE39645,ZGPAT///LIME1,-0.224285,0.00367,0.00606,-3.076337,Down
GSE39645,CCAR2,0.440503,0.00367,0.00606,3.076062,Up
GSE39645,HPRT1,0.446412,0.00367,0.00607,3.075705,Up
GSE39645,PRSS38,-0.241319,0.00367,0.00607,-3.075678,Down
GSE39645,EDEM1,0.429928,0.00368,0.00607,3.0753,Up
GSE39645,ZSWIM5,-0.246092,0.00368,0.00608,-3.074795,Down
GSE39645,HDGFL1,-0.274958,0.00368,0.00608,-3.074675,Down
GSE39645,BCAS4,-0.219513,0.00369,0.00608,-3.074482,Down
GSE39645,CDC27,0.43946,0.00369,0.00608,3.074361,Up
GSE39645,CYB5A,0.42121,0.00369,0.00609,3.074233,Up
GSE39645,BEST4,-0.296587,0.00369,0.00609,-3.074043,Down
GSE39645,MAT2B,0.590149,0.00369,0.00609,3.073914,Up
GSE39645,BACH2,0.531187,0.00369,0.00609,3.073734,Up
GSE39645,ACKR2,-0.356333,0.0037,0.0061,-3.07347,Down
GSE39645,ZNF706,0.332693,0.0037,0.0061,3.073139,Up
GSE39645,TBC1D8B,0.477969,0.0037,0.0061,3.073137,Up
GSE39645,PLA2G12AP1///PLA2G12A,0.297174,0.00371,0.00612,3.072228,Up
GSE39645,TAS2R14,-0.317975,0.00371,0.00612,-3.072138,Down
GSE39645,MCRS1,0.291942,0.00371,0.00612,3.071964,Up
GSE39645,ACTA1,-0.327707,0.00371,0.00612,-3.071778,Down
GSE39645,HIST1H2AC,0.462812,0.00372,0.00613,3.071465,Up
GSE39645,NEMP2,0.273168,0.00372,0.00613,3.071452,Up
GSE39645,TMSB4Y,-0.299493,0.00372,0.00613,-3.071225,Down
GSE39645,LZTFL1,0.366662,0.00372,0.00613,3.070943,Up
GSE39645,EDDM3A,-0.614551,0.00372,0.00613,-3.070833,Down
GSE39645,CPSF4L,-0.309791,0.00373,0.00615,-3.069993,Down
GSE39645,ZNF697,-0.240456,0.00373,0.00615,-3.069828,Down
GSE39645,PLEKHG3,0.461071,0.00374,0.00616,3.069262,Up
GSE39645,COX7A2,0.293152,0.00374,0.00616,3.068996,Up
GSE39645,RCBTB2,0.407068,0.00374,0.00617,3.068717,Up
GSE39645,HOXD1,-0.266873,0.00375,0.00617,-3.068557,Down
GSE39645,SGO1,-0.442409,0.00375,0.00617,-3.068543,Down
GSE39645,MUC6,-0.307175,0.00375,0.00617,-3.068269,Down
GSE39645,RAB35,0.331813,0.00375,0.00617,3.06821,Up
GSE39645,PIGX,0.530617,0.00375,0.00617,3.068086,Up
GSE39645,SMARCA2,0.39025,0.00376,0.00619,3.067055,Up
GSE39645,CCNI2,-0.227713,0.00377,0.0062,-3.06629,Down
GSE39645,DNAH6,-0.299185,0.00377,0.0062,-3.066191,Down
GSE39645,CCAR1,0.512875,0.00377,0.00621,3.066036,Up
GSE39645,MOGAT2,-0.264437,0.00379,0.00624,-3.063967,Down
GSE39645,SPICE1,0.473736,0.00379,0.00624,3.063936,Up
GSE39645,SLC35F6///CENPA,-0.452632,0.0038,0.00625,-3.063105,Down
GSE39645,TACO1,0.237724,0.0038,0.00626,3.062924,Up
GSE39645,IFNA21,-0.228423,0.00381,0.00626,-3.062703,Down
GSE39645,SPECC1,0.358329,0.00381,0.00627,3.062082,Up
GSE39645,LRRC31,-0.334711,0.00382,0.00628,-3.06138,Down
GSE39645,RNASEK-C17orf49///C17orf49,0.49076,0.00383,0.00629,3.060937,Up
GSE39645,ZFYVE19,0.239295,0.00383,0.00629,3.060739,Up
GSE39645,TMEM129,0.194824,0.00383,0.0063,3.060224,Up
GSE39645,LLGL2,-0.288047,0.00383,0.0063,-3.060156,Down
GSE39645,RETN,-0.347904,0.00383,0.0063,-3.060105,Down
GSE39645,SUGP2,0.267653,0.00383,0.0063,3.060053,Up
GSE39645,IRS1,0.609884,0.00384,0.00631,3.059672,Up
GSE39645,CARD18,-0.644537,0.00384,0.00631,-3.059328,Down
GSE39645,HAPLN1,-0.312602,0.00384,0.00632,-3.059143,Down
GSE39645,COX4I1,0.217063,0.00384,0.00632,3.059119,Up
GSE39645,GLIPR1L1,-0.231603,0.00384,0.00632,-3.05906,Down
GSE39645,USP38,0.381933,0.00385,0.00632,3.059001,Up
GSE39645,DEFB134,-0.577889,0.00385,0.00633,-3.058244,Down
GSE39645,KLF17,-0.381465,0.00386,0.00633,-3.057895,Down
GSE39645,NAT16,-0.32237,0.00386,0.00633,-3.05788,Down
GSE39645,ZG16B,-0.75402,0.00386,0.00634,-3.057567,Down
GSE39645,PRR27,-0.681151,0.00387,0.00635,-3.056963,Down
GSE39645,ARF5,0.341032,0.00387,0.00635,3.056714,Up
GSE39645,HACD3,0.692856,0.00387,0.00635,3.056573,Up
GSE39645,ABCE1,0.718083,0.00387,0.00635,3.05656,Up
GSE39645,POLR3E,0.286205,0.00387,0.00636,3.056382,Up
GSE39645,IL7,-0.301743,0.00387,0.00636,-3.05637,Down
GSE39645,C5orf45,0.215959,0.00389,0.00639,3.05445,Up
GSE39645,PHYH,0.359377,0.00389,0.00639,3.054395,Up
GSE39645,TXNDC16,0.464206,0.0039,0.0064,3.05375,Up
GSE39645,FANCF///FANCF,0.426229,0.0039,0.0064,3.05369,Up
GSE39645,CAGE1,-0.20092,0.00391,0.00641,-3.053206,Down
GSE39645,HKDC1,0.462503,0.00391,0.00641,3.052835,Up
GSE39645,SSU72,0.297005,0.00391,0.00641,3.05283,Up
GSE39645,SNX16,0.572998,0.00392,0.00642,3.052376,Up
GSE39645,ZBTB25,0.366127,0.00392,0.00642,3.052187,Up
GSE39645,IL22,-0.817831,0.00392,0.00642,-3.052037,Down
GSE39645,PITX2,-0.291498,0.00392,0.00643,-3.051888,Down
GSE39645,ZNF131,0.649839,0.00393,0.00643,3.05139,Up
GSE39645,GLRX3,0.423834,0.00393,0.00644,3.051107,Up
GSE39645,KIAA1549///BRAF///BRAF,0.358486,0.00393,0.00644,3.051053,Up
GSE39645,BRIX1,0.477975,0.00393,0.00644,3.050848,Up
GSE39645,USP12,-0.314089,0.00394,0.00646,-3.049655,Down
GSE39645,LOC101930169///PRAMEF15///PRAMEF20///PRAMEF6///PRAMEF11///PRAMEF4///PRAMEF9///PRAMEF5,-1.120375,0.00395,0.00647,-3.049398,Down
GSE39645,SF3B5,0.352792,0.00395,0.00647,3.048976,Up
GSE39645,SLC16A3,-0.326401,0.00396,0.00648,-3.048672,Down
GSE39645,ST8SIA6,0.917019,0.00396,0.00648,3.04831,Up
GSE39645,GABRB3,-0.449941,0.00396,0.00649,-3.048228,Down
GSE39645,KIAA0895L,-0.26065,0.00396,0.00649,-3.047848,Down
GSE39645,FGL1,-0.348109,0.00396,0.00649,-3.047836,Down
GSE39645,FCRL5,-0.368587,0.00397,0.00649,-3.047752,Down
GSE39645,INHBB///INHBB,-0.239267,0.00397,0.0065,-3.047216,Down
GSE39645,COA7,0.340689,0.00398,0.00651,3.046441,Up
GSE39645,PPIB,0.273928,0.00398,0.00651,3.04639,Up
GSE39645,INSM1,-0.274136,0.00398,0.00651,-3.046318,Down
GSE39645,CLPSL2,-0.260193,0.00398,0.00651,-3.046266,Down
GSE39645,SLC5A7,-0.294391,0.00398,0.00652,-3.046139,Down
GSE39645,FAM216A,0.540874,0.00399,0.00653,3.04539,Up
GSE39645,SPATA25,-0.288808,0.00399,0.00653,-3.045359,Down
GSE39645,PMF1-BGLAP///BGLAP,-0.262068,0.00399,0.00653,-3.045297,Down
GSE39645,FOXL2,-0.288301,0.00399,0.00653,-3.045146,Down
GSE39645,LILRB1,0.529642,0.00399,0.00653,3.045053,Up
GSE39645,SMAD2,0.408914,0.004,0.00654,3.044414,Up
GSE39645,HIST1H2AA,-0.509833,0.004,0.00655,-3.044262,Down
GSE39645,EXOC8,0.354406,0.004,0.00655,3.044196,Up
GSE39645,C9orf116,-0.298624,0.00401,0.00655,-3.044017,Down
GSE39645,PIK3C2B,-0.391741,0.00401,0.00656,-3.043618,Down
GSE39645,ZC3HAV1L,0.524169,0.00402,0.00656,3.04314,Up
GSE39645,HLF,-0.656668,0.00402,0.00656,-3.04311,Down
GSE39645,DEFB106B///DEFB106A,-0.333651,0.00402,0.00656,-3.043096,Down
GSE39645,IGBP1,0.394274,0.00402,0.00657,3.042839,Up
GSE39645,C11orf96,-0.438284,0.00402,0.00657,-3.042647,Down
GSE39645,TMEM51,0.457159,0.00403,0.00658,3.042201,Up
GSE39645,CLOCK,0.519985,0.00403,0.00658,3.0421,Up
GSE39645,HCFC1,0.511049,0.00403,0.00658,3.042008,Up
GSE39645,ACIN1,0.413565,0.00403,0.00658,3.041873,Up
GSE39645,MRPL42,0.653874,0.00404,0.0066,3.040975,Up
GSE39645,RAB11FIP1,-0.316398,0.00404,0.0066,-3.040696,Down
GSE39645,FBXO47,-0.238626,0.00405,0.00661,-3.040299,Down
GSE39645,FAM90A27P,-0.425753,0.00405,0.00661,-3.039977,Down
GSE39645,1060P11.3///KIR2DS2///KIR2DL5B///KIR3DL3///KIR2DL5A///KIR3DS1///KIR3DL2///KIR3DL1///KIR2DS5///KIR2DS4///KIR2DS3///KIR2DS1///KIR2DL4///KIR2DL3///KIR2DL2///KIR2DL1///KIR3DS1///KIR3DL2///KIR3DL1///KIR2DS5///KIR2DS3///KIR2DL1,-0.766219,0.00405,0.00662,-3.039632,Down
GSE39645,ZNF10,0.357209,0.00406,0.00662,3.03932,Up
GSE39645,EML3,0.327875,0.00406,0.00663,3.038888,Up
GSE39645,MS4A2,-0.262037,0.00407,0.00665,-3.037877,Down
GSE39645,NAP1L1,0.526989,0.00407,0.00665,3.037787,Up
GSE39645,TRMT61B,0.483341,0.00408,0.00666,3.03741,Up
GSE39645,HAUS6,0.650054,0.00409,0.00668,3.03612,Up
GSE39645,HECTD3,0.344111,0.0041,0.00668,3.03585,Up
GSE39645,GPS2,0.195203,0.0041,0.00668,3.035838,Up
GSE39645,HIST1H2BC,0.37712,0.0041,0.00669,3.035582,Up
GSE39645,IL21,-0.321035,0.0041,0.00669,-3.035535,Down
GSE39645,NUDT18,-0.225701,0.0041,0.00669,-3.035534,Down
GSE39645,PRR22,-0.31353,0.0041,0.00669,-3.035479,Down
GSE39645,CRIP1,-0.40918,0.0041,0.00669,-3.035328,Down
GSE39645,ATP6V0C,0.432315,0.0041,0.00669,3.035231,Up
GSE39645,STAT4,-0.36528,0.00411,0.0067,-3.034676,Down
GSE39645,GMPS,0.410919,0.00411,0.0067,3.034612,Up
GSE39645,ZNF625-ZNF20///ZNF20,0.311664,0.00411,0.00671,3.034136,Up
GSE39645,BPIFA2,-0.946533,0.00411,0.00671,-3.034102,Down
GSE39645,TSACC,-0.246562,0.00412,0.00671,-3.033715,Down
GSE39645,C15orf57,0.243908,0.00412,0.00672,3.033413,Up
GSE39645,CORO1C,0.457956,0.00412,0.00672,3.033251,Up
GSE39645,LRRC36,-0.479695,0.00413,0.00672,-3.033187,Down
GSE39645,AADAT,0.514471,0.00413,0.00673,3.032446,Up
GSE39645,KCNG2,-0.236053,0.00414,0.00674,-3.032178,Down
GSE39645,SEMG1,-0.630238,0.00414,0.00674,-3.03217,Down
GSE39645,MAGOH,0.39767,0.00414,0.00674,3.03183,Up
GSE39645,PRRT2,-0.365914,0.00414,0.00674,-3.031824,Down
GSE39645,RELT,-0.324008,0.00415,0.00675,-3.031262,Down
GSE39645,FAM186A,-0.539116,0.00416,0.00677,-3.030467,Down
GSE39645,TAS2R38,-0.526966,0.00416,0.00677,-3.030131,Down
GSE39645,NDST2,0.303956,0.00416,0.00678,3.029817,Up
GSE39645,ALB,-0.26942,0.00417,0.00679,-3.029365,Down
GSE39645,POFUT2,0.303023,0.00417,0.00679,3.029149,Up
GSE39645,TTLL13P,-0.334706,0.00418,0.00681,-3.027909,Down
GSE39645,CDC42BPA,0.476733,0.00419,0.00682,3.027209,Up
GSE39645,CCNJL,-0.266778,0.00419,0.00682,-3.027177,Down
GSE39645,STUB1,0.332416,0.0042,0.00683,3.026899,Up
GSE39645,PPP2R1A,0.379678,0.0042,0.00684,3.02623,Up
GSE39645,ZFC3H1,0.42989,0.00421,0.00684,3.026076,Up
GSE39645,NPFF,-0.363871,0.00421,0.00686,-3.025294,Down
GSE39645,UBE2B,0.354272,0.00422,0.00686,3.024827,Up
GSE39645,GLYATL1,-0.356803,0.00422,0.00686,-3.024798,Down
GSE39645,ERICH6B,-0.333321,0.00422,0.00687,-3.024399,Down
GSE39645,FLG,-0.461138,0.00423,0.00687,-3.024353,Down
GSE39645,SLC2A7,-0.27554,0.00423,0.00687,-3.024212,Down
GSE39645,RARRES1,0.848496,0.00423,0.00688,3.023701,Up
GSE39645,TMEM202,-0.298495,0.00423,0.00688,-3.023691,Down
GSE39645,BBS9,0.397887,0.00423,0.00688,3.02359,Up
GSE39645,RNASEK-C17orf49///RNASEK,0.339449,0.00424,0.00689,3.022866,Up
GSE39645,C11orf1,0.424433,0.00424,0.0069,3.022781,Up
GSE39645,ERVW-1,-0.651609,0.00425,0.0069,-3.022605,Down
GSE39645,IFNB1,-0.27904,0.00426,0.00692,-3.021327,Down
GSE39645,RAE1,0.440712,0.00426,0.00692,3.021269,Up
GSE39645,TRAM1L1,0.330076,0.00426,0.00692,3.021227,Up
GSE39645,ALDH1A2,-0.440887,0.00426,0.00693,-3.021022,Down
GSE39645,PDE6H,-0.551935,0.00427,0.00693,-3.020668,Down
GSE39645,ENC1,-0.338434,0.00428,0.00694,-3.020009,Down
GSE39645,ZBTB42,-0.352124,0.00428,0.00695,-3.019729,Down
GSE39645,SAA2-SAA4///SAA4,-0.299814,0.00428,0.00695,-3.019663,Down
GSE39645,EIF4H,0.357848,0.00428,0.00695,3.019596,Up
GSE39645,RBM39,0.467205,0.00428,0.00695,3.019451,Up
GSE39645,BCKDHB,0.554313,0.00428,0.00695,3.019353,Up
GSE39645,1,0.341416,0.00429,0.00696,3.019134,Up
GSE39645,EXOC5,0.432681,0.00429,0.00696,3.019002,Up
GSE39645,ZNF546,0.285662,0.00429,0.00696,3.018719,Up
GSE39645,TRIM74///TRIM73///TRIM50,-0.207121,0.00429,0.00696,-3.018561,Down
GSE39645,DERL3,-0.360343,0.00429,0.00696,-3.01856,Down
GSE39645,IL15,0.281093,0.0043,0.00697,3.018045,Up
GSE39645,ANKRD2,-0.282942,0.0043,0.00698,-3.017516,Down
GSE39645,CHAC1,-0.318082,0.00431,0.00698,-3.01734,Down
GSE39645,8,0.592927,0.00431,0.00698,3.017332,Up
GSE39645,TDRD3,0.458758,0.00431,0.00699,3.017262,Up
GSE39645,NKG7,-0.403811,0.00432,0.00701,-3.01608,Down
GSE39645,GC,-0.237326,0.00432,0.00701,-3.015822,Down
GSE39645,TEPP,-0.242515,0.00433,0.00703,-3.014986,Down
GSE39645,CLSPN,-0.599987,0.00433,0.00703,-3.014909,Down
GSE39645,IPO5,0.496496,0.00434,0.00703,3.014745,Up
GSE39645,EXOSC3,0.592429,0.00434,0.00703,3.014718,Up
GSE39645,FLI1,0.533084,0.00434,0.00703,3.014624,Up
GSE39645,CRISP1,-0.405887,0.00434,0.00703,-3.014554,Down
GSE39645,RFNG,0.254198,0.00435,0.00704,3.013963,Up
GSE39645,PSMA7,0.392373,0.00435,0.00704,3.013782,Up
GSE39645,P2RY6,-0.263368,0.00435,0.00705,-3.013526,Down
GSE39645,KRTAP10-12,-0.343173,0.00435,0.00705,-3.013517,Down
GSE39645,HES7,-0.258262,0.00435,0.00705,-3.01334,Down
GSE39645,RSRP1,0.650833,0.00435,0.00705,3.013191,Up
GSE39645,BNIP3,0.683388,0.00436,0.00706,3.012912,Up
GSE39645,RPL28,0.292488,0.00437,0.00707,3.01226,Up
GSE39645,PTDSS2,0.298504,0.00437,0.00708,3.011958,Up
GSE39645,STON1-GTF2A1L///STON1///GTF2A1L,0.51586,0.00438,0.0071,3.010723,Up
GSE39645,NEUROD6,-0.359282,0.00439,0.00711,-3.009954,Down
GSE39645,PTH2R,-0.391666,0.00439,0.00711,-3.009894,Down
GSE39645,FAAP20,-0.196023,0.00439,0.00711,-3.009843,Down
GSE39645,USP50,-0.273994,0.0044,0.00712,-3.009482,Down
GSE39645,KIAA1524,-0.381643,0.0044,0.00713,-3.009133,Down
GSE39645,CD69,0.693751,0.00441,0.00713,3.008771,Up
GSE39645,ADH5///ADH5,0.334508,0.00441,0.00713,3.008635,Up
GSE39645,PLPP7,-0.245557,0.00441,0.00713,-3.008612,Down
GSE39645,NBPF6///NBPF22P///NBPF4,-0.781515,0.00441,0.00713,-3.008604,Down
GSE39645,XPO4,0.402699,0.00441,0.00714,3.008429,Up
GSE39645,UBE3C,0.358087,0.00441,0.00714,3.008249,Up
GSE39645,MEIS3,-0.283317,0.00442,0.00715,-3.007658,Down
GSE39645,CDC26///FKBP15,0.444493,0.00443,0.00716,3.007252,Up
GSE39645,GOT1L1,-0.369672,0.00443,0.00716,-3.007048,Down
GSE39645,NARFL,0.318918,0.00443,0.00716,3.007014,Up
GSE39645,GLYATL2,-0.388389,0.00443,0.00716,-3.006723,Down
GSE39645,GTPBP3,-0.260495,0.00444,0.00717,-3.006288,Down
GSE39645,TUBE1,0.376731,0.00446,0.00721,3.004186,Up
GSE39645,SHISA9,0.625984,0.00446,0.00721,3.004141,Up
GSE39645,SLC25A15,-0.295387,0.00446,0.00721,-3.004088,Down
GSE39645,ALG3,0.269194,0.00447,0.00722,3.003892,Up
GSE39645,GPR176,0.436156,0.00447,0.00722,3.003751,Up
GSE39645,ZYX,-0.443322,0.00448,0.00724,-3.002876,Down
GSE39645,ADAT3///SCAMP4,0.254682,0.00448,0.00724,3.002639,Up
GSE39645,CEP192,0.490759,0.00448,0.00724,3.002506,Up
GSE39645,ATP5B,0.38426,0.00449,0.00726,3.001514,Up
GSE39645,PAGR1,0.387885,0.0045,0.00726,3.001296,Up
GSE39645,PITX1,-0.24176,0.00451,0.00728,-3.000486,Down
GSE39645,MARCH5,0.372348,0.00451,0.00729,2.999927,Up
GSE39645,WNK1,0.403101,0.00452,0.0073,2.999495,Up
GSE39645,RPS6KA3,0.469034,0.00452,0.0073,2.999057,Up
GSE39645,CDX1,-0.252984,0.00452,0.0073,-2.999025,Down
GSE39645,CTRL,-0.292539,0.00453,0.0073,-2.998989,Down
GSE39645,ZSCAN4,-0.252031,0.00454,0.00733,-2.997788,Down
GSE39645,NA,-0.284061,0.00454,0.00733,-2.997457,Down
GSE39645,ITLN1,-0.320318,0.00455,0.00733,-2.997357,Down
GSE39645,IGLON5,-0.427628,0.00455,0.00733,-2.997335,Down
GSE39645,BCDIN3D,0.264196,0.00455,0.00733,2.997291,Up
GSE39645,ZNF626,0.351879,0.00455,0.00733,2.997283,Up
GSE39645,ACOT1,-0.260739,0.00455,0.00734,-2.996866,Down
GSE39645,NTHL1,0.312482,0.00455,0.00735,2.996639,Up
GSE39645,ZNF677,0.307668,0.00455,0.00735,2.996572,Up
GSE39645,ZNF672,0.254169,0.00456,0.00735,2.996423,Up
GSE39645,HMX3,-0.26355,0.00457,0.00736,-2.995613,Down
GSE39645,TMEM183B///TMEM183A,0.344941,0.00458,0.00738,2.994818,Up
GSE39645,FDFT1///FDFT1,-0.575114,0.00459,0.0074,-2.993957,Down
GSE39645,NA,-1.260393,0.00459,0.0074,-2.99384,Down
GSE39645,PKD1P6-NPIPP1///NPIPA8///NPIPA7///NPIPA5///NPIPB5///NPIPA2///NPIPA3///NPIPB4///PKD1P1///PDXDC2P///NPIPB3///NPIPA1///NPIPB5///NPIPB4///NPIPB3,0.308936,0.00459,0.00741,2.993384,Up
GSE39645,MED21,0.590496,0.0046,0.00741,2.993143,Up
GSE39645,NSUN6,0.342387,0.0046,0.00742,2.992681,Up
GSE39645,MOB3B,-0.50858,0.00461,0.00742,-2.99233,Down
GSE39645,ATP6V0A4,-0.485256,0.00461,0.00743,-2.992009,Down
GSE39645,DNM1L,0.483075,0.00461,0.00743,2.991925,Up
GSE39645,CDKL3,0.39044,0.00461,0.00743,2.991895,Up
GSE39645,ODC1,0.500964,0.00461,0.00743,2.991759,Up
GSE39645,RIPPLY2,-0.199624,0.00461,0.00743,-2.991719,Down
GSE39645,CLPP,0.333582,0.00462,0.00744,2.991451,Up
GSE39645,DISP2,-0.270976,0.00462,0.00745,-2.991001,Down
GSE39645,ALDH7A1,0.489802,0.00463,0.00746,2.990461,Up
GSE39645,AMOTL2,0.561658,0.00463,0.00746,2.990437,Up
GSE39645,TOR3A,0.336052,0.00463,0.00746,2.990432,Up
GSE39645,HIBCH,0.571706,0.00463,0.00746,2.990353,Up
GSE39645,DNALI1,0.389059,0.00464,0.00747,2.989578,Up
GSE39645,C1QTNF6,-0.357017,0.00465,0.00749,-2.988585,Down
GSE39645,PTPRO,0.376608,0.00466,0.0075,2.988214,Up
GSE39645,PIGZ,0.35743,0.00466,0.0075,2.988149,Up
GSE39645,BOLA3,0.340733,0.00466,0.0075,2.98791,Up
GSE39645,CNN1,-0.600764,0.00467,0.00752,-2.987177,Down
GSE39645,C2orf61,-0.370731,0.00467,0.00752,-2.987072,Down
GSE39645,SWI5,0.286254,0.00467,0.00752,2.987037,Up
GSE39645,MICALL1,0.347939,0.00468,0.00752,2.986799,Up
GSE39645,RRAGA,0.475692,0.00469,0.00755,2.985536,Up
GSE39645,FAM46D,-0.188438,0.0047,0.00756,-2.984997,Down
GSE39645,ABR,0.489566,0.00471,0.00757,2.984285,Up
GSE39645,FKBP3,0.557533,0.00471,0.00758,2.983876,Up
GSE39645,CR1L,-0.402101,0.00472,0.00758,-2.983697,Down
GSE39645,LRP1,0.409917,0.00472,0.00758,2.983537,Up
GSE39645,CLIP1,0.348025,0.00472,0.00758,2.983529,Up
GSE39645,MEGF8,0.372172,0.00472,0.00759,2.983156,Up
GSE39645,OTUD6A,-0.329882,0.00474,0.00761,-2.981974,Down
GSE39645,PTF1A,-0.201409,0.00474,0.00761,-2.981955,Down
GSE39645,KCTD17,-0.217045,0.00475,0.00763,-2.981336,Down
GSE39645,RBPJL,-0.306054,0.00475,0.00763,-2.981155,Down
GSE39645,MOCS1,0.250835,0.00475,0.00763,2.981025,Up
GSE39645,VSIG10L,-0.337217,0.00476,0.00764,-2.980425,Down
GSE39645,ZBTB1,0.308955,0.00476,0.00765,2.980272,Up
GSE39645,TNC,-1.062792,0.00476,0.00765,-2.979836,Down
GSE39645,SLC25A2,-0.325735,0.00477,0.00766,-2.97962,Down
GSE39645,GRB10,0.359086,0.00477,0.00766,2.979428,Up
GSE39645,DYNC1I1,-0.349212,0.00477,0.00766,-2.9794,Down
GSE39645,LOC101928068,-0.261587,0.00477,0.00766,-2.979316,Down
GSE39645,AAAS,0.366086,0.00477,0.00766,2.979225,Up
GSE39645,ZNF783///LOC155060,-0.261237,0.00478,0.00767,-2.978935,Down
GSE39645,SPIN2A,-0.312461,0.00478,0.00768,-2.978425,Down
GSE39645,SYDE2,0.523342,0.00478,0.00768,2.978267,Up
GSE39645,CHST1,-0.460433,0.0048,0.00771,-2.976916,Down
GSE39645,KRTAP19-2,-0.73444,0.00481,0.00771,-2.976577,Down
GSE39645,IL10,-0.449322,0.00481,0.00772,-2.976343,Down
GSE39645,WSB2,0.485789,0.00481,0.00772,2.976342,Up
GSE39645,EGLN1,0.250248,0.00481,0.00772,2.976264,Up
GSE39645,WDR45,0.303134,0.00481,0.00772,2.97606,Up
GSE39645,GP1BA,-0.232009,0.00481,0.00772,-2.975963,Down
GSE39645,FBXO9,0.454008,0.00483,0.00774,2.975132,Up
GSE39645,UBE2V2,0.349549,0.00483,0.00774,2.97512,Up
GSE39645,PPP6R3,0.345352,0.00484,0.00776,2.974296,Up
GSE39645,TLE6,-0.312294,0.00484,0.00776,-2.974105,Down
GSE39645,NDUFA7,0.282596,0.00484,0.00776,2.973866,Up
GSE39645,HAAO,0.320085,0.00484,0.00776,2.973753,Up
GSE39645,PCBP1,0.388678,0.00484,0.00777,2.9737,Up
GSE39645,TBC1D26,-0.330056,0.00486,0.00778,-2.972782,Down
GSE39645,SCAF4,0.393768,0.00486,0.00779,2.972225,Up
GSE39645,PABPC1,0.291774,0.00487,0.0078,2.971927,Up
GSE39645,TARS2,0.209922,0.00487,0.0078,2.971732,Up
GSE39645,SETD5,0.386862,0.00487,0.0078,2.971656,Up
GSE39645,TP53BP1,0.320055,0.00488,0.00781,2.971154,Up
GSE39645,BOD1,0.303062,0.00489,0.00783,2.970533,Up
GSE39645,THEM5,-0.319298,0.00489,0.00783,-2.970459,Down
GSE39645,TAS2R20,-0.413087,0.00489,0.00783,-2.970187,Down
GSE39645,SLC6A6,-0.491316,0.0049,0.00784,-2.96972,Down
GSE39645,CNPY4,0.312946,0.00491,0.00786,2.969,Up
GSE39645,EMG1,0.47957,0.00491,0.00786,2.968712,Up
GSE39645,PTCHD3,-0.426239,0.00491,0.00786,-2.968599,Down
GSE39645,FGF21,-0.211855,0.00491,0.00786,-2.968544,Down
GSE39645,PIK3CB,0.489253,0.00491,0.00787,2.968308,Up
GSE39645,COPB2,0.575596,0.00492,0.00788,2.967844,Up
GSE39645,LST1,0.454385,0.00492,0.00788,2.967764,Up
GSE39645,CD300LB,-0.421572,0.00493,0.00789,-2.967321,Down
GSE39645,THOC1,0.337699,0.00493,0.00789,2.967117,Up
GSE39645,LHX3,-0.238898,0.00493,0.00789,-2.967103,Down
GSE39645,PXDC1,0.568957,0.00494,0.0079,2.966771,Up
GSE39645,FGFBP3,-0.248191,0.00494,0.0079,-2.96649,Down
GSE39645,IFT172,0.246382,0.00494,0.0079,2.966471,Up
GSE39645,SPACA3,-0.554615,0.00494,0.0079,-2.966362,Down
GSE39645,GPR27,-0.242332,0.00495,0.00792,-2.965583,Down
GSE39645,TRMU,0.298959,0.00495,0.00792,2.965565,Up
GSE39645,DNAL4,0.304507,0.00496,0.00793,2.965195,Up
GSE39645,RUNX2,0.478047,0.00497,0.00794,2.96429,Up
GSE39645,MIIP,0.242095,0.00498,0.00796,2.963423,Up
GSE39645,PRAM1,0.382953,0.00498,0.00796,2.963418,Up
GSE39645,CCDC166,-0.290335,0.00498,0.00796,-2.963293,Down
GSE39645,MVB12B,0.405835,0.005,0.00799,2.96215,Up
GSE39645,MEF2D,0.377064,0.005,0.00799,2.962139,Up
GSE39645,TERT,-0.217387,0.005,0.00799,-2.961997,Down
GSE39645,NEFL,1.01117,0.005,0.00799,2.961801,Up
GSE39645,KLC3,-0.245144,0.005,0.00799,-2.961698,Down
GSE39645,MFN2,0.291567,0.005,0.00799,2.961589,Up
GSE39645,HSPB9,-0.269878,0.00501,0.008,-2.961187,Down
GSE39645,RAB1A,0.451729,0.00501,0.00801,2.960844,Up
GSE39645,TBPL2,-0.29468,0.00502,0.00802,-2.960252,Down
GSE39645,STK38L,0.548524,0.00503,0.00803,2.959682,Up
GSE39645,UBTF,0.36442,0.00503,0.00803,2.959604,Up
GSE39645,ATP1A3,-0.438942,0.00504,0.00804,-2.959104,Down
GSE39645,GOT2,0.393862,0.00504,0.00805,2.958758,Up
GSE39645,PPIP5K2,0.514302,0.00504,0.00805,2.958754,Up
GSE39645,ALG13,0.32008,0.00505,0.00807,2.958003,Up
GSE39645,EMX1,-0.23144,0.00505,0.00807,-2.957849,Down
GSE39645,PSD2,-0.431889,0.00506,0.00808,-2.957421,Down
GSE39645,ATXN7,0.298667,0.00507,0.00808,2.957062,Up
GSE39645,IGFL3,-0.511507,0.00507,0.00809,-2.956679,Down
GSE39645,WISP2,-0.432306,0.00507,0.00809,-2.95662,Down
GSE39645,VMAC,-0.270154,0.00508,0.00811,-2.955949,Down
GSE39645,GJA10,-0.313773,0.00508,0.00811,-2.955906,Down
GSE39645,TLE3,0.348363,0.00509,0.00812,2.955271,Up
GSE39645,PLEKHD1,-0.272271,0.00509,0.00812,-2.955191,Down
GSE39645,CCDC42,-0.288691,0.00509,0.00812,-2.955139,Down
GSE39645,GRIA1,-0.806594,0.00509,0.00812,-2.95509,Down
GSE39645,RRP36,0.4293,0.00509,0.00812,2.955037,Up
GSE39645,DHX33,0.356745,0.0051,0.00813,2.954496,Up
GSE39645,FGFR3,-0.481867,0.00511,0.00815,-2.953684,Down
GSE39645,BCL3,-0.541618,0.00513,0.00817,-2.952497,Down
GSE39645,MAMSTR,-0.232991,0.00513,0.00818,-2.952221,Down
GSE39645,ACLY,0.518436,0.00514,0.00819,2.951865,Up
GSE39645,DBNDD1,-0.202756,0.00514,0.00819,-2.951755,Down
GSE39645,PRKRA,0.525405,0.00514,0.00819,2.951497,Up
GSE39645,CBY1,0.392622,0.00514,0.0082,2.95136,Up
GSE39645,IQCJ-SCHIP1///IQCJ,-0.352858,0.00514,0.0082,-2.951338,Down
GSE39645,DTHD1,-0.287797,0.00515,0.0082,-2.951159,Down
GSE39645,PRMT3,0.427604,0.00515,0.0082,2.950973,Up
GSE39645,SLC16A8,-0.244214,0.00516,0.00822,-2.94994,Down
GSE39645,C6orf10,-0.386308,0.00516,0.00822,-2.94985,Down
GSE39645,LRRC75B,-0.272464,0.00516,0.00822,-2.949819,Down
GSE39645,MED23,0.403352,0.00517,0.00824,2.949098,Up
GSE39645,GPNMB,0.843659,0.00519,0.00826,2.9481,Up
GSE39645,ZNF41,0.284712,0.0052,0.00827,2.94749,Up
GSE39645,OGN,-1.385973,0.0052,0.00827,-2.947405,Down
GSE39645,ZBBX,-0.313585,0.0052,0.00827,-2.947378,Down
GSE39645,FAM173B,0.58067,0.0052,0.00827,2.947378,Up
GSE39645,UCHL5,0.520832,0.00521,0.00829,2.946658,Up
GSE39645,PMAIP1,-0.540991,0.00522,0.00831,-2.945796,Down
GSE39645,GKAP1,0.482723,0.00522,0.00831,2.945687,Up
GSE39645,GALNT7,0.367492,0.00522,0.00831,2.945669,Up
GSE39645,SLC24A2,1.208451,0.00523,0.00832,2.945331,Up
GSE39645,CHPF2,0.377057,0.00523,0.00832,2.945312,Up
GSE39645,SLC25A37,-0.634553,0.00524,0.00833,-2.944743,Down
GSE39645,LIMS1,0.293601,0.00524,0.00834,2.944308,Up
GSE39645,DNAJC15,0.632168,0.00524,0.00834,2.944131,Up
GSE39645,TMEM41A,0.273743,0.00525,0.00834,2.943925,Up
GSE39645,PMEL,-0.291599,0.00525,0.00834,-2.94391,Down
GSE39645,KLHDC7A,-0.270926,0.00526,0.00836,-2.943104,Down
GSE39645,MEIOC,-0.254472,0.00526,0.00836,-2.942953,Down
GSE39645,HMGN4,0.214158,0.00527,0.00837,2.94246,Up
GSE39645,GALM,0.346054,0.00528,0.00839,2.941459,Up
GSE39645,MRPL54,0.317383,0.0053,0.00842,2.940473,Up
GSE39645,EPGN,-0.257335,0.0053,0.00842,-2.940195,Down
GSE39645,CPLX1,-0.281455,0.0053,0.00842,-2.94006,Down
GSE39645,DCDC2,-0.266907,0.00531,0.00843,-2.939674,Down
GSE39645,GRIA2,-0.859551,0.00531,0.00843,-2.939562,Down
GSE39645,BTBD7,0.336088,0.00531,0.00844,2.939122,Up
GSE39645,SYCN,-0.273434,0.00532,0.00844,-2.939054,Down
GSE39645,LGALS2,-0.472649,0.00532,0.00846,-2.938476,Down
GSE39645,SAP18,0.27006,0.00533,0.00846,2.938261,Up
GSE39645,SPIN1,0.366015,0.00533,0.00847,2.937982,Up
GSE39645,ADGRF1,-0.388068,0.00533,0.00847,-2.937937,Down
GSE39645,SPINT3,-0.712618,0.00533,0.00847,-2.937873,Down
GSE39645,SUSD2,-0.547731,0.00535,0.00849,-2.936645,Down
GSE39645,CCDC34,-0.341754,0.00536,0.0085,-2.936226,Down
GSE39645,HIST1H4H,0.301566,0.00536,0.0085,2.936076,Up
GSE39645,LRRC7,-0.565158,0.00536,0.00851,-2.93591,Down
GSE39645,IQSEC1,0.443696,0.00536,0.00851,2.935905,Up
GSE39645,FTHL17,-0.229314,0.00537,0.00852,-2.93552,Down
GSE39645,ASB6,0.366358,0.00537,0.00852,2.935254,Up
GSE39645,PRELID3A,0.292682,0.00537,0.00852,2.935141,Up
GSE39645,RREB1,0.284142,0.00538,0.00853,2.93486,Up
GSE39645,PLPPR3,-0.253691,0.00538,0.00853,-2.93467,Down
GSE39645,BUB3,0.538204,0.00538,0.00853,2.934498,Up
GSE39645,MIEN1,0.314017,0.00538,0.00854,2.9344,Up
GSE39645,LRP2,-0.655562,0.00538,0.00854,-2.934354,Down
GSE39645,PLBD1,0.519546,0.00539,0.00856,2.933499,Up
GSE39645,MSN,0.312531,0.0054,0.00856,2.933425,Up
GSE39645,ENGASE,0.298095,0.0054,0.00856,2.933291,Up
GSE39645,TMEM261///TMEM261,0.298688,0.0054,0.00856,2.933079,Up
GSE39645,TRPS1,0.599909,0.0054,0.00857,2.932923,Up
GSE39645,COG1,0.245256,0.00541,0.00858,2.932428,Up
GSE39645,MRPS11,0.412133,0.00542,0.00858,2.932075,Up
GSE39645,UQCRB,0.295972,0.00542,0.00859,2.93172,Up
GSE39645,ENAM,-0.620767,0.00542,0.0086,-2.931478,Down
GSE39645,ARSG,0.259263,0.00543,0.00861,2.930718,Up
GSE39645,HSPA4,0.54333,0.00544,0.00862,2.930203,Up
GSE39645,MYH1,-0.364155,0.00545,0.00864,-2.929494,Down
GSE39645,STK25,0.396648,0.00546,0.00864,2.92925,Up
GSE39645,PDE12,0.451449,0.00546,0.00864,2.929224,Up
GSE39645,TNRC6A,0.480351,0.00547,0.00866,2.928542,Up
GSE39645,TCTN2,0.419814,0.00547,0.00866,2.928436,Up
GSE39645,RLN1,-0.315929,0.00547,0.00867,-2.928059,Down
GSE39645,KIF12,-0.278613,0.00548,0.00868,-2.927688,Down
GSE39645,RSPH1,-0.526958,0.00548,0.00868,-2.927371,Down
GSE39645,RIOK2,0.429391,0.00549,0.00869,2.926873,Up
GSE39645,CA5B,0.577041,0.00549,0.00869,2.926864,Up
GSE39645,LMOD3,-0.359479,0.00549,0.00869,-2.926788,Down
GSE39645,PKM,0.325276,0.0055,0.0087,2.926347,Up
GSE39645,C11orf88,-0.247622,0.0055,0.00871,-2.925942,Down
GSE39645,NCBP3,0.294783,0.00551,0.00871,2.925884,Up
GSE39645,ST6GALNAC4,-0.22592,0.00551,0.00871,-2.925834,Down
GSE39645,SPATA31D1///SPATA31D3///SPATA31D4///SPATA31D5P,-0.593663,0.00551,0.00871,-2.925696,Down
GSE39645,IFI27,0.823094,0.00551,0.00872,2.925549,Up
GSE39645,SEC16B,-0.283438,0.00551,0.00872,-2.925317,Down
GSE39645,FOXRED1,0.325514,0.00552,0.00873,2.925081,Up
GSE39645,STX1B,-0.36307,0.00552,0.00873,-2.924866,Down
GSE39645,CDC6,-0.625084,0.00552,0.00873,-2.9247,Down
GSE39645,RBP3,-0.287926,0.00553,0.00875,-2.924013,Down
GSE39645,SESN2,0.37946,0.00553,0.00875,2.923941,Up
GSE39645,KIAA1804,-0.260662,0.00554,0.00875,-2.923777,Down
GSE39645,COL5A2,0.599244,0.00554,0.00875,2.92373,Up
GSE39645,CPT1C,-0.412335,0.00554,0.00875,-2.923728,Down
GSE39645,SORD,-0.379344,0.00554,0.00875,-2.923718,Down
GSE39645,VCPKMT,0.509143,0.00554,0.00876,2.923525,Up
GSE39645,LALBA,-0.493792,0.00554,0.00876,-2.923501,Down
GSE39645,GJB7,-0.723556,0.00554,0.00876,-2.9234,Down
GSE39645,NFATC2IP,0.178099,0.00554,0.00876,2.923233,Up
GSE39645,CDH26,-0.250471,0.00555,0.00877,-2.922893,Down
GSE39645,NOSIP,0.331949,0.00555,0.00877,2.922615,Up
GSE39645,ZNF138,0.38763,0.00556,0.00879,2.921878,Up
GSE39645,SEC24A,0.421173,0.00558,0.00881,2.920971,Up
GSE39645,ITGAE,-0.228427,0.00558,0.00882,-2.920566,Down
GSE39645,DEFB4B///DEFB4A,-1.277123,0.00559,0.00883,-2.919863,Down
GSE39645,EDF1,0.274909,0.00561,0.00885,2.91897,Up
GSE39645,ZNF841,0.430026,0.00561,0.00886,2.918871,Up
GSE39645,AMPH,-0.41483,0.00561,0.00886,-2.918701,Down
GSE39645,STAT5A,0.392216,0.00562,0.00887,2.91813,Up
GSE39645,AFF4,0.40856,0.00562,0.00888,2.917847,Up
GSE39645,KLHDC4,0.243566,0.00563,0.00888,2.917517,Up
GSE39645,RIMKLA,-0.221387,0.00563,0.00889,-2.917196,Down
GSE39645,ERMP1,0.493454,0.00564,0.0089,2.916931,Up
GSE39645,NPTXR,-0.211738,0.00564,0.0089,-2.916747,Down
GSE39645,TPRN,-0.210735,0.00564,0.0089,-2.91668,Down
GSE39645,HCCS,0.381269,0.00564,0.0089,2.916587,Up
GSE39645,WIPF3,-0.310855,0.00564,0.0089,-2.916499,Down
GSE39645,TMEM86B,-0.234219,0.00565,0.00891,-2.916348,Down
GSE39645,HOXB13,-0.264837,0.00565,0.00891,-2.916096,Down
GSE39645,IL22RA1,-0.367972,0.00565,0.00892,-2.915921,Down
GSE39645,RIC3,-0.33249,0.00566,0.00892,-2.915643,Down
GSE39645,OIP5,-0.327451,0.00566,0.00893,-2.915325,Down
GSE39645,NCS1,0.65485,0.00567,0.00893,2.915116,Up
GSE39645,RAB11A,0.508615,0.00567,0.00894,2.914687,Up
GSE39645,FJX1,-0.531258,0.00567,0.00894,-2.914621,Down
GSE39645,GRIN3B,-0.210618,0.00567,0.00894,-2.914601,Down
GSE39645,AOC1,-0.206967,0.00568,0.00896,-2.913931,Down
GSE39645,TGFBR3,-0.618029,0.00571,0.009,-2.912092,Down
GSE39645,SLC26A1,-0.237792,0.00571,0.009,-2.911982,Down
GSE39645,FAM25G///FAM25BP///BMS1P4///AGAP5///FAM25C///FAM25A///AGAP9///AGAP12P///AGAP6///AGAP11///AGAP4///AGAP11,-0.207885,0.00575,0.00905,-2.909817,Down
GSE39645,IPPK,0.345604,0.00576,0.00908,2.908713,Up
GSE39645,IMPDH2,0.424319,0.00577,0.00909,2.908198,Up
GSE39645,MRPS35,0.461199,0.00577,0.00909,2.90804,Up
GSE39645,RUVBL1///RUVBL1,0.5313,0.00578,0.00911,2.907457,Up
GSE39645,MARCH6,0.350473,0.00579,0.00911,2.907188,Up
GSE39645,TM4SF18,-0.542119,0.00579,0.00911,-2.907121,Down
GSE39645,LCE2C,-0.498622,0.00579,0.00912,-2.906671,Down
GSE39645,OPN1LW,-0.332968,0.0058,0.00913,-2.906198,Down
GSE39645,NOL11,0.450417,0.00581,0.00915,2.905691,Up
GSE39645,LMF2,0.370878,0.00584,0.00919,2.903856,Up
GSE39645,MRPL38,0.296807,0.00584,0.00919,2.903839,Up
GSE39645,RAD23B,0.364326,0.00584,0.0092,2.903426,Up
GSE39645,TMSB15A,-0.837556,0.00585,0.0092,-2.903333,Down
GSE39645,LGALS8,0.288329,0.00585,0.00921,2.903015,Up
GSE39645,KRT82,-0.227652,0.00585,0.00921,-2.90291,Down
GSE39645,NTN5,-0.258218,0.00586,0.00922,-2.902513,Down
GSE39645,C2CD4C,-0.294889,0.00586,0.00922,-2.902432,Down
GSE39645,TOMM6///PRICKLE4,-0.202774,0.00586,0.00922,-2.902341,Down
GSE39645,TSEN54,-0.178244,0.00586,0.00922,-2.902253,Down
GSE39645,TRABD2B,-0.310996,0.00587,0.00923,-2.901865,Down
GSE39645,SLC41A2,0.427361,0.00588,0.00924,2.901258,Up
GSE39645,MBOAT1,0.507797,0.00588,0.00925,2.901166,Up
GSE39645,TCTE3,-0.212065,0.00589,0.00926,-2.900721,Down
GSE39645,SCGB2B2,-0.202738,0.00589,0.00927,-2.900287,Down
GSE39645,TSR1,0.427498,0.00591,0.00929,2.89936,Up
GSE39645,NIPSNAP3B,0.318474,0.00591,0.00929,2.899104,Up
GSE39645,AP2A1,0.450402,0.00592,0.0093,2.898832,Up
GSE39645,DCAF1,0.269564,0.00592,0.0093,2.898684,Up
GSE39645,IFNA5,-0.481127,0.00593,0.00932,-2.897713,Down
GSE39645,MAGEA4,-0.306269,0.00594,0.00933,-2.897526,Down
GSE39645,OTUD3,-0.188765,0.00594,0.00934,-2.897042,Down
GSE39645,CFAP43,-0.374784,0.00594,0.00934,-2.897,Down
GSE39645,TBX15,-0.65735,0.00595,0.00935,-2.896631,Down
GSE39645,GPR37L1,0.734903,0.00595,0.00935,2.896503,Up
GSE39645,WDPCP,0.333051,0.00595,0.00935,2.896373,Up
GSE39645,NAPRT,-0.240865,0.00596,0.00936,-2.896251,Down
GSE39645,ADAMTSL2,-0.27992,0.00597,0.00937,-2.895564,Down
GSE39645,NUF2,-0.64542,0.00599,0.0094,-2.894417,Down
GSE39645,CRCT1,-0.244772,0.006,0.00942,-2.893627,Down
GSE39645,CHST7,-0.264798,0.006,0.00942,-2.893485,Down
GSE39645,C10orf107,-0.590416,0.006,0.00942,-2.893476,Down
GSE39645,UBE2D1,0.515271,0.006,0.00942,2.893473,Up
GSE39645,TMEM31,-0.387601,0.006,0.00942,-2.893391,Down
GSE39645,ERGIC1,0.337338,0.00601,0.00943,2.893102,Up
GSE39645,UGT2B17///UGT2B15,-0.521887,0.00601,0.00943,-2.892846,Down
GSE39645,ZNF274,0.285482,0.00601,0.00944,2.892621,Up
GSE39645,SSR3,0.580843,0.00602,0.00944,2.892491,Up
GSE39645,ZNF837,-0.272505,0.00603,0.00946,-2.891762,Down
GSE39645,RANBP3L,-0.670737,0.00603,0.00946,-2.891711,Down
GSE39645,FOXM1,-0.591042,0.00605,0.00948,-2.890658,Down
GSE39645,CDK4,0.429606,0.00606,0.0095,2.889972,Up
GSE39645,AGMAT,-0.266059,0.00606,0.0095,-2.889789,Down
GSE39645,TFR2,-0.335981,0.00607,0.00951,-2.889279,Down
GSE39645,KRTAP21-2,-0.725061,0.00607,0.00951,-2.889249,Down
GSE39645,DDI1,-0.209483,0.00608,0.00953,-2.888557,Down
GSE39645,SLC6A13,-0.412322,0.00608,0.00953,-2.888489,Down
GSE39645,CLRN2,-0.452664,0.00608,0.00954,-2.888238,Down
GSE39645,AGR3,-0.156823,0.0061,0.00956,-2.887318,Down
GSE39645,PASK,-0.292685,0.0061,0.00957,-2.887077,Down
GSE39645,DNAJC10,0.570546,0.00611,0.00958,2.886549,Up
GSE39645,UAP1L1,0.240753,0.00612,0.00958,2.886251,Up
GSE39645,RSRC1,0.43855,0.00612,0.00959,2.886077,Up
GSE39645,PYROXD2,0.311294,0.00613,0.0096,2.885488,Up
GSE39645,TRIM72,-0.243934,0.00613,0.00961,-2.885337,Down
GSE39645,ENG,0.426955,0.00614,0.00961,2.885081,Up
GSE39645,AGPAT5,0.515095,0.00614,0.00962,2.884849,Up
GSE39645,ZNF207,0.376785,0.00614,0.00962,2.884604,Up
GSE39645,LOC100133267///DEFB130,-0.738771,0.00615,0.00964,-2.883998,Down
GSE39645,ATXN7L3,0.373434,0.00616,0.00965,2.883543,Up
GSE39645,NA,-0.241618,0.00617,0.00965,-2.883257,Down
GSE39645,RALY,0.323763,0.00617,0.00966,2.883145,Up
GSE39645,TIMM13,0.399816,0.00617,0.00966,2.883011,Up
GSE39645,INSL4,-0.662957,0.00618,0.00967,-2.882308,Down
GSE39645,IFNLR1,0.412031,0.00618,0.00967,2.882289,Up
GSE39645,STXBP2,0.502172,0.00619,0.00969,2.881657,Up
GSE39645,VTI1A,0.238996,0.00619,0.00969,2.88156,Up
GSE39645,SPON2,0.572864,0.0062,0.0097,2.881011,Up
GSE39645,CSK,0.300524,0.0062,0.0097,2.881001,Up
GSE39645,HSFX1///HSFX2,-0.302595,0.00621,0.00971,-2.880581,Down
GSE39645,BBC3,-0.221494,0.00622,0.00973,-2.87975,Down
GSE39645,ATP5S,0.243655,0.00623,0.00975,2.879301,Up
GSE39645,PPP1R3C,-0.547494,0.00624,0.00977,-2.878409,Down
GSE39645,ZNF709,0.302837,0.00625,0.00977,2.878183,Up
GSE39645,EPS8L2,0.366477,0.00625,0.00977,2.878064,Up
GSE39645,EIF3M,0.489181,0.00625,0.00977,2.878054,Up
GSE39645,CALML6,-0.272595,0.00626,0.00979,-2.877302,Down
GSE39645,SPINK14,-0.301796,0.00627,0.0098,-2.876956,Down
GSE39645,NFAT5,0.389796,0.00627,0.0098,2.876918,Up
GSE39645,SMUG1,0.228624,0.00627,0.0098,2.876808,Up
GSE39645,MTF2,0.380434,0.00627,0.00981,2.876665,Up
GSE39645,POLR3B,0.281694,0.00627,0.00981,2.87663,Up
GSE39645,POTEB3///LOC102723502///POTEB///LOC100288966///POTEB2///POTEF///POTEJ///POTEM///POTEE///POTEKP///POTEG///POTEC///POTED///POTEH,-0.644378,0.00628,0.00982,-2.876002,Down
GSE39645,KIAA0586,0.436708,0.00629,0.00983,2.875718,Up
GSE39645,RGL2,0.320853,0.0063,0.00985,2.874893,Up
GSE39645,C20orf141,-0.278113,0.0063,0.00985,-2.874833,Down
GSE39645,SERPINF2,-0.229642,0.00631,0.00986,-2.874491,Down
GSE39645,PDE10A,-0.514003,0.00631,0.00986,-2.874417,Down
GSE39645,CFAP206,-0.247298,0.00633,0.00989,-2.873324,Down
GSE39645,BMP10,-0.654791,0.00633,0.00989,-2.873236,Down
GSE39645,TRAPPC3,0.370235,0.00633,0.00989,2.873109,Up
GSE39645,SULF1,-0.845669,0.00634,0.00991,-2.872407,Down
GSE39645,TTC14,0.498579,0.00637,0.00994,2.871027,Up
GSE39645,CECR6,-0.228932,0.00637,0.00994,-2.87101,Down
GSE39645,FOSL1,-0.649133,0.00637,0.00994,-2.870988,Down
GSE39645,ESYT2,0.372332,0.00637,0.00994,2.870896,Up
GSE39645,PKDCC,-0.54709,0.00637,0.00994,-2.87083,Down
GSE39645,COPG1,0.478949,0.0064,0.00999,2.869217,Up
GSE39645,PCBD1,0.372974,0.0064,0.00999,2.869088,Up
GSE39645,C5orf64,-0.624558,0.00641,0.01,-2.868672,Down
GSE39645,ADAT1,0.26217,0.00641,0.01,2.868543,Up
GSE39645,KIAA1211L,-0.207397,0.00641,0.01,-2.868376,Down
GSE39645,GBF1,0.397518,0.00641,0.01,2.868243,Up
GSE39645,VAV1,0.43065,0.00642,0.01,2.86812,Up
GSE39645,PSG10P///PSG8///PSG11///PSG9///PSG7///PSG6///PSG5///PSG4///PSG3///PSG2///PSG1,-1.117413,0.00642,0.01,-2.86771,Down
GSE39645,TAS2R50,-0.341223,0.00643,0.01,-2.867165,Down
GSE39645,FLNC,-0.774877,0.00643,0.01,-2.867118,Down
GSE39645,FEV,-0.250656,0.00644,0.01,-2.866469,Down
GSE39645,ARAP3,-0.22783,0.00647,0.0101,-2.865239,Down
GSE39645,DCAF10,0.314213,0.00647,0.0101,2.864997,Up
GSE39645,MAPKAP1,0.447082,0.00647,0.0101,2.864995,Up
GSE39645,NUCKS1,0.357783,0.00648,0.0101,2.864436,Up
GSE39645,TXLNB,-0.53951,0.00648,0.0101,-2.864319,Down
GSE39645,REXO4,0.27947,0.00648,0.0101,2.864164,Up
GSE39645,APOBEC2,-0.341005,0.00649,0.0101,-2.863893,Down
GSE39645,GPR31,-0.300122,0.00649,0.0101,-2.86388,Down
GSE39645,PPP1R3A,-0.375246,0.00649,0.0101,-2.863583,Down
GSE39645,NFIC,0.29691,0.0065,0.0101,2.863512,Up
GSE39645,CIDEB,0.251803,0.0065,0.0101,2.862945,Up
GSE39645,PAPSS1,0.465456,0.00651,0.0101,2.862634,Up
GSE39645,FLCN,0.264602,0.00652,0.0101,2.862261,Up
GSE39645,FGF19,-0.300728,0.00652,0.0101,-2.862249,Down
GSE39645,POLG,0.221244,0.00653,0.0102,2.861457,Up
GSE39645,ST7L,0.270657,0.00654,0.0102,2.86094,Up
GSE39645,SPINK7,-0.299194,0.00654,0.0102,-2.860732,Down
GSE39645,KMT5C,-0.208515,0.00655,0.0102,-2.860466,Down
GSE39645,FKBP9,0.296022,0.00655,0.0102,2.860137,Up
GSE39645,TCHH,-0.26156,0.00656,0.0102,-2.859902,Down
GSE39645,CALR3,-0.317425,0.00656,0.0102,-2.859788,Down
GSE39645,TMEM236,-0.366467,0.00656,0.0102,-2.8596,Down
GSE39645,RAB4B-EGLN2///EGLN2,0.235192,0.00656,0.0102,2.859455,Up
GSE39645,NPL,0.665597,0.00657,0.0102,2.859365,Up
GSE39645,PRAC1,-0.208252,0.00657,0.0102,-2.859351,Down
GSE39645,TMEM27,-0.236089,0.00657,0.0102,-2.859253,Down
GSE39645,HFE2,-0.2848,0.00658,0.0102,-2.858324,Down
GSE39645,CDC37L1,0.58535,0.00659,0.0103,2.857911,Up
GSE39645,ATAD3A,-0.195143,0.00661,0.0103,-2.857002,Down
GSE39645,CEBPE,-0.28058,0.00661,0.0103,-2.856995,Down
GSE39645,C14orf1,0.340251,0.00661,0.0103,2.856986,Up
GSE39645,SLC29A3,0.327004,0.00661,0.0103,2.856763,Up
GSE39645,STT3A,0.437334,0.00661,0.0103,2.856613,Up
GSE39645,MANSC1,0.603804,0.00662,0.0103,2.856434,Up
GSE39645,NR2C2,0.193263,0.00663,0.0103,2.855978,Up
GSE39645,TMED2,0.320215,0.00663,0.0103,2.855846,Up
GSE39645,NHLH2,-0.177838,0.00663,0.0103,-2.855817,Down
GSE39645,HORMAD1,-0.265418,0.00663,0.0103,-2.855623,Down
GSE39645,TRDMT1,0.251146,0.00663,0.0103,2.85562,Up
GSE39645,CAPN15,-0.210885,0.00663,0.0103,-2.855571,Down
GSE39645,TMPRSS11B,-0.260974,0.00665,0.0103,-2.85476,Down
GSE39645,PLP2,0.365677,0.00665,0.0103,2.854453,Up
GSE39645,ZC2HC1B,-0.470322,0.00665,0.0103,-2.854408,Down
GSE39645,PKN3,-0.211683,0.00665,0.0103,-2.854377,Down
GSE39645,AGAP5///AGAP9///AGAP12P///AGAP6///AGAP11///AGAP4,0.34502,0.00666,0.0103,2.854233,Up
GSE39645,ASUN,0.537506,0.00666,0.0103,2.854207,Up
GSE39645,USP19,0.208235,0.00666,0.0103,2.853825,Up
GSE39645,PDC,-0.275206,0.00668,0.0104,-2.852875,Down
GSE39645,APOBEC3D,0.28899,0.00674,0.0105,2.849481,Up
GSE39645,RPL36AL,0.277015,0.00675,0.0105,2.849114,Up
GSE39645,VARS,0.39186,0.00675,0.0105,2.849,Up
GSE39645,ORAI2,0.318004,0.00676,0.0105,2.848596,Up
GSE39645,DIS3,0.345072,0.00676,0.0105,2.848427,Up
GSE39645,BTLA,-0.343686,0.00676,0.0105,-2.848325,Down
GSE39645,DARS,0.42036,0.00676,0.0105,2.848241,Up
GSE39645,CD8B///CD8B,-0.343798,0.00677,0.0105,-2.8476,Down
GSE39645,CBX2,-0.221768,0.00677,0.0105,-2.847559,Down
GSE39645,WASF3,-0.439266,0.00678,0.0105,-2.847258,Down
GSE39645,MAML3,0.389259,0.00678,0.0105,2.847174,Up
GSE39645,TRAF1,0.414744,0.00679,0.0105,2.846446,Up
GSE39645,RUNDC1,0.211436,0.00679,0.0105,2.846404,Up
GSE39645,CD180,0.632066,0.0068,0.0105,2.846159,Up
GSE39645,OTP,-0.214306,0.00681,0.0106,-2.845511,Down
GSE39645,SPDYE4,-0.452922,0.00682,0.0106,-2.844924,Down
GSE39645,TOMM5///FBXO10///TOMM5,0.229831,0.00682,0.0106,2.84487,Up
GSE39645,GRK7,-0.219764,0.00683,0.0106,-2.844569,Down
GSE39645,MMACHC,-0.24674,0.00683,0.0106,-2.844564,Down
GSE39645,MYOT,0.580357,0.00683,0.0106,2.84441,Up
GSE39645,KBTBD7,0.437654,0.00684,0.0106,2.844023,Up
GSE39645,EXOSC4,0.307928,0.00684,0.0106,2.843809,Up
GSE39645,DMPK,0.259112,0.00685,0.0106,2.843289,Up
GSE39645,PRRC2A,0.310552,0.00685,0.0106,2.843138,Up
GSE39645,MELTF,-0.287551,0.00685,0.0106,-2.843131,Down
GSE39645,AIFM1,0.46834,0.00686,0.0106,2.842808,Up
GSE39645,GYPB,-0.693606,0.00686,0.0106,-2.842462,Down
GSE39645,RECQL4,-0.235488,0.00688,0.0107,-2.841554,Down
GSE39645,MARCH9,0.217258,0.00689,0.0107,2.841232,Up
GSE39645,PP12613,0.595148,0.00691,0.0107,2.840211,Up
GSE39645,PRH1-PRR4///PRR4,-0.591054,0.00693,0.0107,-2.839044,Down
GSE39645,DCAF5,0.247141,0.00694,0.0107,2.838302,Up
GSE39645,SSR4,0.372647,0.00697,0.0108,2.83684,Up
GSE39645,PLRG1,0.49828,0.00697,0.0108,2.836784,Up
GSE39645,RNF26,0.374587,0.00697,0.0108,2.836773,Up
GSE39645,CPNE7,-0.249279,0.00699,0.0108,-2.835804,Down
GSE39645,PCDHB1,-0.479222,0.00699,0.0108,-2.83567,Down
GSE39645,PSD,-0.252974,0.00699,0.0108,-2.83536,Down
GSE39645,OLIG3,-0.298191,0.007,0.0108,-2.835174,Down
GSE39645,POLDIP2,0.309648,0.007,0.0108,2.834802,Up
GSE39645,C16orf52,0.296269,0.00701,0.0108,2.834737,Up
GSE39645,ZNF492,-0.266332,0.00701,0.0108,-2.834609,Down
GSE39645,PPIL1,0.276612,0.00701,0.0108,2.834273,Up
GSE39645,SPDYE16///SPDYE2B///SPDYE6///SPDYE8P///SPDYE2///SPDYE3///SPDYE7P///SPDYE1,-0.446387,0.00702,0.0109,-2.834063,Down
GSE39645,GRTP1,-0.284078,0.00703,0.0109,-2.833659,Down
GSE39645,FANCM,0.317395,0.00704,0.0109,2.833117,Up
GSE39645,SLC2A10,-0.204081,0.00704,0.0109,-2.833043,Down
GSE39645,UNC5B,0.440661,0.00704,0.0109,2.832908,Up
GSE39645,VN1R4,-0.858561,0.00704,0.0109,-2.832828,Down
GSE39645,REL,0.609827,0.00705,0.0109,2.832478,Up
GSE39645,CSNK2A3///CSNK2A1,0.271957,0.00705,0.0109,2.832477,Up
GSE39645,TCEAL3,0.285294,0.00706,0.0109,2.831822,Up
GSE39645,TBX6,-0.243362,0.00708,0.0109,-2.830881,Down
GSE39645,AMBRA1,0.186411,0.00708,0.0109,2.830495,Up
GSE39645,TAC1,-0.892088,0.0071,0.011,-2.82971,Down
GSE39645,HMX2,-0.205501,0.0071,0.011,-2.829666,Down
GSE39645,LIPT2,-0.213994,0.0071,0.011,-2.829606,Down
GSE39645,EIF2D,0.376008,0.0071,0.011,2.829408,Up
GSE39645,PRH2,-0.844584,0.00711,0.011,-2.829325,Down
GSE39645,TAS2R5,-0.275417,0.00713,0.011,-2.827927,Down
GSE39645,TRIM46,-0.20824,0.00713,0.011,-2.827844,Down
GSE39645,HIST4H4,0.380684,0.00716,0.0111,2.826288,Up
GSE39645,LYST,0.388364,0.00717,0.0111,2.82608,Up
GSE39645,FAM184A,0.439589,0.00717,0.0111,2.825885,Up
GSE39645,PITPNM1,0.300922,0.00717,0.0111,2.825823,Up
GSE39645,PRAMEF14///PRAMEF34P///PRAMEF36P///PRAMEF2///PRAMEF1,-0.719171,0.00718,0.0111,-2.825362,Down
GSE39645,CHIC1,0.352392,0.00718,0.0111,2.825183,Up
GSE39645,TMPRSS11F,-0.30055,0.0072,0.0111,-2.82402,Down
GSE39645,TMEM196,-0.278121,0.00722,0.0111,-2.823444,Down
GSE39645,PPP2R5E,0.277601,0.00723,0.0111,2.822939,Up
GSE39645,AQP8,-0.325087,0.00723,0.0112,-2.822435,Down
GSE39645,ATP2B1,-0.45961,0.00724,0.0112,-2.822297,Down
GSE39645,MRPL34,0.256155,0.00724,0.0112,2.822157,Up
GSE39645,NOSTRIN,-0.592611,0.00724,0.0112,-2.821954,Down
GSE39645,NNMT,-0.935767,0.00725,0.0112,-2.821708,Down
GSE39645,PLEKHA7,0.481663,0.00725,0.0112,2.821675,Up
GSE39645,TSPAN14,0.379798,0.00726,0.0112,2.820986,Up
GSE39645,CCDC172,-0.188556,0.00726,0.0112,-2.820854,Down
GSE39645,CFDP1,0.44864,0.00728,0.0112,2.820002,Up
GSE39645,TRMT11,0.3735,0.00729,0.0112,2.819399,Up
GSE39645,HBQ1,-0.249267,0.0073,0.0113,-2.818911,Down
GSE39645,WDR12,0.476339,0.0073,0.0113,2.818865,Up
GSE39645,MMP13,-0.36225,0.00735,0.0113,-2.81634,Down
GSE39645,ANO7,-0.233444,0.00735,0.0113,-2.816138,Down
GSE39645,WWC2,0.456225,0.00736,0.0113,2.816041,Up
GSE39645,1,0.375041,0.00736,0.0113,2.81592,Up
GSE39645,FAM19A2,-0.32394,0.00736,0.0113,-2.815868,Down
GSE39645,RRH,-0.319885,0.00737,0.0113,-2.815555,Down
GSE39645,CLDN17,-0.255705,0.00737,0.0113,-2.815544,Down
GSE39645,EPB41L1,-0.263693,0.00738,0.0114,-2.814709,Down
GSE39645,AVPR1B,-0.26244,0.0074,0.0114,-2.81372,Down
GSE39645,CUL9,0.214601,0.0074,0.0114,2.813636,Up
GSE39645,SUOX,0.198028,0.00741,0.0114,2.813295,Up
GSE39645,CARD14,-0.244719,0.00742,0.0114,-2.812819,Down
GSE39645,INHA,-0.351757,0.00742,0.0114,-2.812794,Down
GSE39645,SRSF10,0.38578,0.00742,0.0114,2.812689,Up
GSE39645,C16orf72,0.290908,0.00742,0.0114,2.812612,Up
GSE39645,NDUFA11,0.368073,0.00742,0.0114,2.812566,Up
GSE39645,C11orf80,0.359224,0.00743,0.0114,2.812186,Up
GSE39645,ZNF808,0.308198,0.00743,0.0114,2.812145,Up
GSE39645,TCF3,-0.218802,0.00743,0.0114,-2.812049,Down
GSE39645,GMEB2,-0.209283,0.00743,0.0114,-2.812001,Down
GSE39645,GPA33,-0.257097,0.00745,0.0115,-2.811213,Down
GSE39645,SC5D,0.651222,0.00745,0.0115,2.810969,Up
GSE39645,MEX3B,-0.23193,0.00746,0.0115,-2.810615,Down
GSE39645,HIST1H2BO,-0.306064,0.00747,0.0115,-2.810203,Down
GSE39645,MAGOHB,0.426868,0.00749,0.0115,2.809108,Up
GSE39645,CATSPER2,0.254047,0.00749,0.0115,2.808933,Up
GSE39645,SERINC5,0.418348,0.0075,0.0115,2.808677,Up
GSE39645,MTUS1,0.444693,0.0075,0.0115,2.808495,Up
GSE39645,SOX14,-0.332386,0.00751,0.0115,-2.808068,Down
GSE39645,ATXN10,0.472522,0.00751,0.0116,2.808021,Up
GSE39645,SLCO2A1,-0.499755,0.00752,0.0116,-2.807637,Down
GSE39645,ANKRD26,0.361291,0.00752,0.0116,2.807549,Up
GSE39645,MCMBP,0.322782,0.00752,0.0116,2.80742,Up
GSE39645,KCTD5,0.266166,0.00753,0.0116,2.807212,Up
GSE39645,MTHFD1,0.403412,0.00753,0.0116,2.806975,Up
GSE39645,PRR16,-0.352327,0.00754,0.0116,-2.806871,Down
GSE39645,ATXN7L2,-0.23901,0.00756,0.0116,-2.805501,Down
GSE39645,FAM135B,0.603217,0.00757,0.0116,2.805162,Up
GSE39645,GPR153,0.260052,0.00758,0.0117,2.804413,Up
GSE39645,SART1,0.224416,0.00759,0.0117,2.804305,Up
GSE39645,CROCC,-0.244771,0.00759,0.0117,-2.804236,Down
GSE39645,XRCC5,0.339559,0.00759,0.0117,2.804176,Up
GSE39645,HIST3H3,-0.295153,0.00761,0.0117,-2.803167,Down
GSE39645,KCNJ14,-0.274632,0.00761,0.0117,-2.802966,Down
GSE39645,WFIKKN1,-0.176883,0.00762,0.0117,-2.80282,Down
GSE39645,FUOM,0.290644,0.00762,0.0117,2.80273,Up
GSE39645,ZNF142,0.315199,0.00762,0.0117,2.802495,Up
GSE39645,R3HCC1,0.282921,0.00762,0.0117,2.802373,Up
GSE39645,SMG9,0.25261,0.00765,0.0117,2.801252,Up
GSE39645,FZD7,-0.425098,0.00766,0.0118,-2.800547,Down
GSE39645,PAIP2B///VPS36,0.53547,0.00767,0.0118,2.799902,Up
GSE39645,RASA2,0.387337,0.00768,0.0118,2.799744,Up
GSE39645,VOPP1,0.216617,0.0077,0.0118,2.798729,Up
GSE39645,EPN3,-0.22174,0.0077,0.0118,-2.798595,Down
GSE39645,LOC101930169///PRAMEF15///PRAMEF6///PRAMEF11///PRAMEF4///PRAMEF9///PRAMEF5,-1.018958,0.0077,0.0118,-2.798575,Down
GSE39645,PBX4,-0.199771,0.0077,0.0118,-2.798553,Down
GSE39645,DNAAF3,-0.243099,0.00771,0.0118,-2.798271,Down
GSE39645,CKS1B,-0.322785,0.00771,0.0118,-2.798147,Down
GSE39645,FOXD3,0.289634,0.00772,0.0118,2.79777,Up
GSE39645,OSBP2,-0.269191,0.00772,0.0118,-2.797572,Down
GSE39645,SMS,0.290038,0.00773,0.0118,2.797187,Up
GSE39645,FKBP5///LOC285847///FKBP5,0.847957,0.00773,0.0119,2.796846,Up
GSE39645,SYN1,-0.231272,0.00775,0.0119,-2.79594,Down
GSE39645,TAF1L,-0.293639,0.00776,0.0119,-2.795714,Down
GSE39645,SPINT4,-0.319629,0.00776,0.0119,-2.795504,Down
GSE39645,SNAP29,0.286864,0.00776,0.0119,2.795405,Up
GSE39645,NR2F2,0.468192,0.00777,0.0119,2.795204,Up
GSE39645,CDH17,-0.425885,0.00779,0.0119,-2.794315,Down
GSE39645,MCTP2,0.612451,0.00779,0.0119,2.794028,Up
GSE39645,LIMS2,0.308053,0.00779,0.0119,2.794011,Up
GSE39645,POU3F3,-0.224568,0.0078,0.0119,-2.793782,Down
GSE39645,NXPH4,-0.209068,0.0078,0.012,-2.793435,Down
GSE39645,ATRIP///TREX1,0.239675,0.00782,0.012,2.792633,Up
GSE39645,PSME4,0.539578,0.00783,0.012,2.792292,Up
GSE39645,SNRPF,0.456995,0.00783,0.012,2.792003,Up
GSE39645,CFL1,0.230325,0.00786,0.012,2.790678,Up
GSE39645,APOBEC1,-0.22468,0.00786,0.012,-2.790565,Down
GSE39645,CDV3,0.391458,0.00787,0.012,2.790224,Up
GSE39645,C14orf39,-0.162413,0.00787,0.0121,-2.790044,Down
GSE39645,CCDC30,0.294236,0.00788,0.0121,2.789767,Up
GSE39645,SLC25A34,-0.279728,0.00788,0.0121,-2.789743,Down
GSE39645,PAOX,-0.169107,0.00788,0.0121,-2.789624,Down
GSE39645,PRSS1,-0.438184,0.00788,0.0121,-2.789618,Down
GSE39645,PSG10P///PSG8///PSG11///PSG9///PSG7///PSG6///PSG5///PSG4///PSG3///PSG2///PSG1,-0.918848,0.0079,0.0121,-2.788818,Down
GSE39645,WDR54,0.354136,0.0079,0.0121,2.788674,Up
GSE39645,ZCCHC6,0.451875,0.0079,0.0121,2.788606,Up
GSE39645,HIST1H3A,-0.576145,0.00791,0.0121,-2.788458,Down
GSE39645,TAS2R7,-0.28132,0.00791,0.0121,-2.78835,Down
GSE39645,VIL1,-0.322096,0.00794,0.0121,-2.786834,Down
GSE39645,EBNA1BP2,0.428008,0.00794,0.0121,2.786834,Up
GSE39645,ZNF775,-0.191919,0.00795,0.0122,-2.786522,Down
GSE39645,ANGPTL5,-0.236599,0.00795,0.0122,-2.786237,Down
GSE39645,ZNF276,0.314095,0.00796,0.0122,2.785917,Up
GSE39645,ARL4D,-0.548265,0.00796,0.0122,-2.785787,Down
GSE39645,GSTA5,-0.33401,0.00797,0.0122,-2.785522,Down
GSE39645,ZNF337,0.254095,0.00797,0.0122,2.785188,Up
GSE39645,NDUFC1,0.364022,0.00797,0.0122,2.78509,Up
GSE39645,HNRNPUL1,0.432542,0.00798,0.0122,2.784797,Up
GSE39645,BIK,-0.250047,0.00799,0.0122,-2.784298,Down
GSE39645,CCDC153,-0.314346,0.008,0.0122,-2.783875,Down
GSE39645,PDCL,0.463204,0.00801,0.0122,2.783449,Up
GSE39645,FAM47E-STBD1///FAM47E,0.628604,0.00802,0.0122,2.783076,Up
GSE39645,CYP51A1,0.420504,0.00802,0.0123,2.782919,Up
GSE39645,UBN2,0.2963,0.00802,0.0123,2.782894,Up
GSE39645,NSUN4,0.324973,0.00804,0.0123,2.78185,Up
GSE39645,LLPH-AS1///LLPH,0.349991,0.00804,0.0123,2.781845,Up
GSE39645,ROR1,0.399376,0.00806,0.0123,2.781218,Up
GSE39645,GUCY1A3,-0.764667,0.00806,0.0123,-2.781122,Down
GSE39645,MNS1,0.534811,0.00807,0.0123,2.780524,Up
GSE39645,LGALS16,-1.101156,0.00809,0.0123,-2.779676,Down
GSE39645,FABP5P3///FABP5,-0.539743,0.00809,0.0124,-2.779336,Down
GSE39645,TMEM184B,0.574494,0.0081,0.0124,2.7793,Up
GSE39645,SERTAD3,0.464796,0.0081,0.0124,2.779157,Up
GSE39645,IMP4,0.355271,0.00811,0.0124,2.778534,Up
GSE39645,GABRB2,-0.303913,0.00812,0.0124,-2.777929,Down
GSE39645,FOXG1,-0.242433,0.00813,0.0124,-2.77778,Down
GSE39645,DDX23,0.356909,0.00813,0.0124,2.777583,Up
GSE39645,COX11,0.347855,0.00814,0.0124,2.777392,Up
GSE39645,SLC38A6,0.421337,0.00814,0.0124,2.777124,Up
GSE39645,LDHAL6A,-0.234048,0.00816,0.0124,-2.776377,Down
GSE39645,THAP4,0.293653,0.00817,0.0125,2.775788,Up
GSE39645,POLR2B,0.408273,0.00819,0.0125,2.77503,Up
GSE39645,GSC2,-0.251598,0.00819,0.0125,-2.774922,Down
GSE39645,LRRC47,0.214439,0.0082,0.0125,2.774554,Up
GSE39645,CLCN4,-0.51259,0.0082,0.0125,-2.774179,Down
GSE39645,MEX3C,0.34467,0.00821,0.0125,2.773999,Up
GSE39645,BOLA2-SMG1P6///SMG1P3///SMG1P1///SMG1P5///BOLA2///SMG1P2///SMG1,0.307867,0.00823,0.0125,2.773072,Up
GSE39645,BOLA2-SMG1P6///SMG1P3///BOLA2B///SMG1P1///SMG1P5///BOLA2///SMG1P2///SMG1,0.363696,0.00823,0.0126,2.772794,Up
GSE39645,RDH13,-0.184935,0.00824,0.0126,-2.772684,Down
GSE39645,MPG,-0.171566,0.00825,0.0126,-2.772197,Down
GSE39645,APOBEC4,-0.462132,0.00825,0.0126,-2.772197,Down
GSE39645,NDUFA10,0.293206,0.00825,0.0126,2.771882,Up
GSE39645,ACVR1,0.328152,0.00826,0.0126,2.771689,Up
GSE39645,WDYHV1,0.360709,0.00826,0.0126,2.771511,Up
GSE39645,MFSD2B,-0.338538,0.00826,0.0126,-2.771429,Down
GSE39645,LTV1,0.332189,0.00827,0.0126,2.771004,Up
GSE39645,ZNF416,0.286029,0.00827,0.0126,2.770977,Up
GSE39645,SLC1A7,-0.213923,0.00827,0.0126,-2.770875,Down
GSE39645,DNAJC8,0.379057,0.00828,0.0126,2.770783,Up
GSE39645,EEF1E1-BLOC1S5///EEF1E1,0.517394,0.00828,0.0126,2.770773,Up
GSE39645,USP42,0.32691,0.00828,0.0126,2.770607,Up
GSE39645,UBL4B,-0.337233,0.00829,0.0126,-2.770319,Down
GSE39645,PGLYRP2,-0.221255,0.0083,0.0126,-2.769884,Down
GSE39645,SRSF5,0.253981,0.0083,0.0126,2.769552,Up
GSE39645,KANK3,-0.252337,0.00831,0.0126,-2.769242,Down
GSE39645,SRPRB,0.48702,0.00832,0.0127,2.768863,Up
GSE39645,TBC1D22A,0.305457,0.00832,0.0127,2.768725,Up
GSE39645,FZD10,-0.24848,0.00833,0.0127,-2.76833,Down
GSE39645,YBEY,0.34666,0.00834,0.0127,2.767769,Up
GSE39645,PSMA8,-0.225203,0.00834,0.0127,-2.767728,Down
GSE39645,C16orf45,0.334022,0.00836,0.0127,2.766981,Up
GSE39645,SPRTN,0.306164,0.00838,0.0127,2.765953,Up
GSE39645,HOXA13,-0.228028,0.00839,0.0128,-2.765482,Down
GSE39645,EFNA5,-0.502004,0.0084,0.0128,-2.76515,Down
GSE39645,USP17L15///USP17L20///USP17L3///USP17L4///USP17L8///USP17L9P///USP17L6P///USP17L2,-1.310653,0.00841,0.0128,-2.764793,Down
GSE39645,MYL6,0.127848,0.00841,0.0128,2.764754,Up
GSE39645,ZBTB37,0.391009,0.00841,0.0128,2.76452,Up
GSE39645,ELK1,-0.200988,0.00843,0.0128,-2.763536,Down
GSE39645,CST6,0.497869,0.00844,0.0128,2.763373,Up
GSE39645,COX5A,0.245301,0.00844,0.0128,2.763222,Up
GSE39645,SLC44A3,0.384738,0.00845,0.0128,2.762726,Up
GSE39645,TCF7,0.295795,0.00846,0.0129,2.762385,Up
GSE39645,PROSER1,0.298542,0.00847,0.0129,2.762003,Up
GSE39645,LRRC49,-0.305954,0.00847,0.0129,-2.761894,Down
GSE39645,EPHX4,-0.274638,0.00848,0.0129,-2.761239,Down
GSE39645,BRD8,0.266189,0.00849,0.0129,2.760937,Up
GSE39645,PPCDC,0.210485,0.0085,0.0129,2.760503,Up
GSE39645,TCP1,0.314839,0.0085,0.0129,2.760357,Up
GSE39645,ZNF786,0.245093,0.00851,0.0129,2.760116,Up
GSE39645,RPL31,0.274718,0.00851,0.0129,2.759899,Up
GSE39645,NPY1R///NPY1R,0.495111,0.00851,0.0129,2.75988,Up
GSE39645,TFDP1,0.55092,0.00851,0.0129,2.759821,Up
GSE39645,TRMT44,0.29581,0.00852,0.0129,2.759723,Up
GSE39645,SULT1A1,0.28516,0.00852,0.0129,2.759439,Up
GSE39645,UIMC1,0.287196,0.00855,0.013,2.758257,Up
GSE39645,LCE1F,-0.270515,0.00857,0.013,-2.757161,Down
GSE39645,MRPL20,0.456879,0.00858,0.013,2.756776,Up
GSE39645,LANCL1,0.563701,0.00859,0.013,2.756438,Up
GSE39645,TMEM216,0.439069,0.0086,0.013,2.756112,Up
GSE39645,RNF11,0.294045,0.0086,0.0131,2.755972,Up
GSE39645,ARHGEF9,0.316183,0.00861,0.0131,2.755507,Up
GSE39645,MT1G,-0.477608,0.00861,0.0131,-2.755334,Down
GSE39645,FBXL19,-0.167707,0.00862,0.0131,-2.755255,Down
GSE39645,RPTN,-0.663727,0.00862,0.0131,-2.755188,Down
GSE39645,DFFA,0.305513,0.00864,0.0131,2.75427,Up
GSE39645,PPP1CA,0.465476,0.00864,0.0131,2.75413,Up
GSE39645,CEACAM8,-0.523011,0.00865,0.0131,-2.753929,Down
GSE39645,DEFB126,-0.701873,0.00865,0.0131,-2.7537,Down
GSE39645,BCL2L13,0.29077,0.00866,0.0131,2.753472,Up
GSE39645,ERBB4,-0.60628,0.00867,0.0131,-2.753015,Down
GSE39645,RBM3,0.258426,0.00867,0.0131,2.752679,Up
GSE39645,GJB3,-0.248805,0.00867,0.0131,-2.752669,Down
GSE39645,NA,-0.332217,0.00867,0.0131,-2.752599,Down
GSE39645,COL24A1,0.552537,0.00869,0.0132,2.751752,Up
GSE39645,ZNF843,-0.226592,0.0087,0.0132,-2.751603,Down
GSE39645,SMYD3,0.369218,0.0087,0.0132,2.751485,Up
GSE39645,CFC1B///CFC1,-0.222741,0.00871,0.0132,-2.751152,Down
GSE39645,STAU1,0.309974,0.00871,0.0132,2.751017,Up
GSE39645,CITED4,-0.258745,0.00871,0.0132,-2.750905,Down
GSE39645,SPTA1,-0.431359,0.00871,0.0132,-2.750867,Down
GSE39645,FAM19A5,0.380846,0.00872,0.0132,2.750686,Up
GSE39645,SLC9A3R2,0.303034,0.00872,0.0132,2.750585,Up
GSE39645,TBL1Y,-0.234473,0.00872,0.0132,-2.750545,Down
GSE39645,UTS2B,-0.226703,0.00875,0.0132,-2.749424,Down
GSE39645,KRTAP13-2,-0.209176,0.00875,0.0133,-2.749192,Down
GSE39645,KIAA0907,0.305188,0.00875,0.0133,2.749188,Up
GSE39645,TAAR5,-0.655677,0.00876,0.0133,-2.748635,Down
GSE39645,ASTN2,0.468993,0.00877,0.0133,2.748403,Up
GSE39645,KCNJ1,-0.43652,0.00879,0.0133,-2.747681,Down
GSE39645,XKR3,-0.319821,0.0088,0.0133,-2.74711,Down
GSE39645,TAF2,0.397152,0.0088,0.0133,2.747103,Up
GSE39645,CD226,0.649936,0.0088,0.0133,2.747082,Up
GSE39645,CPSF3L,0.252289,0.00881,0.0133,2.746739,Up
GSE39645,TERB1,-0.151684,0.00882,0.0134,-2.745945,Down
GSE39645,ABHD14A,0.288294,0.00884,0.0134,2.745353,Up
GSE39645,CS,0.296116,0.00884,0.0134,2.745339,Up
GSE39645,MFF,0.460904,0.00884,0.0134,2.745262,Up
GSE39645,PPP2CA,0.358951,0.00886,0.0134,2.744627,Up
GSE39645,ZNF444,-0.24163,0.00887,0.0134,-2.743982,Down
GSE39645,MFNG,0.507075,0.00889,0.0134,2.743269,Up
GSE39645,CYSTM1,0.270282,0.00889,0.0134,2.742983,Up
GSE39645,TP73,-0.227247,0.00891,0.0135,-2.742314,Down
GSE39645,FCMR,-0.425169,0.00891,0.0135,-2.742055,Down
GSE39645,RASGRP4,-0.310914,0.00894,0.0135,-2.741113,Down
GSE39645,NKX2-8,-0.23384,0.00894,0.0135,-2.741096,Down
GSE39645,CCL4,1.082574,0.00899,0.0136,2.738886,Up
GSE39645,DLGAP5,-0.779617,0.00901,0.0136,-2.738017,Down
GSE39645,RHOXF2B///RHOXF2,-0.234788,0.00901,0.0136,-2.737849,Down
GSE39645,OXT,-0.262994,0.00902,0.0136,-2.737567,Down
GSE39645,SPATA20,0.353626,0.00908,0.0137,2.734822,Up
GSE39645,RNF122,-0.52653,0.0091,0.0137,-2.734112,Down
GSE39645,NECTIN4,-0.355975,0.0091,0.0137,-2.734005,Down
GSE39645,EIF1,0.203197,0.00913,0.0138,2.73287,Up
GSE39645,BBOF1,0.272679,0.00913,0.0138,2.73287,Up
GSE39645,FBP1,0.517742,0.00913,0.0138,2.73285,Up
GSE39645,FGF4,-0.256398,0.00913,0.0138,-2.732786,Down
GSE39645,OCM///OCM2,-0.516158,0.00913,0.0138,-2.732756,Down
GSE39645,SRP9,0.461703,0.00913,0.0138,2.732549,Up
GSE39645,PTBP3,0.413597,0.00914,0.0138,2.732199,Up
GSE39645,2,0.368961,0.00915,0.0138,2.731769,Up
GSE39645,PPP1R32,-0.215653,0.00915,0.0138,-2.731764,Down
GSE39645,FOXD4L5///FOXD4L6///FOXD4L3///FOXD4L1///FOXD4,-0.204351,0.00916,0.0138,-2.73145,Down
GSE39645,CHRM3,0.995688,0.00917,0.0138,2.731236,Up
GSE39645,UNG,0.406467,0.00918,0.0138,2.730773,Up
GSE39645,LEAP2,-0.207706,0.00919,0.0139,-2.730293,Down
GSE39645,MKRN1,0.290806,0.00919,0.0139,2.730249,Up
GSE39645,PRPF8///PRPF8,0.321436,0.0092,0.0139,2.729855,Up
GSE39645,CNBD1,-0.242206,0.0092,0.0139,-2.729718,Down
GSE39645,TRIM16,-0.269719,0.00921,0.0139,-2.729556,Down
GSE39645,GJC3,-0.925317,0.00921,0.0139,-2.729438,Down
GSE39645,PYHIN1,-0.271676,0.00921,0.0139,-2.729408,Down
GSE39645,GCC1,0.239483,0.00922,0.0139,2.728888,Up
GSE39645,COX8A,0.310974,0.00923,0.0139,2.728633,Up
GSE39645,CALCOCO1,0.267714,0.00923,0.0139,2.72863,Up
GSE39645,NCAPD3,0.389293,0.00925,0.0139,2.727605,Up
GSE39645,KIAA1549,-0.22888,0.0093,0.014,-2.7256,Down
GSE39645,DGKA,0.246066,0.0093,0.014,2.725584,Up
GSE39645,MORC1,-0.312169,0.00931,0.014,-2.725344,Down
GSE39645,KDM6A,0.440259,0.00932,0.014,2.724895,Up
GSE39645,DIO1,-0.527909,0.00932,0.014,-2.724648,Down
GSE39645,OCM///OCM2,-0.541352,0.00933,0.0141,-2.724258,Down
GSE39645,LSR,-0.233147,0.00933,0.0141,-2.724251,Down
GSE39645,NOXO1,-0.221657,0.00934,0.0141,-2.723701,Down
GSE39645,ACSL6,-0.363645,0.00935,0.0141,-2.723553,Down
GSE39645,THADA,0.272757,0.00935,0.0141,2.723475,Up
GSE39645,MRPL52,0.336597,0.00935,0.0141,2.72328,Up
GSE39645,TCP11L2,0.581768,0.00936,0.0141,2.723259,Up
GSE39645,LYZL2,-0.317695,0.00936,0.0141,-2.72319,Down
GSE39645,WDR46,0.226235,0.00937,0.0141,2.722766,Up
GSE39645,KCNK6,0.316929,0.00937,0.0141,2.722754,Up
GSE39645,ATAT1,0.311627,0.00938,0.0141,2.72207,Up
GSE39645,PAFAH1B3,-0.30044,0.0094,0.0141,-2.721586,Down
GSE39645,TFIP11,0.466743,0.0094,0.0142,2.721358,Up
GSE39645,COLGALT1,0.392169,0.0094,0.0142,2.721239,Up
GSE39645,TTC21B,0.361886,0.00942,0.0142,2.720708,Up
GSE39645,ASF1B,-0.437864,0.00942,0.0142,-2.720504,Down
GSE39645,ISOC1,-0.261093,0.00944,0.0142,-2.719674,Down
GSE39645,RGPD2///RGPD6///RGPD8///RGPD3///RGPD1///RGPD4///RGPD5///RANBP2,0.253978,0.00945,0.0142,2.719504,Up
GSE39645,SEC14L5,-0.363597,0.00945,0.0142,-2.719275,Down
GSE39645,STIP1,0.463464,0.00945,0.0142,2.719209,Up
GSE39645,HOXA1,-0.235384,0.00946,0.0142,-2.719128,Down
GSE39645,ESCO2,-0.406908,0.00946,0.0142,-2.719087,Down
GSE39645,FIS1,0.248299,0.00946,0.0142,2.71888,Up
GSE39645,PROSER3,-0.210929,0.00946,0.0142,-2.71882,Down
GSE39645,COL1A2///COL1A2,0.609973,0.00947,0.0142,2.718519,Up
GSE39645,CPZ,-0.389506,0.00948,0.0143,-2.717962,Down
GSE39645,PTPRN2,-0.223038,0.00949,0.0143,-2.71786,Down
GSE39645,IL21R,-0.292045,0.00952,0.0143,-2.716497,Down
GSE39645,SPC25,-0.586014,0.00952,0.0143,-2.716377,Down
GSE39645,DNMT3L,-0.251714,0.00954,0.0143,-2.715739,Down
GSE39645,UBE2J2,-0.167567,0.00954,0.0143,-2.715733,Down
GSE39645,CRYBG3,0.479779,0.00956,0.0144,2.71466,Up
GSE39645,ARGLU1,0.361074,0.00957,0.0144,2.714608,Up
GSE39645,SS18,0.357457,0.00957,0.0144,2.714435,Up
GSE39645,STOML2,0.341178,0.00958,0.0144,2.714036,Up
GSE39645,COMMD4///COMMD4,0.236106,0.00958,0.0144,2.713939,Up
GSE39645,CCDC77,0.284373,0.00959,0.0144,2.713762,Up
GSE39645,AXDND1,-0.21296,0.0096,0.0144,-2.713193,Down
GSE39645,SERPING1,0.504831,0.0096,0.0144,2.713063,Up
GSE39645,HNF1B,-0.298202,0.00962,0.0144,-2.712559,Down
GSE39645,CFC1B///CFC1,-0.219742,0.00963,0.0145,-2.712035,Down
GSE39645,MUC20,-0.29671,0.00964,0.0145,-2.711735,Down
GSE39645,EIF3H,0.250522,0.00965,0.0145,2.711297,Up
GSE39645,DLL3,-0.221916,0.00966,0.0145,-2.7107,Down
GSE39645,ZNF549,0.255655,0.00966,0.0145,2.71065,Up
GSE39645,UBL7,0.29906,0.00966,0.0145,2.710569,Up
GSE39645,ISLR,-0.816819,0.00967,0.0145,-2.710501,Down
GSE39645,MTA1,0.442856,0.00967,0.0145,2.710442,Up
GSE39645,ZNF705B///ZNF705G///ZNF705D///ZNF705A,-0.441784,0.00967,0.0145,-2.71043,Down
GSE39645,GTF3C1,0.383785,0.00967,0.0145,2.710181,Up
GSE39645,SRY,-0.227275,0.00969,0.0145,-2.709507,Down
GSE39645,CCDC140,-0.220023,0.00973,0.0146,-2.707962,Down
GSE39645,ZNF681,0.385119,0.00973,0.0146,2.70793,Up
GSE39645,PRAMEF14///PRAMEF34P///PRAMEF36P///PRAMEF2///PRAMEF1,-0.708451,0.00974,0.0146,-2.707567,Down
GSE39645,SEPT9,0.320347,0.00975,0.0146,2.707191,Up
GSE39645,SNX33,0.454644,0.00976,0.0146,2.706822,Up
GSE39645,IL1F10,-0.39119,0.00979,0.0147,-2.705729,Down
GSE39645,LYG2,-0.548644,0.0098,0.0147,-2.70512,Down
GSE39645,DHPS,0.463315,0.0098,0.0147,2.705016,Up
GSE39645,CAPZA3,-0.215178,0.00982,0.0147,-2.704499,Down
GSE39645,EP400,0.351889,0.00982,0.0147,2.704421,Up
GSE39645,DCN,-1.621418,0.00983,0.0147,-2.703939,Down
GSE39645,VPS13A,0.390895,0.00983,0.0147,2.703934,Up
GSE39645,BCL11B,-0.258816,0.00983,0.0147,-2.703901,Down
GSE39645,CTLA4,-0.372835,0.00983,0.0147,-2.703878,Down
GSE39645,ZNF771,-0.238742,0.00985,0.0148,-2.703158,Down
GSE39645,KIAA0319,-0.331568,0.00985,0.0148,-2.703147,Down
GSE39645,CCDC121,-0.279692,0.00986,0.0148,-2.702826,Down
GSE39645,DRC1,-0.2302,0.00987,0.0148,-2.702318,Down
GSE39645,GJD3,-0.213905,0.00988,0.0148,-2.702128,Down
GSE39645,AKR1B10,-0.418024,0.00989,0.0148,-2.701377,Down
GSE39645,CFH,-0.953973,0.0099,0.0148,-2.701328,Down
GSE39645,CCDC175,-0.182044,0.0099,0.0148,-2.700975,Down
GSE39645,ANAPC15,0.309333,0.00991,0.0148,2.700784,Up
GSE39645,PRRC2C,0.363843,0.00992,0.0149,2.700399,Up
GSE39645,TRAPPC2,0.298589,0.00992,0.0149,2.700355,Up
GSE39645,SS18L1,-0.199805,0.00992,0.0149,-2.70025,Down
GSE39645,HYOU1,0.30056,0.00994,0.0149,2.69959,Up
GSE39645,ZDHHC15,0.344712,0.00994,0.0149,2.699431,Up
GSE39645,ACADL,-0.647792,0.00995,0.0149,-2.699376,Down
GSE39645,CASP2,0.315432,0.00995,0.0149,2.699193,Up
GSE39645,FBLN5,0.530454,0.00995,0.0149,2.699095,Up
GSE39645,PELP1,0.244673,0.00996,0.0149,2.698861,Up
GSE39645,ANKLE2,0.2444,0.00996,0.0149,2.698757,Up
GSE39645,LOC439951,-0.233634,0.00997,0.0149,-2.698485,Down
GSE39645,TMEM116,0.297696,0.00998,0.0149,2.698035,Up
GSE39645,U2AF1,0.301196,0.00999,0.0149,2.697617,Up
GSE39645,BNC1,-0.258749,0.01,0.015,-2.696864,Down
GSE39645,AP1G2,0.306113,0.01,0.015,2.696375,Up
GSE39645,PIK3AP1,0.429804,0.01,0.015,2.696078,Up
GSE39645,CSTF2,0.329412,0.01,0.015,2.695962,Up
GSE39645,ZC3H4,0.205922,0.01,0.015,2.695923,Up
GSE39645,ZNF407,0.26878,0.01,0.015,2.695698,Up
GSE39645,KRTAP20-3,-0.485718,0.01,0.015,-2.695698,Down
GSE39645,RPS19,0.214087,0.01,0.015,2.695378,Up
GSE39645,RIPPLY3,-0.250587,0.01,0.015,-2.695298,Down
GSE39645,AK8,-0.207609,0.0101,0.015,-2.694942,Down
GSE39645,UPF1,0.282679,0.0101,0.015,2.694779,Up
GSE39645,SI,-0.222853,0.0101,0.015,-2.694587,Down
GSE39645,ZNF354B,0.282339,0.0101,0.0151,2.694181,Up
GSE39645,FUZ,0.24887,0.0101,0.0151,2.693857,Up
GSE39645,APCS,-0.293068,0.0101,0.0151,-2.693278,Down
GSE39645,SLIRP,0.298339,0.0101,0.0151,2.693225,Up
GSE39645,CARHSP1,0.241458,0.0101,0.0151,2.693192,Up
GSE39645,SAPCD2,-0.23699,0.0101,0.0151,-2.69306,Down
GSE39645,KLF3,0.372083,0.0101,0.0151,2.692688,Up
GSE39645,GZMA,0.682919,0.0101,0.0151,2.692376,Up
GSE39645,PTPN7,-0.262626,0.0101,0.0151,-2.692308,Down
GSE39645,CSNK1G2,0.318456,0.0101,0.0151,2.692223,Up
GSE39645,RAPGEFL1///RAPGEFL1,-0.238559,0.0101,0.0151,-2.691726,Down
GSE39645,CAND1,0.468877,0.0102,0.0152,2.691319,Up
GSE39645,ESRRB,-0.242672,0.0102,0.0152,-2.691049,Down
GSE39645,TNRC6B,0.425711,0.0102,0.0152,2.690892,Up
GSE39645,PCDHB5,0.980812,0.0102,0.0152,2.69068,Up
GSE39645,KIAA1841,0.356896,0.0102,0.0152,2.690279,Up
GSE39645,PIGM,0.390503,0.0102,0.0152,2.690059,Up
GSE39645,CD72,0.420522,0.0102,0.0152,2.689873,Up
GSE39645,CA6,-0.86308,0.0102,0.0152,-2.688892,Down
GSE39645,MMADHC,0.478074,0.0102,0.0152,2.68884,Up
GSE39645,KATNBL1P6///KATNBL1,0.330257,0.0102,0.0152,2.688711,Up
GSE39645,SRF,-0.289066,0.0102,0.0153,-2.688194,Down
GSE39645,USP17L15///USP17L20///USP17L3///USP17L4///USP17L8///USP17L9P///USP17L6P///USP17L2,-1.843315,0.0102,0.0153,-2.688006,Down
GSE39645,LAMC3,-0.286966,0.0102,0.0153,-2.687796,Down
GSE39645,STATH,-1.105729,0.0103,0.0153,-2.687453,Down
GSE39645,VWDE,-0.375941,0.0103,0.0153,-2.687436,Down
GSE39645,ZC3H7B,0.401358,0.0103,0.0153,2.687283,Up
GSE39645,ZPBP2,-0.239056,0.0103,0.0153,-2.687154,Down
GSE39645,TMPRSS11A,-0.238473,0.0103,0.0153,-2.686035,Down
GSE39645,TPTE,-0.246003,0.0103,0.0154,-2.685506,Down
GSE39645,PLXNA2,-0.398138,0.0103,0.0154,-2.685413,Down
GSE39645,TNIK,-0.765922,0.0103,0.0154,-2.685372,Down
GSE39645,STXBP4,0.32945,0.0103,0.0154,2.685118,Up
GSE39645,MINPP1,0.472329,0.0103,0.0154,2.684358,Up
GSE39645,COX7C,0.471123,0.0103,0.0154,2.68432,Up
GSE39645,TBC1D3I///TBC1D3E///LOC101060389///TBC1D3L///TBC1D3K///TBC1D3G///TBC1D3H///TBC1D3///TBC1D3P2///TBC1D3C///TBC1D3B///TBC1D3F,0.268327,0.0103,0.0154,2.683818,Up
GSE39645,FAR1,0.425679,0.0103,0.0154,2.683799,Up
GSE39645,PPHLN1,0.345273,0.0104,0.0154,2.683725,Up
GSE39645,BUD13,0.29783,0.0104,0.0154,2.683721,Up
GSE39645,ZNF133,0.195686,0.0104,0.0154,2.68344,Up
GSE39645,POP7,0.332448,0.0104,0.0154,2.683252,Up
GSE39645,ATP6V1G2-DDX39B///DDX39B,0.302895,0.0104,0.0154,2.683001,Up
GSE39645,LY6G5C,-0.261621,0.0104,0.0155,-2.682569,Down
GSE39645,NOXRED1,-0.476683,0.0104,0.0155,-2.682372,Down
GSE39645,TGIF2LY///TGIF2LX,-0.255142,0.0104,0.0155,-2.68212,Down
GSE39645,FAM78B,-0.267985,0.0104,0.0155,-2.681607,Down
GSE39645,DOK4,0.289986,0.0104,0.0155,2.681172,Up
GSE39645,ZNF433,0.238963,0.0104,0.0155,2.680878,Up
GSE39645,CTSF,0.412947,0.0104,0.0156,2.679997,Up
GSE39645,MBL2,-0.38274,0.0105,0.0156,-2.6799,Down
GSE39645,DUS2,0.277843,0.0105,0.0156,2.679352,Up
GSE39645,ZBTB34,-0.201956,0.0105,0.0156,-2.678489,Down
GSE39645,BICDL1,-0.217446,0.0105,0.0156,-2.678094,Down
GSE39645,WDR77,0.299011,0.0105,0.0156,2.677878,Up
GSE39645,SOSTDC1,0.723962,0.0105,0.0156,2.67781,Up
GSE39645,TMPO,0.465839,0.0105,0.0156,2.67779,Up
GSE39645,ARL5C,-0.253827,0.0105,0.0156,-2.677581,Down
GSE39645,CFAP73,-0.144407,0.0105,0.0156,-2.677434,Down
GSE39645,SGTA,0.285762,0.0105,0.0156,2.67724,Up
GSE39645,RNLS,-0.193076,0.0106,0.0157,-2.67584,Down
GSE39645,PRKAR1B,0.328739,0.0106,0.0157,2.675319,Up
GSE39645,MYPOP,-0.2269,0.0106,0.0157,-2.675172,Down
GSE39645,TCEB3,0.34463,0.0106,0.0158,2.674465,Up
GSE39645,DGCR14,-0.268016,0.0106,0.0158,-2.674239,Down
GSE39645,ARHGAP33,-0.25188,0.0106,0.0158,-2.674181,Down
GSE39645,CNN2,-0.605905,0.0106,0.0158,-2.674181,Down
GSE39645,DOCK5,0.389665,0.0106,0.0158,2.674029,Up
GSE39645,RP1,-0.164771,0.0106,0.0158,-2.673871,Down
GSE39645,HIPK1,0.402151,0.0106,0.0158,2.673501,Up
GSE39645,CSTL1,-0.68219,0.0106,0.0158,-2.672879,Down
GSE39645,UTS2,-0.40338,0.0107,0.0158,-2.672502,Down
GSE39645,ZSCAN23,0.271663,0.0107,0.0158,2.672,Up
GSE39645,TFAM,0.398563,0.0107,0.0159,2.671169,Up
GSE39645,PGAP1,0.575794,0.0107,0.0159,2.670946,Up
GSE39645,AKR7A2,0.189948,0.0107,0.0159,2.670869,Up
GSE39645,EPN1,0.219449,0.0107,0.0159,2.670037,Up
GSE39645,NOP10,0.332464,0.0107,0.0159,2.669994,Up
GSE39645,F13B,-0.187181,0.0107,0.0159,-2.669156,Down
GSE39645,CHRNA1,-0.545172,0.0107,0.016,-2.669007,Down
GSE39645,TFB1M,0.5989,0.0107,0.016,2.668938,Up
GSE39645,DIEXF,0.212589,0.0108,0.016,2.668298,Up
GSE39645,PEX13///PEX13,0.312996,0.0108,0.016,2.668205,Up
GSE39645,POTEB3///LOC102723502///POTEB///LOC100288966///POTEB2///POTEF///POTEJ///POTEM///POTEE///POTEKP///POTEG///POTEC///POTED///POTEH,-0.651383,0.0108,0.016,-2.667444,Down
GSE39645,TP53I11,-0.268843,0.0108,0.0161,-2.665351,Down
GSE39645,ZNF441,0.300706,0.0108,0.0161,2.665324,Up
GSE39645,PAN3,0.340425,0.0109,0.0161,2.664807,Up
GSE39645,SLC40A1,0.855885,0.0109,0.0161,2.664044,Up
GSE39645,TCEB3B,-0.230153,0.0109,0.0162,-2.663364,Down
GSE39645,ACOT6,-0.374014,0.0109,0.0162,-2.663137,Down
GSE39645,ASPM,-0.686502,0.0109,0.0162,-2.662282,Down
GSE39645,GTF2F1,0.275441,0.0109,0.0162,2.662266,Up
GSE39645,DEFB121,-0.546305,0.0109,0.0162,-2.662214,Down
GSE39645,CBLC,-0.24981,0.0109,0.0162,-2.662037,Down
GSE39645,BDNF,0.570777,0.0109,0.0162,2.662011,Up
GSE39645,ARAP1,0.323775,0.011,0.0162,2.661479,Up
GSE39645,SLC7A8,-0.518715,0.011,0.0162,-2.66124,Down
GSE39645,UBE2G1,0.443756,0.011,0.0162,2.661239,Up
GSE39645,TOMM70,0.298919,0.011,0.0162,2.661133,Up
GSE39645,SAP130,0.211036,0.011,0.0163,2.66084,Up
GSE39645,USP17L15///USP17L20///USP17L3///USP17L4///USP17L8///USP17L9P///USP17L6P///USP17L2,-1.313727,0.011,0.0163,-2.660834,Down
GSE39645,HIST1H2BJ,0.342921,0.011,0.0163,2.660383,Up
GSE39645,EXOSC5,0.305287,0.011,0.0163,2.658846,Up
GSE39645,CNNM2,0.238029,0.011,0.0164,2.658461,Up
GSE39645,CMAS,0.306414,0.0111,0.0164,2.657741,Up
GSE39645,RIMKLB,0.329214,0.0111,0.0164,2.657314,Up
GSE39645,PRR18,-0.204639,0.0111,0.0164,-2.656839,Down
GSE39645,FABP2,-0.201478,0.0111,0.0164,-2.656687,Down
GSE39645,CYP2B6,-0.789128,0.0111,0.0164,-2.656408,Down
GSE39645,NRIP1,0.38262,0.0111,0.0164,2.656155,Up
GSE39645,LYAR,0.511025,0.0111,0.0164,2.655951,Up
GSE39645,TIMM23B///TIMM23,0.371171,0.0111,0.0165,2.655682,Up
GSE39645,METTL5,0.343109,0.0111,0.0165,2.655457,Up
GSE39645,ZNF169,-0.316769,0.0111,0.0165,-2.654496,Down
GSE39645,UBE2O,0.290585,0.0112,0.0165,2.65385,Up
GSE39645,HP,-0.416634,0.0112,0.0165,-2.65374,Down
GSE39645,LRRC41,0.347975,0.0112,0.0166,2.652682,Up
GSE39645,ITGBL1,-0.964733,0.0112,0.0166,-2.652059,Down
GSE39645,CDKN1B,0.520793,0.0112,0.0166,2.651633,Up
GSE39645,PCSK2,0.788257,0.0112,0.0166,2.651381,Up
GSE39645,ZNF516,0.368565,0.0112,0.0166,2.651067,Up
GSE39645,TXLNA,0.234514,0.0113,0.0167,2.649914,Up
GSE39645,HEATR1,0.361361,0.0113,0.0167,2.649738,Up
GSE39645,RPGR,0.514697,0.0113,0.0167,2.649421,Up
GSE39645,EID2,-0.189546,0.0113,0.0167,-2.649156,Down
GSE39645,AK6///TAF9,0.388932,0.0113,0.0167,2.648932,Up
GSE39645,ADIPOR1,0.358011,0.0113,0.0167,2.64834,Up
GSE39645,TRIM69///TRIM69,0.213497,0.0113,0.0167,2.648209,Up
GSE39645,EEPD1///EEPD1,-0.516624,0.0113,0.0167,-2.648172,Down
GSE39645,C21orf59///C21orf59,0.27842,0.0113,0.0168,2.647835,Up
GSE39645,HIST1H4J///HIST1H4K///HIST1H4J///HIST1H4K,0.608934,0.0114,0.0168,2.64619,Up
GSE39645,IL5,-0.240987,0.0114,0.0169,-2.645224,Down
GSE39645,ART3,-0.834384,0.0114,0.0169,-2.645213,Down
GSE39645,SOCS3,-0.875196,0.0114,0.0169,-2.644555,Down
GSE39645,PHACTR1,-0.204131,0.0115,0.0169,-2.643754,Down
GSE39645,KBTBD2,0.433945,0.0115,0.0169,2.643579,Up
GSE39645,SELM///SELM,0.439188,0.0115,0.017,2.642942,Up
GSE39645,WDR20,0.247907,0.0115,0.017,2.640912,Up
GSE39645,OAZ1,0.306002,0.0115,0.017,2.640787,Up
GSE39645,CISH,-0.270792,0.0115,0.017,-2.640726,Down
GSE39645,MS4A6E,-0.286752,0.0116,0.0171,-2.640072,Down
GSE39645,ZNF185,-0.296395,0.0116,0.0171,-2.64006,Down
GSE39645,NUP88,0.377833,0.0116,0.0171,2.639554,Up
GSE39645,TAOK2,0.265202,0.0116,0.0171,2.639076,Up
GSE39645,SUCNR1,-0.414241,0.0116,0.0171,-2.639044,Down
GSE39645,TRMT10A,-0.274947,0.0116,0.0171,-2.63839,Down
GSE39645,SRPK2,0.35184,0.0116,0.0172,2.637909,Up
GSE39645,LIPM,-0.292225,0.0116,0.0172,-2.637444,Down
GSE39645,TXNDC2,-0.637032,0.0116,0.0172,-2.637338,Down
GSE39645,NELFCD,0.433922,0.0117,0.0173,2.635734,Up
GSE39645,ACTR2,0.240839,0.0117,0.0173,2.635648,Up
GSE39645,GAB4,-0.388038,0.0117,0.0173,-2.6356,Down
GSE39645,PTTG2,-0.290235,0.0117,0.0173,-2.635401,Down
GSE39645,ANKRD27,0.272624,0.0117,0.0173,2.635241,Up
GSE39645,SSX3,-0.797956,0.0117,0.0173,-2.634209,Down
GSE39645,NPRL2,0.237391,0.0118,0.0173,2.633332,Up
GSE39645,KNL1,-0.514653,0.0118,0.0173,-2.63327,Down
GSE39645,PSTK///PSTK,0.245059,0.0118,0.0174,2.63286,Up
GSE39645,ATAD3C///ATAD3B///ATAD3A,-0.2192,0.0118,0.0174,-2.632565,Down
GSE39645,ZNF469,-0.229995,0.0118,0.0174,-2.632261,Down
GSE39645,SLC36A3,-0.366565,0.0118,0.0174,-2.631799,Down
GSE39645,BUB1,-0.575105,0.0118,0.0174,-2.631796,Down
GSE39645,PPP1R2,0.306814,0.0118,0.0174,2.631646,Up
GSE39645,BMPR1A,0.51305,0.0118,0.0174,2.630863,Up
GSE39645,NEK1,0.583834,0.0118,0.0175,2.630618,Up
GSE39645,NME1-NME2///NME1,0.343376,0.0118,0.0175,2.630338,Up
GSE39645,LRRC45,-0.209935,0.0119,0.0175,-2.63033,Down
GSE39645,ZDHHC24,-0.224077,0.0119,0.0175,-2.630206,Down
GSE39645,FYCO1,0.221313,0.0119,0.0175,2.629534,Up
GSE39645,TBC1D3I///TBC1D3E///LOC101060389///TBC1D3L///TBC1D3K///TBC1D3G///TBC1D3H///TBC1D3///TBC1D3P2///TBC1D3C///TBC1D3B///TBC1D3F,0.26087,0.0119,0.0175,2.628703,Up
GSE39645,ODF3,-0.226388,0.0119,0.0175,-2.628656,Down
GSE39645,UBTFL1,-1.238697,0.0119,0.0175,-2.628642,Down
GSE39645,LYZL6,-0.350962,0.0119,0.0176,-2.628032,Down
GSE39645,HMMR,-0.548864,0.0119,0.0176,-2.627637,Down
GSE39645,FAIM2,-0.859971,0.0119,0.0176,-2.627498,Down
GSE39645,KIAA0226L,-0.312693,0.0119,0.0176,-2.627049,Down
GSE39645,PSG1,-0.574361,0.012,0.0176,-2.626816,Down
GSE39645,NCF2,-0.533146,0.012,0.0176,-2.626509,Down
GSE39645,SNIP1,0.176361,0.012,0.0176,2.625883,Up
GSE39645,BHLHA15,-0.244672,0.012,0.0176,-2.625741,Down
GSE39645,DENND4B,0.210898,0.012,0.0177,2.624426,Up
GSE39645,KL,0.362977,0.012,0.0177,2.624112,Up
GSE39645,CTNND2,-0.679245,0.012,0.0177,-2.623785,Down
GSE39645,C1orf115,-0.334884,0.012,0.0177,-2.623689,Down
GSE39645,UTP14A,0.377255,0.0121,0.0177,2.623385,Up
GSE39645,SLFN14,-0.260282,0.0121,0.0177,-2.623259,Down
GSE39645,TNFRSF14,0.278833,0.0121,0.0178,2.62305,Up
GSE39645,ARPC5,0.166992,0.0121,0.0178,2.623044,Up
GSE39645,OVCA2///DPH1,0.217695,0.0121,0.0178,2.622783,Up
GSE39645,ZUFSP,0.347477,0.0121,0.0178,2.622555,Up
GSE39645,CCDC173,-0.440637,0.0121,0.0178,-2.622019,Down
GSE39645,TMEM165,0.371733,0.0121,0.0178,2.621617,Up
GSE39645,PEX5L,-0.677731,0.0121,0.0178,-2.62148,Down
GSE39645,HEPACAM2,-0.356513,0.0121,0.0178,-2.621391,Down
GSE39645,SLC35F5,0.50332,0.0121,0.0178,2.621318,Up
GSE39645,ITK,-0.42242,0.0121,0.0178,-2.620882,Down
GSE39645,GSPT1,0.447285,0.0121,0.0178,2.620638,Up
GSE39645,UQCRQ,0.292105,0.0122,0.0179,2.620307,Up
GSE39645,CEP112,0.376165,0.0122,0.0179,2.619127,Up
GSE39645,EFR3B,0.385996,0.0122,0.0179,2.618812,Up
GSE39645,SPATS2,-0.456449,0.0122,0.018,-2.617278,Down
GSE39645,SAFB2,0.319652,0.0123,0.018,2.616526,Up
GSE39645,POLE3,0.262643,0.0123,0.018,2.616446,Up
GSE39645,GJA9-MYCBP///GJA9,-0.280359,0.0123,0.018,-2.616283,Down
GSE39645,ZNF283,0.257458,0.0123,0.0181,2.615659,Up
GSE39645,RNF208,0.251597,0.0123,0.0181,2.615457,Up
GSE39645,NEK11,0.47486,0.0123,0.0181,2.615338,Up
GSE39645,SLC9A9,0.572967,0.0123,0.0181,2.615151,Up
GSE39645,TNFAIP1,0.43262,0.0123,0.0181,2.61515,Up
GSE39645,LOC389199,-0.235458,0.0123,0.0181,-2.614918,Down
GSE39645,EIF3G,0.293211,0.0123,0.0181,2.614905,Up
GSE39645,FAM127B,0.280712,0.0123,0.0181,2.61476,Up
GSE39645,ZC3H3,0.285053,0.0123,0.0181,2.614702,Up
GSE39645,LOC100505549,0.26183,0.0123,0.0181,2.614655,Up
GSE39645,SSRP1,0.432283,0.0123,0.0181,2.614104,Up
GSE39645,SIRT5,0.187025,0.0123,0.0181,2.614027,Up
GSE39645,GBGT1///GBGT1,0.330808,0.0124,0.0181,2.6138,Up
GSE39645,ANK1,-0.253073,0.0124,0.0181,-2.613559,Down
GSE39645,RABGAP1L,0.28927,0.0124,0.0182,2.612645,Up
GSE39645,KRTAP5-7,-0.375177,0.0124,0.0182,-2.611492,Down
GSE39645,EDN3,-0.323151,0.0124,0.0182,-2.611384,Down
GSE39645,LINC01588,-0.26642,0.0125,0.0183,-2.610572,Down
GSE39645,VTCN1,-0.477839,0.0125,0.0183,-2.610428,Down
GSE39645,ZFP36L2,0.320157,0.0125,0.0183,2.609905,Up
GSE39645,ZNRF4,-0.246305,0.0125,0.0183,-2.609334,Down
GSE39645,KCNG1,-0.368638,0.0125,0.0183,-2.608745,Down
GSE39645,TTC33,0.290946,0.0125,0.0184,2.608109,Up
GSE39645,CCL4L1///CCL4L2///CCL4///CCL4L1,1.071098,0.0125,0.0184,2.608075,Up
GSE39645,NAP1L3,0.445801,0.0125,0.0184,2.607805,Up
GSE39645,NAMPT,-0.765556,0.0126,0.0184,-2.607404,Down
GSE39645,DYDC1,-0.150742,0.0126,0.0184,-2.606772,Down
GSE39645,SOX7,-0.294825,0.0126,0.0185,-2.606027,Down
GSE39645,ZNF750,-0.251963,0.0126,0.0185,-2.605185,Down
GSE39645,SHPK,0.222086,0.0126,0.0185,2.60487,Up
GSE39645,GIMAP8,0.448845,0.0126,0.0185,2.604851,Up
GSE39645,PRR15L,-0.281419,0.0126,0.0185,-2.604554,Down
GSE39645,SLC39A13,0.221865,0.0127,0.0186,2.603812,Up
GSE39645,TMPRSS12,-0.262235,0.0127,0.0186,-2.602844,Down
GSE39645,TRIM49D2///TRIM49D1///TRIM48,-0.647638,0.0127,0.0186,-2.602411,Down
GSE39645,AKAP17A///ASMT,-0.230603,0.0127,0.0186,-2.601853,Down
GSE39645,PRKCI,0.336299,0.0127,0.0186,2.601731,Up
GSE39645,FGL2,0.66676,0.0127,0.0186,2.601671,Up
GSE39645,RASL10A,-0.254966,0.0127,0.0186,-2.601644,Down
GSE39645,EFHD2,-0.335169,0.0128,0.0187,-2.600327,Down
GSE39645,DRICH1,-0.290859,0.0128,0.0187,-2.600242,Down
GSE39645,MDH2,0.334232,0.0128,0.0187,2.600239,Up
GSE39645,TGIF1,-0.252397,0.0128,0.0187,-2.600146,Down
GSE39645,PPIP5K1,0.227167,0.0128,0.0187,2.59976,Up
GSE39645,NTMT1,0.415328,0.0128,0.0187,2.599699,Up
GSE39645,PPP1R12C,0.209419,0.0128,0.0188,2.599062,Up
GSE39645,PLEKHJ1,0.220806,0.0128,0.0188,2.598279,Up
GSE39645,AANAT,-0.259017,0.0129,0.0188,-2.597593,Down
GSE39645,GLS2,-0.253551,0.0129,0.0188,-2.597412,Down
GSE39645,LCLAT1,0.246679,0.0129,0.0188,2.597216,Up
GSE39645,HYAL2,-0.239219,0.0129,0.0188,-2.597117,Down
GSE39645,RLIM,0.334272,0.0129,0.0189,2.59628,Up
GSE39645,AP3B2,-0.299068,0.0129,0.0189,-2.59627,Down
GSE39645,NDUFB4,0.294126,0.0129,0.0189,2.596255,Up
GSE39645,NECAP1,0.422843,0.0129,0.0189,2.596194,Up
GSE39645,FAM104A,0.23147,0.0129,0.0189,2.596021,Up
GSE39645,TAL2,-0.371492,0.0129,0.0189,-2.595652,Down
GSE39645,TFE3,0.343602,0.0129,0.0189,2.595637,Up
GSE39645,NA,-0.200829,0.0129,0.0189,-2.595423,Down
GSE39645,CLDN7,-0.307813,0.0129,0.0189,-2.595221,Down
GSE39645,RHOBTB3,0.540376,0.0129,0.0189,2.595111,Up
GSE39645,UBE2D3,0.339162,0.0129,0.0189,2.595057,Up
GSE39645,CCDC183,-0.212877,0.013,0.0189,-2.594643,Down
GSE39645,ZNF713,0.350095,0.013,0.019,2.59413,Up
GSE39645,F2R,0.549387,0.013,0.019,2.594069,Up
GSE39645,ZNF121,0.318989,0.013,0.019,2.593759,Up
GSE39645,SAMD3,-0.309278,0.013,0.019,-2.592766,Down
GSE39645,MICAL1,0.376944,0.013,0.0191,2.591972,Up
GSE39645,FFAR3,-0.328802,0.0131,0.0191,-2.591788,Down
GSE39645,TMEM255B,0.343722,0.0131,0.0191,2.59137,Up
GSE39645,SERPINC1,-0.377319,0.0131,0.0191,-2.591258,Down
GSE39645,CAMTA1,0.332163,0.0131,0.0191,2.589974,Up
GSE39645,ASB7,0.169614,0.0131,0.0191,2.589941,Up
GSE39645,THNSL2,0.492146,0.0131,0.0191,2.589899,Up
GSE39645,LDHB,0.363908,0.0131,0.0192,2.589427,Up
GSE39645,PRSS16,-0.261576,0.0131,0.0192,-2.58915,Down
GSE39645,MTMR3,0.335947,0.0131,0.0192,2.589107,Up
GSE39645,GNA15,0.486723,0.0132,0.0192,2.588796,Up
GSE39645,TSEN34,-0.219009,0.0132,0.0192,-2.588778,Down
GSE39645,DMRTA1,-0.274045,0.0132,0.0192,-2.588702,Down
GSE39645,UMPS,0.416506,0.0132,0.0192,2.588555,Up
GSE39645,GEMIN2,0.266897,0.0132,0.0192,2.588372,Up
GSE39645,BLVRA,0.313922,0.0132,0.0192,2.587962,Up
GSE39645,LILRA2,0.500844,0.0132,0.0192,2.587704,Up
GSE39645,GJA1,-0.738511,0.0132,0.0192,-2.587673,Down
GSE39645,NOXA1,-0.191215,0.0132,0.0192,-2.587554,Down
GSE39645,AGTPBP1,0.466463,0.0132,0.0193,2.587189,Up
GSE39645,ZRANB3,0.309171,0.0132,0.0193,2.586714,Up
GSE39645,HMX1,-0.180164,0.0132,0.0193,-2.586659,Down
GSE39645,PDZD7,-0.211151,0.0132,0.0193,-2.586551,Down
GSE39645,C20orf203,-0.34634,0.0132,0.0193,-2.586305,Down
GSE39645,ZNF92,0.298441,0.0133,0.0194,2.585014,Up
GSE39645,PLXNB1,-0.305814,0.0133,0.0194,-2.584146,Down
GSE39645,LGALS13,-0.456581,0.0133,0.0194,-2.583869,Down
GSE39645,LIN7B,0.209663,0.0133,0.0194,2.58347,Up
GSE39645,SCX,-0.276238,0.0133,0.0194,-2.583061,Down
GSE39645,SDCCAG3,0.347883,0.0133,0.0195,2.582868,Up
GSE39645,NRG2,-0.169772,0.0134,0.0195,-2.582531,Down
GSE39645,ABCC5,0.263741,0.0134,0.0195,2.582479,Up
GSE39645,TRAPPC2L,0.235435,0.0134,0.0195,2.582264,Up
GSE39645,CES4A,-0.227646,0.0134,0.0195,-2.58221,Down
GSE39645,SPDYE16///SPDYE2B///SPDYE6///SPDYE8P///SPDYE2///SPDYE3///SPDYE7P///SPDYE1,-0.411713,0.0134,0.0195,-2.582117,Down
GSE39645,IVNS1ABP,0.460217,0.0134,0.0195,2.582048,Up
GSE39645,GARS,0.452761,0.0134,0.0195,2.581893,Up
GSE39645,UBE4B,0.261047,0.0134,0.0195,2.581837,Up
GSE39645,MRFAP1,0.260976,0.0134,0.0195,2.58156,Up
GSE39645,LOC100101478///TMSB15B,-0.443365,0.0134,0.0195,-2.581412,Down
GSE39645,UROD,0.314948,0.0134,0.0195,2.580507,Up
GSE39645,SLC46A1,0.290969,0.0135,0.0196,2.579116,Up
GSE39645,RPL22L1,0.716826,0.0135,0.0196,2.578759,Up
GSE39645,PSMB7,0.334974,0.0135,0.0196,2.57849,Up
GSE39645,HGFAC,-0.227378,0.0135,0.0196,-2.578471,Down
GSE39645,ACRV1,-0.332187,0.0135,0.0196,-2.578386,Down
GSE39645,GPRASP1,-0.3892,0.0135,0.0197,-2.578096,Down
GSE39645,HDAC2,0.417996,0.0135,0.0197,2.577784,Up
GSE39645,KLRC4-KLRK1///KLRK1,0.614358,0.0135,0.0197,2.5769,Up
GSE39645,CDC42SE2,0.280468,0.0136,0.0197,2.576643,Up
GSE39645,AGRP,-0.207246,0.0136,0.0197,-2.576183,Down
GSE39645,YPEL3,0.261346,0.0136,0.0197,2.576117,Up
GSE39645,RXRA,0.262934,0.0136,0.0198,2.575421,Up
GSE39645,IFNA8,-0.221789,0.0136,0.0198,-2.575371,Down
GSE39645,MRPL43,0.25516,0.0136,0.0198,2.575365,Up
GSE39645,RNF2,0.29292,0.0136,0.0198,2.57524,Up
GSE39645,MAGEL2,-0.292433,0.0136,0.0198,-2.575009,Down
GSE39645,IFT80,0.399286,0.0136,0.0198,2.574646,Up
GSE39645,FEZF2,-0.170016,0.0136,0.0198,-2.574467,Down
GSE39645,HIST1H2BA,-0.447113,0.0136,0.0198,-2.574429,Down
GSE39645,EIF3A,0.37454,0.0136,0.0198,2.574341,Up
GSE39645,TXN2,0.454311,0.0137,0.0199,2.573066,Up
GSE39645,HTR1A,-0.23513,0.0137,0.0199,-2.572199,Down
GSE39645,SNAPC4,-0.202691,0.0137,0.0199,-2.572082,Down
GSE39645,RBMX2,0.218482,0.0137,0.02,2.571298,Up
GSE39645,CEP126,0.357887,0.0138,0.02,2.570172,Up
GSE39645,ADGRD1,-0.571464,0.0138,0.0201,-2.569415,Down
GSE39645,ABTB1,-0.318572,0.0138,0.0201,-2.569371,Down
GSE39645,SH3GL1,0.393905,0.0138,0.0201,2.56916,Up
GSE39645,GNAT1,-0.211431,0.0138,0.0201,-2.569115,Down
GSE39645,RNF139,0.30266,0.0138,0.0201,2.569089,Up
GSE39645,FAXC,-0.266134,0.0138,0.0201,-2.568747,Down
GSE39645,PRSS3P2///PRSS2///PRSS3P2///PRSS2,-0.948649,0.0138,0.0201,-2.568523,Down
GSE39645,HSD17B10,0.309396,0.0138,0.0201,2.568448,Up
GSE39645,GMPPA,0.283943,0.0138,0.0201,2.568339,Up
GSE39645,FBLN7,-0.230772,0.0138,0.0201,-2.568061,Down
GSE39645,SRSF4,0.241469,0.0139,0.0201,2.567703,Up
GSE39645,WIZ,0.208609,0.0139,0.0201,2.567478,Up
GSE39645,MTG2,0.188932,0.0139,0.0202,2.56704,Up
GSE39645,AGAP5///AGAP9///AGAP12P///AGAP6///AGAP11///AGAP4,0.28698,0.0139,0.0202,2.566877,Up
GSE39645,PLEKHA5,0.482459,0.0139,0.0202,2.566641,Up
GSE39645,LCORL,0.343406,0.0139,0.0202,2.566292,Up
GSE39645,RPS6KA1,0.374835,0.0139,0.0202,2.566226,Up
GSE39645,SLC4A7,0.517099,0.0139,0.0202,2.56609,Up
GSE39645,AP3D1,0.305709,0.0139,0.0202,2.565178,Up
GSE39645,PRR25,-0.263287,0.014,0.0203,-2.564718,Down
GSE39645,TAS2R43,-0.229183,0.014,0.0203,-2.564324,Down
GSE39645,ZBTB7B,-0.235121,0.014,0.0203,-2.564008,Down
GSE39645,NLRX1,0.156337,0.014,0.0203,2.563443,Up
GSE39645,MTFR1,0.352174,0.014,0.0203,2.563284,Up
GSE39645,DPH5,0.425682,0.014,0.0203,2.563251,Up
GSE39645,GOLGA6L6///GOLGA6L22///GOLGA6L1,-0.724794,0.014,0.0203,-2.562853,Down
GSE39645,S100A2,-0.456561,0.014,0.0204,-2.562353,Down
GSE39645,KLRG1,-0.278016,0.0141,0.0204,-2.561537,Down
GSE39645,ANKRD42,0.237551,0.0141,0.0204,2.560924,Up
GSE39645,FBXL21,-0.252503,0.0141,0.0205,-2.56026,Down
GSE39645,PPIAP30///PPIAL4C///PPIAL4A///PPIAL4G///PPIA,0.15681,0.0141,0.0205,2.559687,Up
GSE39645,TRIM64C///TRIM64B///TRIM64EP,-0.750122,0.0142,0.0205,-2.558708,Down
GSE39645,HERC3,0.303806,0.0142,0.0205,2.558598,Up
GSE39645,TGS1,0.238671,0.0142,0.0206,2.557688,Up
GSE39645,CCDC142,0.185416,0.0143,0.0207,2.556375,Up
GSE39645,RPS10-NUDT3///RPS10,0.177976,0.0143,0.0207,2.556328,Up
GSE39645,LRRC8C,0.294795,0.0143,0.0207,2.555356,Up
GSE39645,DNAJA4,0.461207,0.0143,0.0207,2.555212,Up
GSE39645,CPS1,-0.55021,0.0143,0.0207,-2.555148,Down
GSE39645,PHC2,0.250711,0.0143,0.0207,2.554621,Up
GSE39645,TRMT1,0.293003,0.0143,0.0208,2.554158,Up
GSE39645,SIGMAR1,0.238247,0.0143,0.0208,2.554021,Up
GSE39645,GCN1,0.355138,0.0144,0.0208,2.553416,Up
GSE39645,NPTX2,0.719629,0.0144,0.0208,2.553196,Up
GSE39645,SEC11A///SEC11A,0.155445,0.0144,0.0209,2.551855,Up
GSE39645,TGIF2LY///TGIF2LX,-0.239889,0.0144,0.0209,-2.551834,Down
GSE39645,KLHL17,-0.172991,0.0144,0.0209,-2.551515,Down
GSE39645,PDIA5,-0.383683,0.0144,0.0209,-2.5514,Down
GSE39645,PRB4,-0.895935,0.0145,0.021,-2.550045,Down
GSE39645,AP1AR,0.360344,0.0145,0.021,2.549912,Up
GSE39645,CRYGS///CRYGS,-0.301614,0.0145,0.021,-2.549745,Down
GSE39645,OSTC,0.40275,0.0145,0.021,2.549707,Up
GSE39645,LHX2,-0.214737,0.0145,0.021,-2.549573,Down
GSE39645,FZD4,0.368526,0.0145,0.021,2.548516,Up
GSE39645,PLS3,0.492133,0.0145,0.021,2.548399,Up
GSE39645,C1orf145,-0.256139,0.0145,0.021,-2.548392,Down
GSE39645,GSTA4,0.349338,0.0146,0.021,2.548124,Up
GSE39645,C4orf46,0.622922,0.0146,0.0211,2.54787,Up
GSE39645,TUBG1,0.543145,0.0146,0.0211,2.547863,Up
GSE39645,ADGRG7,-0.877437,0.0146,0.0211,-2.547813,Down
GSE39645,PIR-FIGF///FIGF,-0.253602,0.0146,0.0211,-2.547687,Down
GSE39645,TRIM49C///TRIM49B///TRIM49,-1.026356,0.0146,0.0211,-2.547687,Down
GSE39645,PSTPIP1,-0.255703,0.0146,0.0211,-2.547396,Down
GSE39645,GSK3A,0.227466,0.0146,0.0211,2.546715,Up
GSE39645,CCL5,0.698909,0.0146,0.0211,2.546594,Up
GSE39645,SDE2,0.418957,0.0146,0.0211,2.546343,Up
GSE39645,LRRTM2,0.462281,0.0146,0.0211,2.545947,Up
GSE39645,TMEM268,0.330056,0.0146,0.0211,2.54576,Up
GSE39645,SLC18A3,-0.238736,0.0146,0.0212,-2.545669,Down
GSE39645,AMT///AMT,-0.207796,0.0146,0.0212,-2.545457,Down
GSE39645,CD55,-0.475781,0.0147,0.0212,-2.54502,Down
GSE39645,ZFP64,0.216492,0.0147,0.0212,2.54485,Up
GSE39645,HK2,0.370089,0.0147,0.0213,2.543545,Up
GSE39645,PLA2G5,-0.416746,0.0147,0.0213,-2.54334,Down
GSE39645,ILF3,0.395257,0.0148,0.0213,2.542583,Up
GSE39645,CELF6,-0.201568,0.0148,0.0213,-2.542383,Down
GSE39645,CRKL,0.242452,0.0148,0.0213,2.541945,Up
GSE39645,TSSC4,-0.168703,0.0148,0.0213,-2.541758,Down
GSE39645,FUT10,-0.168247,0.0148,0.0214,-2.540889,Down
GSE39645,POPDC2,0.245551,0.0148,0.0214,2.540519,Up
GSE39645,CTBP2,-0.182648,0.0149,0.0215,-2.539499,Down
GSE39645,AGAP5///AGAP9///AGAP12P///AGAP6///AGAP11///AGAP4,0.274921,0.0149,0.0215,2.538949,Up
GSE39645,RFTN1,0.504176,0.0149,0.0215,2.538944,Up
GSE39645,SPNS2,-0.227521,0.0149,0.0215,-2.538836,Down
GSE39645,PTPRM,0.324211,0.0149,0.0215,2.538778,Up
GSE39645,SOWAHC,0.432404,0.0149,0.0215,2.538145,Up
GSE39645,TRMT6,-0.202546,0.0149,0.0216,-2.53738,Down
GSE39645,RAG2,-0.205939,0.015,0.0216,-2.536125,Down
GSE39645,ZBTB18,-0.262971,0.015,0.0216,-2.535684,Down
GSE39645,PCDHA1///PCDHA2///PCDHA3///PCDHA4///PCDHA5///PCDHA6///PCDHA7///PCDHA8///PCDHA10///PCDHA11///PCDHA12///PCDHA13///PCDHAC1///PCDHAC2///PCDHA9,-0.18744,0.0151,0.0218,-2.533384,Down
GSE39645,RPS11,0.119278,0.0151,0.0218,2.533111,Up
GSE39645,SACS,-0.539288,0.0151,0.0218,-2.532871,Down
GSE39645,KATNAL2,-0.207935,0.0152,0.0219,-2.531559,Down
GSE39645,SPATA2,-0.227217,0.0152,0.0219,-2.530736,Down
GSE39645,NLRP11,-0.363267,0.0152,0.0219,-2.530257,Down
GSE39645,PPIC,-0.461685,0.0152,0.0219,-2.529917,Down
GSE39645,ASB13,0.219258,0.0153,0.022,2.528928,Up
GSE39645,HNRNPU,0.221731,0.0153,0.022,2.528786,Up
GSE39645,NXT1,-0.216736,0.0153,0.022,-2.528557,Down
GSE39645,PDZRN3,-0.454743,0.0153,0.022,-2.528332,Down
GSE39645,SPNS1,0.225722,0.0153,0.022,2.527893,Up
GSE39645,QRICH2,-0.243018,0.0153,0.022,-2.527742,Down
GSE39645,RPL39L,0.59479,0.0153,0.0221,2.52754,Up
GSE39645,ANAPC11,0.374158,0.0153,0.0221,2.527038,Up
GSE39645,WRAP53,-0.199502,0.0153,0.0221,-2.526596,Down
GSE39645,ACVR2A,0.405803,0.0154,0.0222,2.525711,Up
GSE39645,ATAD2B,0.340631,0.0154,0.0222,2.525567,Up
GSE39645,FUT8,-0.447334,0.0154,0.0222,-2.525034,Down
GSE39645,TXLNG,0.327971,0.0154,0.0222,2.524235,Up
GSE39645,RBM10,0.272994,0.0154,0.0222,2.524121,Up
GSE39645,GMDS,-0.287513,0.0154,0.0222,-2.524091,Down
GSE39645,OLA1,0.328874,0.0155,0.0223,2.523611,Up
GSE39645,BSN,-0.213427,0.0155,0.0223,-2.523157,Down
GSE39645,PATL2,-0.284409,0.0155,0.0223,-2.522721,Down
GSE39645,NA,0.296577,0.0155,0.0223,2.522532,Up
GSE39645,ELOF1,0.309856,0.0155,0.0224,2.521756,Up
GSE39645,ZNF761///ZNF525///ZNF320///ZNF813///ZNF845///ZNF765///ZNF468///ZNF83///ZNF701///ZNF28,0.167158,0.0156,0.0224,2.520715,Up
GSE39645,PYCRL///PYCRL,-0.149771,0.0156,0.0224,-2.520174,Down
GSE39645,HBE1,-0.483048,0.0156,0.0225,-2.519812,Down
GSE39645,RABEPK,0.276293,0.0156,0.0225,2.519629,Up
GSE39645,PILRA,0.395145,0.0156,0.0225,2.519486,Up
GSE39645,DARS2,0.34412,0.0156,0.0225,2.519156,Up
GSE39645,IFITM2,0.244662,0.0156,0.0225,2.518885,Up
GSE39645,SPRR2A,-0.326911,0.0156,0.0225,-2.518834,Down
GSE39645,NINJ1,0.378528,0.0157,0.0225,2.518502,Up
GSE39645,ARHGAP29,-0.747492,0.0157,0.0225,-2.518325,Down
GSE39645,INTS9,0.269068,0.0157,0.0225,2.518022,Up
GSE39645,ADM,-0.912437,0.0157,0.0226,-2.516835,Down
GSE39645,ZNF782,0.225796,0.0157,0.0226,2.516299,Up
GSE39645,CCDC50,0.315535,0.0157,0.0226,2.516265,Up
GSE39645,ARRDC1-AS1,0.303958,0.0157,0.0226,2.516261,Up
GSE39645,SCG2,-0.603326,0.0158,0.0226,-2.516009,Down
GSE39645,UGT2A3,-0.931517,0.0158,0.0226,-2.515974,Down
GSE39645,NAB1,0.459118,0.0158,0.0227,2.515675,Up
GSE39645,TMEM97,-0.416146,0.0158,0.0227,-2.515653,Down
GSE39645,FBXL18,-0.159893,0.0158,0.0227,-2.515017,Down
GSE39645,RFESD,0.194876,0.0158,0.0227,2.514642,Up
GSE39645,EDRF1,0.25647,0.0158,0.0227,2.514423,Up
GSE39645,BGN,-0.640341,0.0158,0.0227,-2.514299,Down
GSE39645,AMY2B///AMY2A///AMY1C///AMY1B///AMY1A,-0.68753,0.0158,0.0227,-2.514216,Down
GSE39645,POTEB3///LOC102723502///POTEB///LOC100288966///POTEB2///POTEF///POTEJ///POTEM///POTEE///POTEKP///POTEG///POTEC///POTED///POTEH,-0.574494,0.0158,0.0227,-2.514151,Down
GSE39645,HIST1H3J,-0.36945,0.0158,0.0227,-2.514082,Down
GSE39645,ACO2,0.423313,0.0158,0.0227,2.514014,Up
GSE39645,KLHL6,0.55587,0.0158,0.0227,2.513934,Up
GSE39645,LAMP5,-0.56264,0.0158,0.0228,-2.513525,Down
GSE39645,LOC692247,-0.261317,0.0159,0.0228,-2.513119,Down
GSE39645,SLC2A11,-0.210542,0.0159,0.0228,-2.512717,Down
GSE39645,LTBP4,0.571493,0.0159,0.0228,2.512709,Up
GSE39645,SLITRK1,-0.564799,0.0159,0.0228,-2.512621,Down
GSE39645,HIST1H2AB,-0.528689,0.0159,0.0228,-2.511751,Down
GSE39645,S1PR2,-0.237527,0.0159,0.0228,-2.511632,Down
GSE39645,HNRNPR,0.34724,0.0159,0.0229,2.511296,Up
GSE39645,KRT17,-0.303971,0.016,0.0229,-2.51032,Down
GSE39645,LYZ,0.91088,0.016,0.0229,2.51012,Up
GSE39645,ERICH5,-0.214336,0.016,0.0229,-2.510034,Down
GSE39645,TESMIN,-0.285229,0.016,0.0229,-2.509995,Down
GSE39645,CCT6A,0.504895,0.016,0.0229,2.509718,Up
GSE39645,FAM200A,0.360045,0.016,0.023,2.509527,Up
GSE39645,SPACA4,-0.246219,0.016,0.023,-2.508593,Down
GSE39645,LRFN2,-0.201016,0.0161,0.023,-2.50837,Down
GSE39645,PNKP,0.187856,0.0161,0.023,2.508093,Up
GSE39645,LRRC43,-0.246748,0.0161,0.023,-2.508067,Down
GSE39645,SRPX,-0.658661,0.0161,0.0231,-2.507624,Down
GSE39645,KLHL25,-0.285411,0.0161,0.0231,-2.507224,Down
GSE39645,KLHL11,0.346056,0.0161,0.0231,2.507071,Up
GSE39645,CD99,0.309848,0.0161,0.0231,2.506377,Up
GSE39645,COX6A1,0.278834,0.0162,0.0232,2.505716,Up
GSE39645,SOD2,-0.541977,0.0162,0.0232,-2.505627,Down
GSE39645,OGT,0.406279,0.0162,0.0232,2.505588,Up
GSE39645,ZNF442,0.212862,0.0162,0.0232,2.504971,Up
GSE39645,GORASP1,0.292884,0.0162,0.0232,2.504604,Up
GSE39645,GUF1///GUF1,0.436908,0.0162,0.0232,2.504471,Up
GSE39645,CUEDC2,0.398697,0.0162,0.0232,2.504194,Up
GSE39645,NR1D1,0.473154,0.0162,0.0233,2.503719,Up
GSE39645,ZNF74,-0.179971,0.0162,0.0233,-2.50348,Down
GSE39645,RASL12,-0.279479,0.0163,0.0233,-2.503075,Down
GSE39645,SNX11,0.198447,0.0163,0.0233,2.502687,Up
GSE39645,HOXD12,-0.291065,0.0163,0.0233,-2.502307,Down
GSE39645,ISG20L2,0.365343,0.0163,0.0233,2.502297,Up
GSE39645,SPTBN2,-0.2394,0.0163,0.0233,-2.502293,Down
GSE39645,DYNC2LI1,0.27316,0.0163,0.0233,2.502001,Up
GSE39645,PEX11A,-0.294635,0.0163,0.0233,-2.501883,Down
GSE39645,UGCG,0.671999,0.0163,0.0233,2.50181,Up
GSE39645,IMMP1L,0.348901,0.0163,0.0234,2.501684,Up
GSE39645,ARL5B,-0.315146,0.0163,0.0234,-2.501225,Down
GSE39645,SRRD,0.277105,0.0163,0.0234,2.500874,Up
GSE39645,YKT6,0.341959,0.0164,0.0234,2.5001,Up
GSE39645,ALDH8A1,-0.280928,0.0164,0.0234,-2.499978,Down
GSE39645,TIMM17B,0.26052,0.0164,0.0234,2.499804,Up
GSE39645,MPP6,0.761446,0.0164,0.0235,2.49918,Up
GSE39645,ELP5,0.189599,0.0164,0.0235,2.499072,Up
GSE39645,NPAP1,-0.253356,0.0164,0.0235,-2.498629,Down
GSE39645,PDDC1,0.209848,0.0165,0.0236,2.497768,Up
GSE39645,FSTL5,0.981851,0.0165,0.0236,2.49774,Up
GSE39645,OTUD4,0.38915,0.0165,0.0236,2.497709,Up
GSE39645,KRT28,-0.158282,0.0165,0.0236,-2.497698,Down
GSE39645,MMP11,-0.24095,0.0165,0.0236,-2.497643,Down
GSE39645,CAAP1,0.33434,0.0165,0.0236,2.497402,Up
GSE39645,QARS,0.367539,0.0165,0.0236,2.49673,Up
GSE39645,C7orf69,-0.596893,0.0165,0.0236,-2.496556,Down
GSE39645,ZNF610,0.274641,0.0165,0.0236,2.49634,Up
GSE39645,RHOU,-0.531698,0.0165,0.0237,-2.495876,Down
GSE39645,RING1,0.232652,0.0166,0.0237,2.495862,Up
GSE39645,SLC44A1,0.539942,0.0166,0.0237,2.494726,Up
GSE39645,TUFT1,-0.368657,0.0166,0.0237,-2.494654,Down
GSE39645,GRM6,-0.177604,0.0166,0.0237,-2.494151,Down
GSE39645,ZAR1L,-0.185115,0.0166,0.0237,-2.494116,Down
GSE39645,ADGRA1,-0.263673,0.0166,0.0238,-2.493643,Down
GSE39645,KCNE3,0.30599,0.0166,0.0238,2.493608,Up
GSE39645,THSD7B,-0.330529,0.0166,0.0238,-2.493597,Down
GSE39645,CNTN6,0.663637,0.0166,0.0238,2.493421,Up
GSE39645,SH3GLB1,0.355757,0.0166,0.0238,2.493405,Up
GSE39645,DDX39A,0.399574,0.0167,0.0238,2.493133,Up
GSE39645,ARHGAP30,0.370601,0.0167,0.0238,2.492521,Up
GSE39645,DNTTIP1,0.230827,0.0167,0.0238,2.492114,Up
GSE39645,PDK1,0.387894,0.0167,0.0239,2.491813,Up
GSE39645,MAP2K3,-0.499131,0.0167,0.0239,-2.491282,Down
GSE39645,SKIV2L,0.285044,0.0167,0.0239,2.490972,Up
GSE39645,BAIAP2,0.438009,0.0168,0.0239,2.490301,Up
GSE39645,TRRAP,0.391855,0.0168,0.024,2.489865,Up
GSE39645,TIMM50,0.256083,0.0168,0.024,2.489298,Up
GSE39645,HM13,0.240637,0.0168,0.024,2.488738,Up
GSE39645,TMEM8B,0.231029,0.0169,0.024,2.488502,Up
GSE39645,MAZ,-0.18112,0.0169,0.0241,-2.487983,Down
GSE39645,STEAP1,-0.768898,0.0169,0.0241,-2.48793,Down
GSE39645,SEMA6C,-0.236412,0.0169,0.0241,-2.487921,Down
GSE39645,WFDC9,-0.543669,0.0169,0.0241,-2.48716,Down
GSE39645,RGN,-0.619707,0.0169,0.0241,-2.48707,Down
GSE39645,REPIN1,0.1837,0.0169,0.0241,2.486613,Up
GSE39645,APOL1,0.544746,0.0169,0.0241,2.486563,Up
GSE39645,GORASP2,0.345584,0.0169,0.0241,2.486377,Up
GSE39645,AHRR///PDCD6,-0.211966,0.0169,0.0241,-2.486355,Down
GSE39645,GNA12,0.328644,0.0169,0.0242,2.486135,Up
GSE39645,HINT1,0.251541,0.017,0.0242,2.485816,Up
GSE39645,GSTZ1,0.235438,0.017,0.0242,2.485709,Up
GSE39645,2,-0.673388,0.017,0.0242,-2.485558,Down
GSE39645,BLOC1S4,0.188786,0.017,0.0242,2.484941,Up
GSE39645,MYLK4,-0.243703,0.017,0.0242,-2.484648,Down
GSE39645,TRIM45,-0.188129,0.017,0.0243,-2.484303,Down
GSE39645,MGAT2,0.401931,0.017,0.0243,2.484112,Up
GSE39645,SCD5,-0.427315,0.017,0.0243,-2.48401,Down
GSE39645,SPATS2L,0.372463,0.017,0.0243,2.483778,Up
GSE39645,FANCL,0.492776,0.0171,0.0243,2.483528,Up
GSE39645,NABP2,0.314664,0.0171,0.0243,2.483502,Up
GSE39645,CCDC125,0.280246,0.0171,0.0243,2.483316,Up
GSE39645,ADSSL1,0.424241,0.0171,0.0243,2.482679,Up
GSE39645,HS3ST3A1,-0.225759,0.0171,0.0243,-2.482582,Down
GSE39645,FMO3,-0.432921,0.0171,0.0244,-2.482285,Down
GSE39645,IKBKAP,0.350909,0.0171,0.0244,2.4815,Up
GSE39645,RASSF7,-0.21997,0.0171,0.0244,-2.481404,Down
GSE39645,HDDC2///HDDC2,0.299488,0.0172,0.0244,2.480752,Up
GSE39645,BRPF1,0.293285,0.0172,0.0244,2.480695,Up
GSE39645,ADSL,0.385086,0.0172,0.0245,2.480059,Up
GSE39645,APOLD1,-0.457205,0.0172,0.0245,-2.479734,Down
GSE39645,P4HB,0.403629,0.0172,0.0245,2.47961,Up
GSE39645,MTMR8,0.260507,0.0172,0.0245,2.479123,Up
GSE39645,BPIFB6,-0.273768,0.0173,0.0245,-2.478847,Down
GSE39645,RPRML,-0.216152,0.0173,0.0246,-2.478582,Down
GSE39645,CRTAP,0.195027,0.0173,0.0246,2.478552,Up
GSE39645,FAM122B,0.243975,0.0173,0.0246,2.478433,Up
GSE39645,LMBR1,0.282059,0.0173,0.0246,2.478118,Up
GSE39645,TBC1D3I///TBC1D3E///LOC101060389///TBC1D3L///TBC1D3K///TBC1D3G///TBC1D3H///TBC1D3///TBC1D3P2///TBC1D3C///TBC1D3B///TBC1D3F,0.23999,0.0173,0.0246,2.47793,Up
GSE39645,HUWE1,0.33705,0.0173,0.0246,2.477425,Up
GSE39645,LOC102725117///ARHGEF34P///ARHGEF35///ARHGEF5,0.33152,0.0173,0.0246,2.477176,Up
GSE39645,SFRP1,0.709766,0.0173,0.0246,2.477061,Up
GSE39645,ZBED3,-0.173808,0.0173,0.0246,-2.476857,Down
GSE39645,ARHGAP11B,-0.468067,0.0173,0.0246,-2.476816,Down
GSE39645,THAP9,-0.156928,0.0174,0.0247,-2.476403,Down
GSE39645,GTF3C5,0.261138,0.0174,0.0247,2.475399,Up
GSE39645,EXOC3L1,-0.208424,0.0174,0.0247,-2.475284,Down
GSE39645,IGFBP5,-0.677481,0.0174,0.0248,-2.474554,Down
GSE39645,KCNJ5,-0.374351,0.0174,0.0248,-2.474191,Down
GSE39645,ZCCHC10,0.274528,0.0175,0.0248,2.47393,Up
GSE39645,PTRF,0.371966,0.0175,0.0248,2.473594,Up
GSE39645,RHOXF1,-0.272341,0.0175,0.0248,-2.473416,Down
GSE39645,ABCB6,-0.20551,0.0175,0.0249,-2.473031,Down
GSE39645,VAT1L,-0.935887,0.0176,0.0249,-2.471716,Down
GSE39645,ATP2A2,0.420805,0.0176,0.0249,2.471518,Up
GSE39645,KMT2D,0.332374,0.0176,0.025,2.471287,Up
GSE39645,POLD3,0.319543,0.0176,0.025,2.470959,Up
GSE39645,REPS2,-0.379726,0.0176,0.025,-2.470474,Down
GSE39645,IFNA14///IFNA7,-0.2195,0.0176,0.025,-2.470391,Down
GSE39645,TRHDE,-0.387682,0.0176,0.025,-2.470316,Down
GSE39645,CGB2///CGB1///CGB8///CGB7///CGB5///LHB///CGB3///CGB7,-0.233867,0.0176,0.025,-2.469831,Down
GSE39645,EPHA2,0.422362,0.0177,0.0251,2.469473,Up
GSE39645,NA,-0.261608,0.0177,0.0251,-2.469449,Down
GSE39645,SNX18,-0.181596,0.0177,0.0251,-2.469419,Down
GSE39645,PRCC,0.26201,0.0177,0.0251,2.468955,Up
GSE39645,CEBPG,0.275283,0.0177,0.0251,2.4689,Up
GSE39645,GFRAL,-0.248071,0.0177,0.0251,-2.468134,Down
GSE39645,ALG10B///ALG10,0.232719,0.0177,0.0251,2.468016,Up
GSE39645,CD52,-0.443591,0.0177,0.0251,-2.467924,Down
GSE39645,SLC10A7,0.26882,0.0178,0.0252,2.466898,Up
GSE39645,ZNF524,-0.203805,0.0178,0.0252,-2.466764,Down
GSE39645,ZNF800,0.358093,0.0178,0.0252,2.466038,Up
GSE39645,RNF19A,0.355365,0.0178,0.0252,2.466,Up
GSE39645,SLC7A9,-0.191139,0.0178,0.0253,-2.465502,Down
GSE39645,PCDH9,0.749275,0.0178,0.0253,2.465367,Up
GSE39645,TACC1,0.29227,0.0178,0.0253,2.465306,Up
GSE39645,ZNF282,0.215444,0.0178,0.0253,2.465253,Up
GSE39645,PLN,-0.369803,0.0179,0.0253,-2.464778,Down
GSE39645,PNKD,0.227241,0.0179,0.0254,2.463982,Up
GSE39645,PIK3R6,-0.247885,0.0179,0.0254,-2.463243,Down
GSE39645,TAF11,0.274107,0.0179,0.0254,2.462638,Up
GSE39645,TCF24,-0.152867,0.018,0.0255,-2.462239,Down
GSE39645,RTBDN,-0.248249,0.018,0.0255,-2.461334,Down
GSE39645,GPATCH2,0.247888,0.018,0.0256,2.46067,Up
GSE39645,PPME1,0.320072,0.0181,0.0256,2.46014,Up
GSE39645,DHCR24,-0.552799,0.0181,0.0256,-2.459957,Down
GSE39645,OSMR,0.510415,0.0181,0.0256,2.459766,Up
GSE39645,RAPH1,0.394567,0.0182,0.0257,2.457971,Up
GSE39645,PARS2,-0.139556,0.0182,0.0257,-2.457451,Down
GSE39645,PANK2,0.175244,0.0182,0.0258,2.457067,Up
GSE39645,MCFD2,0.378359,0.0182,0.0258,2.45681,Up
GSE39645,WDR17,0.428946,0.0182,0.0258,2.456087,Up
GSE39645,SOX15,-0.190192,0.0182,0.0258,-2.45598,Down
GSE39645,FGFR1,-0.427023,0.0183,0.0259,-2.455188,Down
GSE39645,TYMS,0.77948,0.0183,0.0259,2.455024,Up
GSE39645,ZNF18,0.156857,0.0183,0.0259,2.45436,Up
GSE39645,SLC16A10,-0.547007,0.0183,0.0259,-2.454161,Down
GSE39645,ZNF714,0.299555,0.0183,0.0259,2.454046,Up
GSE39645,MUC12,-0.57622,0.0184,0.026,-2.452297,Down
GSE39645,TARDBP,0.226569,0.0184,0.0261,2.451668,Up
GSE39645,ALDOA,0.215045,0.0185,0.0261,2.450898,Up
GSE39645,SP3,0.199256,0.0185,0.0262,2.450395,Up
GSE39645,TMEM38B,0.402611,0.0185,0.0262,2.449743,Up
GSE39645,UTP11,0.496128,0.0185,0.0262,2.449648,Up
GSE39645,CSNK1G1,0.265225,0.0185,0.0262,2.449526,Up
GSE39645,GTF2IRD1,0.414986,0.0186,0.0263,2.448754,Up
GSE39645,POLR2C,0.333586,0.0186,0.0263,2.448309,Up
GSE39645,AQP5,-0.319945,0.0186,0.0263,-2.447408,Down
GSE39645,DNAJB6,0.201722,0.0186,0.0264,2.447059,Up
GSE39645,LEP,-0.603514,0.0187,0.0264,-2.446737,Down
GSE39645,RADIL,0.24361,0.0187,0.0264,2.446707,Up
GSE39645,ZNF414,0.219608,0.0187,0.0264,2.445779,Up
GSE39645,LSMEM1,-0.211049,0.0187,0.0264,-2.445741,Down
GSE39645,THAP11,0.258665,0.0187,0.0265,2.445446,Up
GSE39645,PTER,0.346515,0.0187,0.0265,2.444905,Up
GSE39645,CETP,-0.367523,0.0188,0.0265,-2.444511,Down
GSE39645,CBFA2T2,0.227119,0.0188,0.0265,2.444042,Up
GSE39645,GADD45G,-0.343104,0.0188,0.0265,-2.443958,Down
GSE39645,KAT2A,0.247462,0.0189,0.0267,2.442178,Up
GSE39645,CGB2///CGB1///CGB8///CGB7///CGB5///LHB///CGB3///CGB7,-0.239942,0.0189,0.0267,-2.441912,Down
GSE39645,RPSAP36///RPSAP19///RPSAP9///RPSAP58///RPSAP15///RPSA,0.181897,0.0189,0.0267,2.441228,Up
GSE39645,SLC1A5,-0.232515,0.0189,0.0267,-2.44107,Down
GSE39645,TNFRSF10B,0.319772,0.019,0.0268,2.439539,Up
GSE39645,SLC38A10,0.192724,0.019,0.0268,2.439425,Up
GSE39645,EIF1AX,0.367196,0.019,0.0268,2.43897,Up
GSE39645,MBTPS1,0.280293,0.019,0.0268,2.438967,Up
GSE39645,ROBO3,-0.217783,0.019,0.0269,-2.438722,Down
GSE39645,ZNF704,-0.410078,0.019,0.0269,-2.438119,Down
GSE39645,MAPK13,-0.457415,0.0191,0.0269,-2.43793,Down
GSE39645,DCP2,0.256153,0.0191,0.0269,2.437914,Up
GSE39645,GPR157,-0.203714,0.0191,0.0269,-2.437574,Down
GSE39645,CXCL13,-0.224103,0.0191,0.0269,-2.437329,Down
GSE39645,JRK,-0.195391,0.0191,0.0269,-2.437095,Down
GSE39645,ZNF862,0.181311,0.0191,0.027,2.436064,Up
GSE39645,ZNF629,-0.173836,0.0192,0.0271,-2.434865,Down
GSE39645,NFIB,0.425307,0.0192,0.0271,2.434713,Up
GSE39645,DRD4,-0.16361,0.0192,0.0271,-2.434385,Down
GSE39645,GRAMD1A,0.242521,0.0192,0.0271,2.434189,Up
GSE39645,BAHCC1,-0.212065,0.0193,0.0272,-2.433603,Down
GSE39645,NADK,-0.189494,0.0193,0.0272,-2.433103,Down
GSE39645,PIP5K1C,0.222695,0.0193,0.0272,2.433089,Up
GSE39645,CRYGB,-0.306595,0.0193,0.0272,-2.432871,Down
GSE39645,RGSL1,-0.292328,0.0193,0.0273,-2.432112,Down
GSE39645,TRMT12,0.286996,0.0194,0.0273,2.43142,Up
GSE39645,TFAP2B,-0.247172,0.0194,0.0273,-2.430981,Down
GSE39645,EMSY,0.335742,0.0194,0.0273,2.43091,Up
GSE39645,RPAP2,0.257451,0.0194,0.0273,2.430876,Up
GSE39645,S100G,-0.190965,0.0194,0.0274,-2.430335,Down
GSE39645,CDH5,-0.605633,0.0194,0.0274,-2.430329,Down
GSE39645,FAM47A,-0.222302,0.0194,0.0274,-2.429862,Down
GSE39645,UNC119B,0.181464,0.0194,0.0274,2.429444,Up
GSE39645,TNFRSF11B,0.535243,0.0195,0.0275,2.428527,Up
GSE39645,DUSP16,0.411669,0.0195,0.0275,2.427848,Up
GSE39645,PUS3,0.338061,0.0195,0.0275,2.42753,Up
GSE39645,MEGF6,-0.241928,0.0195,0.0275,-2.427383,Down
GSE39645,POLL,0.219787,0.0196,0.0276,2.427145,Up
GSE39645,ECM2,-0.439629,0.0196,0.0276,-2.427004,Down
GSE39645,FAM117B,0.348318,0.0196,0.0276,2.426919,Up
GSE39645,SLC7A1,-0.518437,0.0196,0.0276,-2.426894,Down
GSE39645,ACTR3,0.33537,0.0197,0.0277,2.424916,Up
GSE39645,LMO1,-0.206688,0.0197,0.0277,-2.424735,Down
GSE39645,ZSCAN18,0.228546,0.0197,0.0277,2.424718,Up
GSE39645,CXCR6,-0.281339,0.0197,0.0277,-2.424589,Down
GSE39645,PTAFR,-0.233185,0.0197,0.0277,-2.42458,Down
GSE39645,VAMP1,-0.287172,0.0197,0.0277,-2.424508,Down
GSE39645,MRPS17,0.273364,0.0197,0.0277,2.424325,Up
GSE39645,MPP7,-0.297458,0.0197,0.0277,-2.424302,Down
GSE39645,INTS1,0.246237,0.0197,0.0278,2.423269,Up
GSE39645,DEFB133,-0.205419,0.0197,0.0278,-2.423231,Down
GSE39645,RAD51,-0.443345,0.0198,0.0278,-2.4225,Down
GSE39645,RASAL2,0.358594,0.0198,0.0279,2.4219,Up
GSE39645,CD200R1,-0.264095,0.0198,0.0279,-2.421563,Down
GSE39645,ZNF165,-0.282954,0.0198,0.0279,-2.421483,Down
GSE39645,MCTS1,0.342872,0.0199,0.028,2.420601,Up
GSE39645,APBB3,0.247445,0.0199,0.028,2.420466,Up
GSE39645,NOP14,0.338347,0.0199,0.028,2.420381,Up
GSE39645,KLHDC10,0.322619,0.0199,0.0281,2.419032,Up
GSE39645,SERINC4,-0.206823,0.02,0.0281,-2.418173,Down
GSE39645,LRTM2,-0.212136,0.02,0.0281,-2.41779,Down
GSE39645,SRSF1,0.414971,0.02,0.0282,2.417379,Up
GSE39645,PTS,0.449116,0.02,0.0282,2.416979,Up
GSE39645,DNAJA1,0.37136,0.0201,0.0282,2.416353,Up
GSE39645,CST3,0.236157,0.0201,0.0282,2.416314,Up
GSE39645,LUZP6///MTPN,0.257329,0.0201,0.0283,2.415775,Up
GSE39645,KCNQ1,0.314956,0.0201,0.0283,2.415301,Up
GSE39645,LRRC29,-0.226989,0.0202,0.0283,-2.41442,Down
GSE39645,SULT1A2,0.317182,0.0202,0.0284,2.414085,Up
GSE39645,GLRX,0.515421,0.0202,0.0284,2.413946,Up
GSE39645,CFAP53,-0.258036,0.0202,0.0284,-2.413451,Down
GSE39645,SNRPA,0.359017,0.0202,0.0284,2.41325,Up
GSE39645,CXorf40A,-0.2124,0.0202,0.0284,-2.413246,Down
GSE39645,LRRC1,0.42398,0.0202,0.0284,2.41318,Up
GSE39645,EVC,0.292167,0.0202,0.0284,2.412939,Up
GSE39645,SALL3,-0.176876,0.0203,0.0285,-2.412161,Down
GSE39645,PBK,-0.797369,0.0203,0.0285,-2.412057,Down
GSE39645,CYSLTR1,0.40319,0.0203,0.0286,2.411019,Up
GSE39645,KCTD7,0.28263,0.0204,0.0286,2.410629,Up
GSE39645,OBP2A,-0.259193,0.0204,0.0286,-2.410612,Down
GSE39645,CMPK2,0.290871,0.0204,0.0286,2.410163,Up
GSE39645,NA,-0.3005,0.0204,0.0286,-2.409913,Down
GSE39645,CBLB,-0.432309,0.0204,0.0286,-2.40956,Down
GSE39645,HNRNPA0,0.303534,0.0204,0.0286,2.409479,Up
GSE39645,NTN3,-0.197761,0.0204,0.0287,-2.409267,Down
GSE39645,ZFPM1,-0.203859,0.0204,0.0287,-2.409055,Down
GSE39645,RASIP1,-0.352094,0.0204,0.0287,-2.408645,Down
GSE39645,ZFP37,0.224082,0.0205,0.0287,2.408414,Up
GSE39645,DPCD///DPCD,0.34402,0.0205,0.0287,2.407988,Up
GSE39645,FLAD1,0.192903,0.0205,0.0287,2.407888,Up
GSE39645,CES1,-0.757091,0.0205,0.0288,-2.406854,Down
GSE39645,CPM,0.760244,0.0205,0.0288,2.406609,Up
GSE39645,ZNF236,0.243864,0.0206,0.0288,2.406513,Up
GSE39645,STX5,0.239989,0.0206,0.0289,2.405617,Up
GSE39645,TSTD1///F11R,0.456229,0.0206,0.0289,2.404928,Up
GSE39645,TFG,0.346518,0.0206,0.0289,2.404919,Up
GSE39645,C9orf16,0.265459,0.0206,0.0289,2.404654,Up
GSE39645,MBD6,0.220376,0.0207,0.029,2.404384,Up
GSE39645,CHCHD2,0.348785,0.0207,0.029,2.404082,Up
GSE39645,POMT2,0.252914,0.0207,0.029,2.403979,Up
GSE39645,METAP1,0.399875,0.0207,0.029,2.403556,Up
GSE39645,C1orf116,-0.231338,0.0207,0.029,-2.403129,Down
GSE39645,PRRG1,0.347528,0.0208,0.0291,2.402009,Up
GSE39645,MFSD9,-0.199336,0.0208,0.0291,-2.401534,Down
GSE39645,LACTB2,0.421597,0.0208,0.0292,2.400878,Up
GSE39645,PTRH1,0.174341,0.0208,0.0292,2.400585,Up
GSE39645,PSMF1,0.18559,0.0209,0.0292,2.40012,Up
GSE39645,PTPRR,-0.208168,0.0209,0.0293,-2.398734,Down
GSE39645,HAND2,0.853515,0.021,0.0294,2.398174,Up
GSE39645,PLEKHS1,-0.457206,0.021,0.0294,-2.398124,Down
GSE39645,TRAF3IP3,0.342556,0.021,0.0294,2.397912,Up
GSE39645,KCNH5,-0.285208,0.021,0.0294,-2.397723,Down
GSE39645,FANK1,0.303347,0.021,0.0294,2.397157,Up
GSE39645,LHPP,0.415058,0.021,0.0294,2.39712,Up
GSE39645,20,-0.278023,0.021,0.0295,-2.396861,Down
GSE39645,DYNC2H1,0.491264,0.021,0.0295,2.396627,Up
GSE39645,KLRD1,-0.333901,0.021,0.0295,-2.396604,Down
GSE39645,NCAPH2,-0.161613,0.0211,0.0295,-2.395822,Down
GSE39645,PAIP2,0.264137,0.0211,0.0295,2.395673,Up
GSE39645,SLC25A28,0.156851,0.0211,0.0295,2.395555,Up
GSE39645,SKA1,-0.270461,0.0211,0.0296,-2.395242,Down
GSE39645,MAGEB16,-0.213551,0.0211,0.0296,-2.395088,Down
GSE39645,RAVER2,-0.360033,0.0211,0.0296,-2.395001,Down
GSE39645,CKMT2,-0.336615,0.0211,0.0296,-2.394623,Down
GSE39645,SPINK9,-0.206574,0.0212,0.0296,-2.393873,Down
GSE39645,CCDC144CP///CCDC144NL///CCDC144B///CCDC144A,-0.303344,0.0212,0.0296,-2.393799,Down
GSE39645,GABPA,-0.150318,0.0212,0.0297,-2.393479,Down
GSE39645,DCAF15,0.210733,0.0212,0.0297,2.393185,Up
GSE39645,RPP40,0.337323,0.0212,0.0297,2.393104,Up
GSE39645,ZADH2,0.220389,0.0212,0.0297,2.39276,Up
GSE39645,PIK3R5,0.431287,0.0212,0.0297,2.392612,Up
GSE39645,ITPKA,-0.237913,0.0213,0.0297,-2.39221,Down
GSE39645,NTSR1,-0.233933,0.0213,0.0298,-2.391418,Down
GSE39645,DUSP2,-0.348434,0.0213,0.0298,-2.39141,Down
GSE39645,INTS7,0.421879,0.0214,0.0299,2.390018,Up
GSE39645,DDX28,0.278244,0.0214,0.0299,2.389694,Up
GSE39645,CFHR3,-0.228684,0.0214,0.0299,-2.389675,Down
GSE39645,ARVCF,0.32594,0.0214,0.0299,2.389658,Up
GSE39645,PMFBP1,-0.28073,0.0214,0.0299,-2.389647,Down
GSE39645,BRD3,0.195556,0.0214,0.0299,2.389112,Up
GSE39645,KLHDC8B,0.380623,0.0215,0.03,2.388075,Up
GSE39645,CDK2AP1,0.285059,0.0215,0.03,2.387592,Up
GSE39645,C7,-1.255952,0.0215,0.0301,-2.386875,Down
GSE39645,KLRC1,-0.280295,0.0216,0.0301,-2.386121,Down
GSE39645,CADM3,0.590253,0.0216,0.0302,2.38599,Up
GSE39645,FLVCR2,0.376788,0.0216,0.0302,2.385238,Up
GSE39645,IQCF2,-0.281945,0.0216,0.0302,-2.384919,Down
GSE39645,CYP4F11,0.761466,0.0217,0.0303,2.384486,Up
GSE39645,TIMM44,0.17929,0.0217,0.0303,2.384293,Up
GSE39645,UBE2F-SCLY///SCLY,-0.17551,0.0217,0.0303,-2.384165,Down
GSE39645,TUBB1,-0.419682,0.0217,0.0303,-2.383403,Down
GSE39645,FAM168B,0.252139,0.0217,0.0304,2.382999,Up
GSE39645,SLC31A1,0.329705,0.0218,0.0304,2.382395,Up
GSE39645,ARL6IP1,0.220246,0.0218,0.0304,2.382289,Up
GSE39645,ZNF296///ZNF296,-0.214988,0.0218,0.0304,-2.382071,Down
GSE39645,SOCS1,-0.215927,0.0218,0.0304,-2.381549,Down
GSE39645,NOC4L///NOC4L,0.258569,0.0219,0.0305,2.380215,Up
GSE39645,PEG10,0.514398,0.0219,0.0306,2.380076,Up
GSE39645,NFKB2,-0.358577,0.0219,0.0306,-2.380006,Down
GSE39645,MBTD1,0.23447,0.022,0.0307,2.378279,Up
GSE39645,PCSK4,-0.158271,0.022,0.0307,-2.377958,Down
GSE39645,C1orf174,0.252124,0.022,0.0307,2.377541,Up
GSE39645,LDLR,-0.799615,0.0222,0.0309,-2.375135,Down
GSE39645,HTN3,-0.97256,0.0222,0.0309,-2.375096,Down
GSE39645,PIP4K2A,0.488277,0.0222,0.031,2.374386,Up
GSE39645,LRRD1,-0.160491,0.0222,0.031,-2.374306,Down
GSE39645,EIF3J,0.407188,0.0222,0.031,2.374267,Up
GSE39645,EIF3E,0.512201,0.0222,0.031,2.374262,Up
GSE39645,ZNF850,-0.233303,0.0222,0.031,-2.374048,Down
GSE39645,SOCS4,0.377666,0.0223,0.031,2.373136,Up
GSE39645,HS6ST2,-0.248349,0.0223,0.0311,-2.37254,Down
GSE39645,C1QTNF4,-0.195142,0.0223,0.0311,-2.372456,Down
GSE39645,ASCL4,-0.277177,0.0223,0.0311,-2.372243,Down
GSE39645,HLTF,0.527021,0.0223,0.0311,2.372064,Up
GSE39645,STX16-NPEPL1///NPEPL1,0.207068,0.0223,0.0311,2.371689,Up
GSE39645,LRRC10,-0.21646,0.0223,0.0311,-2.371591,Down
GSE39645,GJB6,0.830433,0.0223,0.0311,2.371455,Up
GSE39645,CD6,-0.238103,0.0224,0.0312,-2.371017,Down
GSE39645,TRIM66,-0.216536,0.0224,0.0312,-2.37065,Down
GSE39645,ZPBP,-0.224946,0.0224,0.0312,-2.370626,Down
GSE39645,EMD,0.288874,0.0224,0.0312,2.370132,Up
GSE39645,CCL8,-0.803802,0.0224,0.0313,-2.369739,Down
GSE39645,PNPLA4,0.572114,0.0224,0.0313,2.369563,Up
GSE39645,RAB11B,0.305304,0.0225,0.0313,2.368847,Up
GSE39645,TCEB3CL2///TCEB3CL///TCEB3C///TCEB3B,-0.229716,0.0225,0.0313,-2.3686,Down
GSE39645,TOMM40L,0.166016,0.0225,0.0314,2.367888,Up
GSE39645,PGM3,0.454585,0.0225,0.0314,2.36773,Up
GSE39645,GAPDHS,-0.221086,0.0226,0.0314,-2.36728,Down
GSE39645,MED13L,0.282551,0.0226,0.0315,2.366236,Up
GSE39645,ASIC1,-0.342834,0.0226,0.0315,-2.365843,Down
GSE39645,NFATC2///NFATC2,0.730416,0.0227,0.0315,2.365749,Up
GSE39645,CABIN1,0.250839,0.0227,0.0315,2.365602,Up
GSE39645,KIAA1328,0.286192,0.0227,0.0315,2.365484,Up
GSE39645,PGM1,0.31114,0.0227,0.0316,2.365161,Up
GSE39645,DNAAF5,0.250539,0.0227,0.0316,2.364809,Up
GSE39645,PDAP1,0.245701,0.0227,0.0316,2.364704,Up
GSE39645,SMIM24,-0.220785,0.0227,0.0316,-2.364471,Down
GSE39645,F11,-0.454576,0.0228,0.0317,-2.363508,Down
GSE39645,SMYD4,0.198668,0.0228,0.0317,2.36345,Up
GSE39645,NA,0.24605,0.0228,0.0317,2.363326,Up
GSE39645,C11orf87,-0.290238,0.0228,0.0317,-2.363049,Down
GSE39645,EXTL2,0.361915,0.0228,0.0317,2.362672,Up
GSE39645,HSF2BP,-0.180319,0.0229,0.0318,-2.361744,Down
GSE39645,RBM4B,0.220999,0.0229,0.0318,2.361313,Up
GSE39645,KRTAP10-9,-0.237432,0.023,0.0319,-2.360192,Down
GSE39645,NHP2,0.352047,0.023,0.032,2.359404,Up
GSE39645,TTC7A,0.297502,0.0231,0.032,2.358392,Up
GSE39645,NLRP4,-0.409255,0.0231,0.032,-2.358322,Down
GSE39645,SNTN,-0.443016,0.0231,0.032,-2.358281,Down
GSE39645,TMEM39B,0.236039,0.0231,0.0321,2.357644,Up
GSE39645,PTPRCAP,-0.234564,0.0231,0.0321,-2.357459,Down
GSE39645,ZNF576,0.222086,0.0231,0.0321,2.357223,Up
GSE39645,NCBP1,0.458567,0.0231,0.0321,2.357222,Up
GSE39645,P2RX6,-0.245357,0.0231,0.0321,-2.357105,Down
GSE39645,LIPJ,-0.148413,0.0231,0.0321,-2.357032,Down
GSE39645,GEMIN5,0.250187,0.0231,0.0321,2.356929,Up
GSE39645,MGC57346-CRHR1///CRHR1,-0.181324,0.0232,0.0322,-2.356478,Down
GSE39645,RSL24D1,0.239202,0.0232,0.0322,2.356144,Up
GSE39645,SIN3A,0.250044,0.0232,0.0322,2.35581,Up
GSE39645,MTFR2,-0.367064,0.0232,0.0322,-2.355803,Down
GSE39645,CDKN2AIPNL,0.198475,0.0232,0.0322,2.355458,Up
GSE39645,SLC9A3,0.718179,0.0232,0.0322,2.35536,Up
GSE39645,ALKBH7,0.289614,0.0232,0.0322,2.355185,Up
GSE39645,TSEN2,0.241051,0.0233,0.0323,2.354771,Up
GSE39645,DYNLL1,0.275623,0.0233,0.0323,2.35443,Up
GSE39645,TPST1,0.452456,0.0233,0.0323,2.353823,Up
GSE39645,POLR3H,0.33947,0.0233,0.0323,2.353734,Up
GSE39645,SIK3,0.291767,0.0233,0.0323,2.353696,Up
GSE39645,ALDH3B2,-0.191387,0.0233,0.0324,-2.353267,Down
GSE39645,FAM136A,0.329702,0.0233,0.0324,2.35313,Up
GSE39645,ZNF587B///ZNF814,0.364315,0.0233,0.0324,2.353068,Up
GSE39645,PVR,-0.296997,0.0233,0.0324,-2.353009,Down
GSE39645,C12orf10,0.225441,0.0234,0.0324,2.352538,Up
GSE39645,PDCD11,0.320893,0.0234,0.0324,2.35248,Up
GSE39645,XRCC1,0.283292,0.0234,0.0325,2.351797,Up
GSE39645,ADAT2,0.215793,0.0234,0.0325,2.351213,Up
GSE39645,RTCB,0.356707,0.0235,0.0325,2.350789,Up
GSE39645,TMEM260,0.242026,0.0235,0.0326,2.349912,Up
GSE39645,FMNL1,0.384945,0.0235,0.0326,2.349808,Up
GSE39645,KIF3B,0.150804,0.0236,0.0327,2.34898,Up
GSE39645,PKDREJ,-0.276617,0.0236,0.0327,-2.348694,Down
GSE39645,BCAM,-0.433261,0.0236,0.0327,-2.34865,Down
GSE39645,H2AFV,0.236842,0.0236,0.0327,2.348177,Up
GSE39645,NOL12,-0.164838,0.0236,0.0327,-2.348107,Down
GSE39645,CPT2,0.225719,0.0236,0.0327,2.347994,Up
GSE39645,TJP1,0.360319,0.0237,0.0328,2.347336,Up
GSE39645,KRTAP21-1,-0.716563,0.0237,0.0328,-2.346906,Down
GSE39645,CDKN2C,0.219233,0.0237,0.0328,2.346818,Up
GSE39645,PTMA,-0.206231,0.0237,0.0328,-2.346642,Down
GSE39645,KRTAP19-8,-0.975956,0.0237,0.0329,-2.346061,Down
GSE39645,NKAIN3,0.590016,0.0237,0.0329,2.345899,Up
GSE39645,RBP1,0.70327,0.0238,0.0329,2.345646,Up
GSE39645,CXCL11,0.426405,0.0238,0.033,2.34434,Up
GSE39645,WDR3,0.379461,0.0239,0.033,2.343863,Up
GSE39645,PIFO,0.509064,0.0239,0.0331,2.343432,Up
GSE39645,ZMYM3,0.241628,0.0239,0.0331,2.343372,Up
GSE39645,CASP12,-0.255956,0.0239,0.0331,-2.343223,Down
GSE39645,ZC3H15,0.27786,0.0239,0.0331,2.342896,Up
GSE39645,KIAA1683,-0.234062,0.0239,0.0331,-2.342514,Down
GSE39645,WDR81,0.233787,0.0239,0.0331,2.342448,Up
GSE39645,SLC36A2,-0.539145,0.024,0.0332,-2.341166,Down
GSE39645,TBXA2R,0.359523,0.024,0.0333,2.340697,Up
GSE39645,PIKFYVE///SMR3B,-0.797491,0.0241,0.0333,-2.339935,Down
GSE39645,DDX56,0.304008,0.0241,0.0334,2.339009,Up
GSE39645,MGAT5,0.31326,0.0241,0.0334,2.33889,Up
GSE39645,RGS18,0.540537,0.0242,0.0334,2.338538,Up
GSE39645,COX18,0.254978,0.0242,0.0334,2.33851,Up
GSE39645,MED12L,-0.284816,0.0242,0.0334,-2.338302,Down
GSE39645,CD2BP2,0.232788,0.0242,0.0334,2.338253,Up
GSE39645,RALGPS2,0.418632,0.0242,0.0335,2.337933,Up
GSE39645,ZNF559-ZNF177///ZNF177,0.222368,0.0242,0.0335,2.3378,Up
GSE39645,PCYT1B,0.286015,0.0242,0.0335,2.337305,Up
GSE39645,UBN1,-0.201084,0.0243,0.0336,-2.336646,Down
GSE39645,TRIM3,0.17398,0.0243,0.0336,2.336608,Up
GSE39645,DEF6,0.231794,0.0243,0.0336,2.336382,Up
GSE39645,GNB2,0.255178,0.0243,0.0336,2.335591,Up
GSE39645,TK1,-0.468787,0.0243,0.0337,-2.335271,Down
GSE39645,TTC36,-0.156008,0.0244,0.0337,-2.335225,Down
GSE39645,UQCRFS1,0.324293,0.0244,0.0337,2.33486,Up
GSE39645,CSRNP2,0.327837,0.0244,0.0337,2.334644,Up
GSE39645,SLC37A1,0.26707,0.0244,0.0337,2.334552,Up
GSE39645,LHCGR,0.440279,0.0244,0.0337,2.334453,Up
GSE39645,SOX18,-0.220464,0.0244,0.0337,-2.334363,Down
GSE39645,GNG11,0.621061,0.0244,0.0337,2.334109,Up
GSE39645,GGH,0.576606,0.0244,0.0338,2.333525,Up
GSE39645,NACC2,0.255221,0.0244,0.0338,2.333515,Up
GSE39645,ABCG1,0.493254,0.0245,0.0338,2.33267,Up
GSE39645,CXXC1,0.26809,0.0246,0.034,2.331253,Up
GSE39645,RAET1G,-0.241729,0.0246,0.034,-2.330443,Down
GSE39645,DYNLT1,0.456052,0.0246,0.034,2.330422,Up
GSE39645,FGR,-0.479581,0.0247,0.034,-2.329981,Down
GSE39645,MYO6,0.438769,0.0247,0.0341,2.328638,Up
GSE39645,ACKR4,-0.252833,0.0248,0.0342,-2.327566,Down
GSE39645,C15orf38-AP3S2///ARPIN,0.181294,0.0248,0.0342,2.327461,Up
GSE39645,CRACR2A,-0.325828,0.0248,0.0343,-2.326817,Down
GSE39645,KRBA2,-0.174585,0.0249,0.0343,-2.326096,Down
GSE39645,POLR2D,0.357791,0.0249,0.0343,2.326043,Up
GSE39645,STMN1,0.394676,0.0249,0.0344,2.325452,Up
GSE39645,NELL2,-0.366408,0.0249,0.0344,-2.324993,Down
GSE39645,GNGT1,-0.141319,0.025,0.0345,-2.324572,Down
GSE39645,BRWD3,0.314084,0.025,0.0345,2.323989,Up
GSE39645,HK3,-0.296582,0.0251,0.0346,-2.32308,Down
GSE39645,CYP26C1,-0.17905,0.0251,0.0346,-2.322971,Down
GSE39645,RYK,0.344297,0.0251,0.0346,2.322533,Up
GSE39645,ZDHHC16,0.270601,0.0251,0.0346,2.322433,Up
GSE39645,PSPH,0.632685,0.0251,0.0346,2.322186,Up
GSE39645,TAF1B,0.457331,0.0251,0.0347,2.321672,Up
GSE39645,SYNM,0.513804,0.0252,0.0348,2.320356,Up
GSE39645,SKAP2,0.464485,0.0253,0.0348,2.319709,Up
GSE39645,TEX14,-0.267538,0.0253,0.0348,-2.319561,Down
GSE39645,ZFYVE9,0.40005,0.0254,0.035,2.317861,Up
GSE39645,SGSM2,0.247373,0.0254,0.035,2.317747,Up
GSE39645,ZNF358,0.212392,0.0254,0.035,2.317529,Up
GSE39645,PCDHB10,0.522532,0.0254,0.035,2.317316,Up
GSE39645,MEST,-0.542275,0.0254,0.035,-2.316925,Down
GSE39645,WNT2B,-0.170189,0.0254,0.035,-2.316923,Down
GSE39645,DISP1,0.389816,0.0255,0.0351,2.315572,Up
GSE39645,GPR84,-0.483902,0.0255,0.0352,-2.31518,Down
GSE39645,NCLN,0.24927,0.0256,0.0352,2.314391,Up
GSE39645,LIPF,-0.143508,0.0256,0.0352,-2.314358,Down
GSE39645,STAT3,0.275231,0.0256,0.0353,2.31367,Up
GSE39645,LTK,-0.257793,0.0256,0.0353,-2.313569,Down
GSE39645,C11orf70,0.385694,0.0257,0.0354,2.311893,Up
GSE39645,CBLN4,-0.176743,0.0257,0.0354,-2.31168,Down
GSE39645,GNG8,-0.233733,0.0257,0.0354,-2.311671,Down
GSE39645,SEC61A1,0.367025,0.0258,0.0355,2.311368,Up
GSE39645,C15orf61,0.333952,0.0258,0.0355,2.311365,Up
GSE39645,MBOAT7,-0.231482,0.0258,0.0355,-2.311257,Down
GSE39645,MYL12A,0.252771,0.0258,0.0355,2.310983,Up
GSE39645,POU1F1,-0.247553,0.0259,0.0356,-2.309581,Down
GSE39645,CCDC110,-0.195297,0.0259,0.0356,-2.309562,Down
GSE39645,KRTAP19-4,-0.178863,0.0259,0.0356,-2.309075,Down
GSE39645,DBN1,-0.297524,0.0259,0.0357,-2.308641,Down
GSE39645,SASS6,0.303914,0.0259,0.0357,2.308465,Up
GSE39645,ANKRD52,0.276386,0.0259,0.0357,2.308311,Up
GSE39645,MSRA,0.242393,0.0259,0.0357,2.308307,Up
GSE39645,RWDD1,0.200461,0.026,0.0358,2.30714,Up
GSE39645,IL17RE,0.259318,0.026,0.0358,2.307047,Up
GSE39645,SERF1B///SERF1A,0.291706,0.0261,0.0359,2.306073,Up
GSE39645,DLG4,0.33072,0.0261,0.0359,2.30555,Up
GSE39645,POLR3A,0.236905,0.0262,0.036,2.30426,Up
GSE39645,ZNF735///ZNF733P///ZNF716///ZNF479,-0.679,0.0262,0.036,-2.304168,Down
GSE39645,CYBRD1,0.323734,0.0263,0.0361,2.303003,Up
GSE39645,RHPN1,-0.188293,0.0263,0.0362,-2.302398,Down
GSE39645,CCR7,-0.44136,0.0264,0.0363,-2.301407,Down
GSE39645,ECHS1,0.273102,0.0264,0.0363,2.30137,Up
GSE39645,LOC81691,-0.196886,0.0264,0.0363,-2.30136,Down
GSE39645,TBL1XR1,0.41944,0.0264,0.0363,2.301233,Up
GSE39645,RC3H1,0.338316,0.0264,0.0363,2.300961,Up
GSE39645,SPDYE3,-0.263485,0.0264,0.0363,-2.300794,Down
GSE39645,SMIM4,0.447628,0.0264,0.0363,2.300611,Up
GSE39645,RBFOX2,-0.449769,0.0264,0.0363,-2.300579,Down
GSE39645,ATP13A2,0.314428,0.0264,0.0363,2.300391,Up
GSE39645,GRIA3,-0.356473,0.0265,0.0364,-2.29973,Down
GSE39645,APAF1,0.191371,0.0265,0.0364,2.299532,Up
GSE39645,SS18L2,0.211656,0.0265,0.0364,2.299397,Up
GSE39645,CREBZF,0.295601,0.0265,0.0364,2.299304,Up
GSE39645,ARPC2,0.164139,0.0266,0.0365,2.297907,Up
GSE39645,GNA11,0.360643,0.0266,0.0365,2.297728,Up
GSE39645,ZNF669,0.194865,0.0266,0.0365,2.297644,Up
GSE39645,GET4,0.196208,0.0266,0.0366,2.296837,Up
GSE39645,DEPDC1,-0.544565,0.0268,0.0368,-2.294842,Down
GSE39645,ZNF680,0.393539,0.0268,0.0368,2.294658,Up
GSE39645,BICDL2,-0.210425,0.0268,0.0368,-2.294547,Down
GSE39645,ARHGAP6,-0.21689,0.0268,0.0368,-2.294242,Down
GSE39645,DUOXA1,0.245566,0.0269,0.0369,2.293095,Up
GSE39645,KIF18A,-0.481803,0.0269,0.0369,-2.292898,Down
GSE39645,CPSF6,0.298189,0.0269,0.0369,2.292676,Up
GSE39645,POC1B-GALNT4///GALNT4,0.307419,0.027,0.037,2.291462,Up
GSE39645,ZSCAN5A,-0.16725,0.027,0.0371,-2.290545,Down
GSE39645,GALNT13,-0.586331,0.0271,0.0372,-2.289968,Down
GSE39645,PPP4C,0.264778,0.0271,0.0372,2.28904,Up
GSE39645,RALGAPA1,0.28963,0.0272,0.0373,2.288458,Up
GSE39645,CCNA1,-0.248691,0.0272,0.0373,-2.288295,Down
GSE39645,ACTN3,-0.231588,0.0272,0.0373,-2.287687,Down
GSE39645,MIEF1,0.28997,0.0272,0.0374,2.28744,Up
GSE39645,UTP3,0.33462,0.0272,0.0374,2.287363,Up
GSE39645,CETN1,-0.173969,0.0272,0.0374,-2.287298,Down
GSE39645,ZNF574,0.216469,0.0273,0.0374,2.287093,Up
GSE39645,REP15,-0.438249,0.0273,0.0374,-2.286776,Down
GSE39645,PLCG2,0.345345,0.0273,0.0374,2.286693,Up
GSE39645,PRPF38A,0.35394,0.0273,0.0375,2.285945,Up
GSE39645,AHI1,0.422614,0.0274,0.0375,2.285289,Up
GSE39645,KRTAP19-6,-0.205894,0.0274,0.0376,-2.284928,Down
GSE39645,CNKSR3///CNKSR3,0.500074,0.0274,0.0376,2.284785,Up
GSE39645,TRAM2,0.543966,0.0274,0.0376,2.28452,Up
GSE39645,NFATC3,0.253745,0.0274,0.0376,2.284498,Up
GSE39645,TSFM,0.190297,0.0275,0.0377,2.283599,Up
GSE39645,DHFR,0.47706,0.0275,0.0377,2.283513,Up
GSE39645,CORO1B///PTPRCAP,0.178529,0.0275,0.0377,2.282999,Up
GSE39645,CACNA2D2,-0.264522,0.0276,0.0378,-2.282523,Down
GSE39645,ASPN,-1.036742,0.0276,0.0378,-2.282345,Down
GSE39645,GSDMB,-0.301841,0.0276,0.0378,-2.281644,Down
GSE39645,ZFPL1,0.173649,0.0276,0.0379,2.281043,Up
GSE39645,FAM24B-CUZD1///CUZD1,-0.332388,0.0277,0.0379,-2.280823,Down
GSE39645,MGAT1,0.248918,0.0277,0.0379,2.280438,Up
GSE39645,SNRNP48,0.284511,0.0277,0.038,2.279843,Up
GSE39645,MTRF1L,0.260283,0.0277,0.038,2.279724,Up
GSE39645,HMBOX1,0.388388,0.0277,0.038,2.279576,Up
GSE39645,LRRC14B,-0.226328,0.0278,0.038,-2.279199,Down
GSE39645,PNPLA2,0.250795,0.0278,0.0381,2.278636,Up
GSE39645,MSANTD1,-0.230019,0.0278,0.0381,-2.278584,Down
GSE39645,KNSTRN,0.388361,0.0278,0.0381,2.278521,Up
GSE39645,LCN1,-0.343736,0.0278,0.0381,-2.277938,Down
GSE39645,CMKLR1,0.478107,0.0279,0.0381,2.277912,Up
GSE39645,CEP83,0.322553,0.0279,0.0382,2.277238,Up
GSE39645,ROPN1B///ROPN1,-0.309012,0.0279,0.0382,-2.277124,Down
GSE39645,SRPK3,-0.1717,0.0279,0.0382,-2.277098,Down
GSE39645,BSPRY,-0.385391,0.0279,0.0382,-2.277061,Down
GSE39645,ACTRT3,-0.429482,0.0279,0.0382,-2.276701,Down
GSE39645,METTL7B,-0.410308,0.0279,0.0382,-2.276631,Down
GSE39645,HES4,-0.190001,0.0279,0.0382,-2.276471,Down
GSE39645,RPL27///RPL27,0.131418,0.028,0.0383,2.275941,Up
GSE39645,KLC4,-0.130263,0.028,0.0383,-2.2755,Down
GSE39645,FBRSL1,-0.163112,0.028,0.0383,-2.275396,Down
GSE39645,DDAH2,0.264187,0.028,0.0383,2.275321,Up
GSE39645,MFSD4B,0.188719,0.028,0.0383,2.275305,Up
GSE39645,TBCA,0.251476,0.028,0.0383,2.275144,Up
GSE39645,PXMP2,-0.221531,0.028,0.0383,-2.27501,Down
GSE39645,CCDC169-SOHLH2///SOHLH2,-0.29237,0.028,0.0383,-2.274878,Down
GSE39645,DNAH1,0.293933,0.0281,0.0384,2.274571,Up
GSE39645,CCT4,0.336182,0.0281,0.0384,2.27443,Up
GSE39645,CPOX,-0.200396,0.0281,0.0384,-2.273983,Down
GSE39645,B4GALT7,0.215255,0.0281,0.0384,2.273781,Up
GSE39645,CRELD2,0.329715,0.0281,0.0384,2.273586,Up
GSE39645,RAD18,0.248311,0.0281,0.0385,2.273444,Up
GSE39645,RPL36A-HNRNPH2///FSTL5///RPL36A,0.360416,0.0281,0.0385,2.273417,Up
GSE39645,ALDH16A1,-0.18066,0.0282,0.0385,-2.272792,Down
GSE39645,JTB,0.240637,0.0282,0.0385,2.272251,Up
GSE39645,TAF1D,0.410974,0.0282,0.0385,2.272213,Up
GSE39645,RPLP1,0.151494,0.0283,0.0386,2.271652,Up
GSE39645,C12orf45,0.304719,0.0283,0.0386,2.271278,Up
GSE39645,S100PBP,0.199845,0.0283,0.0386,2.271048,Up
GSE39645,NRTN///NRTN,-0.151519,0.0283,0.0387,-2.270951,Down
GSE39645,SOX12,-0.201788,0.0283,0.0387,-2.270642,Down
GSE39645,RNH1,0.265564,0.0284,0.0387,2.269912,Up
GSE39645,RCN1,0.402397,0.0284,0.0387,2.26987,Up
GSE39645,MGST2,0.397026,0.0284,0.0387,2.269795,Up
GSE39645,TSPAN7,-0.465072,0.0284,0.0388,-2.269548,Down
GSE39645,WDCP,0.245773,0.0284,0.0388,2.269346,Up
GSE39645,DOCK11,0.482913,0.0285,0.0389,2.268239,Up
GSE39645,NAV1,-0.362425,0.0285,0.0389,-2.268064,Down
GSE39645,FAM49A,0.320564,0.0285,0.0389,2.267947,Up
GSE39645,THNSL1,0.308196,0.0285,0.0389,2.267844,Up
GSE39645,BRIP1,-0.374147,0.0285,0.0389,-2.267668,Down
GSE39645,IRF3,0.159232,0.0285,0.0389,2.267289,Up
GSE39645,6,0.309924,0.0286,0.0391,2.266067,Up
GSE39645,NCKAP1,0.39196,0.0286,0.0391,2.265722,Up
GSE39645,C1orf101,-0.205976,0.0287,0.0392,-2.264502,Down
GSE39645,PRR34,-0.193618,0.0288,0.0392,-2.264063,Down
GSE39645,C5,0.289241,0.0288,0.0392,2.263891,Up
GSE39645,ZNF479,-0.374417,0.0288,0.0392,-2.263848,Down
GSE39645,FOCAD,0.251125,0.0288,0.0393,2.263643,Up
GSE39645,EFEMP2,0.379857,0.0289,0.0393,2.262614,Up
GSE39645,PEX16,-0.137594,0.0289,0.0394,-2.262298,Down
GSE39645,TMEM251,0.114985,0.0289,0.0394,2.262015,Up
GSE39645,KLHL28,0.225543,0.029,0.0395,2.260389,Up
GSE39645,RFWD3,0.339132,0.029,0.0395,2.260362,Up
GSE39645,HIST1H2BD,0.298444,0.0291,0.0396,2.259363,Up
GSE39645,APOA1,-0.200149,0.0291,0.0396,-2.259237,Down
GSE39645,TPT1,0.140089,0.0291,0.0397,2.25862,Up
GSE39645,DIAPH2,0.461162,0.0291,0.0397,2.258582,Up
GSE39645,DIO2,0.757291,0.0291,0.0397,2.258362,Up
GSE39645,SOX5,0.431951,0.0291,0.0397,2.258353,Up
GSE39645,ETFB,0.228027,0.0291,0.0397,2.258281,Up
GSE39645,KIAA1586,0.310814,0.0292,0.0398,2.257178,Up
GSE39645,SUV39H1,0.326042,0.0292,0.0398,2.257163,Up
GSE39645,KCNT1,-0.203633,0.0292,0.0398,-2.257149,Down
GSE39645,TMEM37,-0.343376,0.0292,0.0398,-2.256967,Down
GSE39645,CBR3,0.249234,0.0293,0.0399,2.255618,Up
GSE39645,TP53RK,0.219219,0.0293,0.04,2.255363,Up
GSE39645,JMJD4,0.148631,0.0294,0.04,2.255208,Up
GSE39645,UBA52,0.146182,0.0294,0.04,2.254624,Up
GSE39645,ABCF2,0.312726,0.0295,0.0402,2.252983,Up
GSE39645,TF,-0.991315,0.0295,0.0402,-2.252732,Down
GSE39645,GSTM5,-0.554857,0.0295,0.0402,-2.252459,Down
GSE39645,POU4F3,-0.157232,0.0296,0.0402,-2.252259,Down
GSE39645,GRAP2,-0.274934,0.0296,0.0403,-2.251945,Down
GSE39645,EHMT1,0.275329,0.0296,0.0403,2.251795,Up
GSE39645,HSD17B13,-0.188389,0.0296,0.0403,-2.251341,Down
GSE39645,ZNF589,0.21352,0.0297,0.0404,2.250678,Up
GSE39645,CD22,0.530535,0.0297,0.0404,2.250017,Up
GSE39645,U2AF2,0.283663,0.0297,0.0404,2.249886,Up
GSE39645,P3H4,-0.234362,0.0297,0.0404,-2.249782,Down
GSE39645,RIMBP3B///RIMBP3C///RIMBP3,-0.254974,0.0297,0.0405,-2.249557,Down
GSE39645,NONO,0.263891,0.0298,0.0406,2.24836,Up
GSE39645,ADGRG5,-0.218525,0.0298,0.0406,-2.248245,Down
GSE39645,GON7,0.226902,0.0299,0.0406,2.24746,Up
GSE39645,ZNF676,-0.399154,0.0299,0.0407,-2.247175,Down
GSE39645,DUSP15,-0.155483,0.03,0.0407,-2.246367,Down
GSE39645,SPON1,-0.540759,0.03,0.0408,-2.246136,Down
GSE39645,CASP4,0.278026,0.03,0.0408,2.245734,Up
GSE39645,ZNF548,0.200748,0.03,0.0408,2.245481,Up
GSE39645,TTC30B,0.308532,0.03,0.0408,2.245246,Up
GSE39645,MAPKAPK3,0.211486,0.0301,0.0409,2.24496,Up
GSE39645,TBC1D3I///TBC1D3E///LOC101060389///TBC1D3L///TBC1D3K///TBC1D3G///TBC1D3H///TBC1D3///TBC1D3P2///TBC1D3C///TBC1D3B///TBC1D3F,0.218001,0.0302,0.041,2.243461,Up
GSE39645,MAP3K14-AS1,-0.178504,0.0302,0.041,-2.243022,Down
GSE39645,TRIM17,-0.22407,0.0302,0.041,-2.242915,Down
GSE39645,SH3BP5L,-0.152449,0.0302,0.0411,-2.242691,Down
GSE39645,FRMD4B,0.471836,0.0302,0.0411,2.242275,Up
GSE39645,SH2D7,-0.228292,0.0303,0.0411,-2.242137,Down
GSE39645,SIGLEC9,0.374156,0.0303,0.0411,2.241763,Up
GSE39645,FAM89A,-0.163204,0.0303,0.0411,-2.241753,Down
GSE39645,POM121C///POMZP3///POM121///ZP3,0.213092,0.0303,0.0411,2.24167,Up
GSE39645,UNC119,0.28951,0.0303,0.0411,2.241575,Up
GSE39645,H2AFZ,0.400975,0.0304,0.0412,2.240416,Up
GSE39645,ACSS1,0.190624,0.0304,0.0413,2.239902,Up
GSE39645,MTCH1,0.168851,0.0304,0.0413,2.239608,Up
GSE39645,CLDN11,0.382026,0.0304,0.0413,2.239495,Up
GSE39645,TTI1,0.236356,0.0304,0.0413,2.239416,Up
GSE39645,CHD1,0.414302,0.0305,0.0413,2.239317,Up
GSE39645,ZAP70,-0.27061,0.0305,0.0414,-2.238827,Down
GSE39645,RUVBL2,0.373284,0.0305,0.0414,2.238503,Up
GSE39645,HGS,0.234735,0.0305,0.0414,2.238159,Up
GSE39645,KLHDC3,0.415584,0.0306,0.0415,2.237899,Up
GSE39645,LIMK1,0.295312,0.0306,0.0415,2.237422,Up
GSE39645,SNRPA1,0.305631,0.0306,0.0416,2.236591,Up
GSE39645,FPGT-TNNI3K///TNNI3K,0.30349,0.0307,0.0416,2.236476,Up
GSE39645,AMY2B///AMY2A///AMY1C///AMY1B///AMY1A,-0.605164,0.0307,0.0416,-2.2362,Down
GSE39645,CAPN10///GPR35,-0.159033,0.0308,0.0418,-2.234509,Down
GSE39645,FRG2C,-0.260188,0.0308,0.0418,-2.234424,Down
GSE39645,PYDC1,-0.16687,0.0308,0.0418,-2.234196,Down
GSE39645,TRIM48,-0.365934,0.0308,0.0418,-2.234136,Down
GSE39645,NUDT2,0.192971,0.0308,0.0418,2.234023,Up
GSE39645,CD247,-0.316588,0.0309,0.0419,-2.233202,Down
GSE39645,CALCRL,-0.616716,0.0309,0.0419,-2.233064,Down
GSE39645,IDI2,-0.207213,0.0309,0.0419,-2.232982,Down
GSE39645,RNF128,-0.336091,0.0309,0.0419,-2.232932,Down
GSE39645,PFN3,-0.194761,0.0309,0.0419,-2.232427,Down
GSE39645,SOX6,0.343782,0.031,0.042,2.232153,Up
GSE39645,NAALADL1,-0.190187,0.031,0.042,-2.232058,Down
GSE39645,POTEF///POTEJ///POTEM///POTEE///POTEKP,-0.142448,0.0311,0.0421,-2.230497,Down
GSE39645,NISCH,0.218245,0.0311,0.0422,2.230068,Up
GSE39645,PCDHGA1///PCDHGA2///PCDHGA3///PCDHGA4///PCDHGA5///PCDHGA6///PCDHGA7///PCDHGA9///PCDHGA10///PCDHGA11///PCDHGB1///PCDHGB2///PCDHGB3///PCDHGB5///PCDHGB6///PCDHGB7///PCDHGC4///PCDHGC5///PCDHGA12///PCDHGA8///PCDHGB4///PCDHGC3,-0.16547,0.0311,0.0422,-2.229634,Down
GSE39645,KARS,0.284005,0.0311,0.0422,2.22961,Up
GSE39645,PRAF2,0.263362,0.0312,0.0422,2.229032,Up
GSE39645,POU3F2,0.277753,0.0312,0.0423,2.228768,Up
GSE39645,BCAT1,0.416764,0.0312,0.0423,2.228721,Up
GSE39645,EDC3,0.173943,0.0313,0.0423,2.228077,Up
GSE39645,C1orf94,-0.250552,0.0313,0.0424,-2.226905,Down
GSE39645,DLX5,-0.307811,0.0313,0.0424,-2.226819,Down
GSE39645,PPARD,0.332038,0.0314,0.0425,2.226099,Up
GSE39645,H2AFY,0.300982,0.0314,0.0425,2.225703,Up
GSE39645,PAX3,-0.36199,0.0314,0.0425,-2.225669,Down
GSE39645,SPHK1,-0.321596,0.0314,0.0426,-2.22542,Down
GSE39645,LIPI,-0.247748,0.0314,0.0426,-2.225339,Down
GSE39645,PANK3,0.213937,0.0315,0.0426,2.224587,Up
GSE39645,MTA3,0.339002,0.0315,0.0427,2.224246,Up
GSE39645,ADO,0.275606,0.0315,0.0427,2.224178,Up
GSE39645,UTS2R,-0.175881,0.0316,0.0427,-2.223787,Down
GSE39645,RPL35,0.154532,0.0316,0.0428,2.22317,Up
GSE39645,ZNF662,-0.173648,0.0316,0.0428,-2.223151,Down
GSE39645,PDCD7,-0.116881,0.0316,0.0428,-2.222881,Down
GSE39645,C6orf223,-0.189117,0.0316,0.0428,-2.2227,Down
GSE39645,RUFY3,0.292007,0.0317,0.0429,2.221976,Up
GSE39645,RBBP7,0.256841,0.0317,0.0429,2.221424,Up
GSE39645,SFXN4,0.177081,0.0317,0.0429,2.221211,Up
GSE39645,RBM28,0.273526,0.0318,0.043,2.220915,Up
GSE39645,PPP1R15A,0.420796,0.0318,0.043,2.220904,Up
GSE39645,NDUFAF7,0.217923,0.0318,0.043,2.220328,Up
GSE39645,FOXE1,-0.230555,0.0319,0.0431,-2.21954,Down
GSE39645,C10orf54,0.384995,0.0319,0.0431,2.219387,Up
GSE39645,DUSP22,0.248344,0.0319,0.0431,2.21931,Up
GSE39645,WHAMM,0.131011,0.0319,0.0431,2.219229,Up
GSE39645,RIPK2,0.405485,0.032,0.0432,2.218404,Up
GSE39645,SEMA3A,-0.509677,0.032,0.0433,-2.21776,Down
GSE39645,TIGIT,-0.182617,0.032,0.0433,-2.217671,Down
GSE39645,GDF15,0.413925,0.032,0.0433,2.217566,Up
GSE39645,LURAP1L,0.469757,0.0321,0.0434,2.216353,Up
GSE39645,ZSWIM2,-0.125252,0.0322,0.0435,-2.215565,Down
GSE39645,MBD3,0.228483,0.0322,0.0435,2.215177,Up
GSE39645,FEM1C,0.400589,0.0322,0.0435,2.215116,Up
GSE39645,EDA,-0.194645,0.0322,0.0435,-2.21495,Down
GSE39645,AXIN1,0.217281,0.0322,0.0435,2.214916,Up
GSE39645,PHOX2A,-0.182026,0.0323,0.0436,-2.213642,Down
GSE39645,C18orf54,0.360602,0.0324,0.0437,2.212611,Up
GSE39645,PLCL2,-0.318103,0.0324,0.0438,-2.211917,Down
GSE39645,CSNK2B,0.223822,0.0326,0.044,2.209868,Up
GSE39645,PSAT1,0.524288,0.0326,0.044,2.209866,Up
GSE39645,MLIP,1.099003,0.0326,0.044,2.209768,Up
GSE39645,KIAA0040,-0.550788,0.0326,0.044,-2.209707,Down
GSE39645,PARP10,0.207727,0.0326,0.0441,2.20903,Up
GSE39645,KLHL8,0.268269,0.0327,0.0441,2.208494,Up
GSE39645,DMWD,0.223554,0.0327,0.0442,2.208183,Up
GSE39645,NA,-0.217618,0.0328,0.0442,-2.207507,Down
GSE39645,SNCG,-0.543314,0.0328,0.0443,-2.20632,Down
GSE39645,SNAP47,-0.142795,0.0329,0.0444,-2.205589,Down
GSE39645,PLGLA///LPAL2///PLGLB1///PLGLB2///PLG,-0.442387,0.0329,0.0445,-2.205003,Down
GSE39645,FLYWCH2,0.145397,0.0329,0.0445,2.204983,Up
GSE39645,SNX32,0.247508,0.033,0.0445,2.204728,Up
GSE39645,PLXNA1,0.329788,0.033,0.0445,2.204478,Up
GSE39645,RPP25L,0.180856,0.033,0.0446,2.203821,Up
GSE39645,IFNG,-0.41768,0.033,0.0446,-2.20377,Down
GSE39645,NA,0.197383,0.0331,0.0446,2.20347,Up
GSE39645,TBC1D8,0.327292,0.0331,0.0447,2.202585,Up
GSE39645,SHMT2,0.344591,0.0331,0.0447,2.202568,Up
GSE39645,SETMAR,-0.157208,0.0332,0.0447,-2.202282,Down
GSE39645,SLC39A11,0.350303,0.0332,0.0448,2.201259,Up
GSE39645,TAS2R19,-0.2413,0.0332,0.0448,-2.201218,Down
GSE39645,FCHSD1,0.209908,0.0333,0.0449,2.200092,Up
GSE39645,TRAT1,-0.388722,0.0334,0.045,-2.199446,Down
GSE39645,BEST2,-0.160528,0.0334,0.045,-2.199186,Down
GSE39645,PAK4,-0.158798,0.0334,0.045,-2.198948,Down
GSE39645,TMEM134,0.14488,0.0334,0.045,2.198875,Up
GSE39645,FAM19A3,-0.248182,0.0335,0.0451,-2.198149,Down
GSE39645,HNRNPK,0.178622,0.0335,0.0451,2.197924,Up
GSE39645,PRSS54,-0.189202,0.0335,0.0451,-2.197917,Down
GSE39645,LYPLA1,0.35261,0.0335,0.0451,2.19786,Up
GSE39645,HAP1,-0.29489,0.0335,0.0452,-2.197486,Down
GSE39645,PRMT7,0.212343,0.0335,0.0452,2.197208,Up
GSE39645,RAB11FIP3,0.153301,0.0335,0.0452,2.197048,Up
GSE39645,ECM1,-0.340337,0.0336,0.0453,-2.196426,Down
GSE39645,REPS1,0.378778,0.0336,0.0453,2.196371,Up
GSE39645,KMT2B,0.233615,0.0336,0.0453,2.196098,Up
GSE39645,GNE,0.305716,0.0337,0.0453,2.195716,Up
GSE39645,EFNA2,-0.16806,0.0337,0.0453,-2.195491,Down
GSE39645,CHIT1,-0.455405,0.0337,0.0454,-2.194436,Down
GSE39645,CA2,-0.571508,0.0338,0.0455,-2.193947,Down
GSE39645,DZIP3,0.396459,0.0338,0.0455,2.193809,Up
GSE39645,CDH23,-0.274889,0.0338,0.0456,-2.193282,Down
GSE39645,PHF13,-0.177441,0.0339,0.0456,-2.193104,Down
GSE39645,ALG1L,0.280131,0.0339,0.0456,2.193014,Up
GSE39645,CHRNB1,-0.159119,0.034,0.0457,-2.191433,Down
GSE39645,NT5M,-0.174777,0.034,0.0458,-2.190778,Down
GSE39645,CEP152,0.258714,0.0341,0.0458,2.190291,Up
GSE39645,KIAA1614,-0.213083,0.0341,0.0459,-2.189726,Down
GSE39645,AGBL5,0.205109,0.0342,0.046,2.188796,Up
GSE39645,KIF23,-0.481137,0.0342,0.046,-2.188689,Down
GSE39645,TNIP2,0.256996,0.0342,0.046,2.188258,Up
GSE39645,ZNF341,-0.170363,0.0343,0.0461,-2.187903,Down
GSE39645,SLC39A7,0.304782,0.0343,0.0461,2.187722,Up
GSE39645,HIST1H4I,-0.197759,0.0343,0.0461,-2.187167,Down
GSE39645,PITPNM2,0.27768,0.0344,0.0462,2.186258,Up
GSE39645,CPO,-0.260779,0.0344,0.0463,-2.186062,Down
GSE39645,NA,-1.356159,0.0344,0.0463,-2.18594,Down
GSE39645,NXPH3,-0.26393,0.0344,0.0463,-2.185914,Down
GSE39645,TMEM57,0.155035,0.0345,0.0464,2.184953,Up
GSE39645,GNL2,0.328325,0.0345,0.0464,2.184856,Up
GSE39645,C1S,0.512825,0.0345,0.0464,2.184823,Up
GSE39645,SYAP1,0.454053,0.0345,0.0464,2.184646,Up
GSE39645,KDELR2,0.422737,0.0345,0.0464,2.184633,Up
GSE39645,WDR5,0.31183,0.0345,0.0464,2.184546,Up
GSE39645,C5orf52,-0.210043,0.0345,0.0464,-2.184435,Down
GSE39645,TTK,-0.494674,0.0345,0.0464,-2.184157,Down
GSE39645,CSAD,-0.209939,0.0346,0.0465,-2.183423,Down
GSE39645,LPCAT3,0.288434,0.0347,0.0466,2.182754,Up
GSE39645,MSI1,0.23747,0.0347,0.0466,2.181917,Up
GSE39645,PRKDC,0.420403,0.0347,0.0467,2.181822,Up
GSE39645,GDF11,-0.218653,0.0347,0.0467,-2.181646,Down
GSE39645,LDLRAP1,-0.255814,0.0348,0.0467,-2.181293,Down
GSE39645,STRN,0.250134,0.0348,0.0467,2.181276,Up
GSE39645,NA,0.261193,0.0348,0.0467,2.181227,Up
GSE39645,ZFAND2B,0.138697,0.0348,0.0467,2.180969,Up
GSE39645,PPP1R10,0.349606,0.0348,0.0467,2.180845,Up
GSE39645,HEBP2,0.208012,0.0348,0.0468,2.180611,Up
GSE39645,SPRR2D,-0.286501,0.0349,0.0469,-2.179507,Down
GSE39645,DCAKD,0.296114,0.035,0.047,2.178603,Up
GSE39645,OAZ2,-0.139933,0.035,0.047,-2.178515,Down
GSE39645,DUS1L,0.234646,0.035,0.047,2.178162,Up
GSE39645,BRCA2,-0.25579,0.0351,0.0471,-2.177668,Down
GSE39645,ARHGEF39,-0.159517,0.0351,0.0471,-2.177563,Down
GSE39645,TOMM40,-0.188952,0.0351,0.0471,-2.177262,Down
GSE39645,ZIC1,-0.542333,0.0351,0.0471,-2.176737,Down
GSE39645,NDUFB9,0.325551,0.0351,0.0472,2.176555,Up
GSE39645,TRA2A,0.322335,0.0352,0.0472,2.176365,Up
GSE39645,UFSP1,-0.189114,0.0352,0.0472,-2.176222,Down
GSE39645,TTC30A,0.247554,0.0352,0.0472,2.176181,Up
GSE39645,IWS1,0.359808,0.0352,0.0472,2.176124,Up
GSE39645,PGAM2,-0.282132,0.0352,0.0472,-2.176002,Down
GSE39645,TEF,0.301211,0.0352,0.0472,2.175772,Up
GSE39645,CNOT3,0.200624,0.0353,0.0473,2.17524,Up
GSE39645,DPP3,0.280319,0.0353,0.0474,2.17442,Up
GSE39645,HIST1H4J///HIST1H4K///HIST1H4J///HIST1H4K,0.366116,0.0354,0.0474,2.174018,Up
GSE39645,MYBBP1A,0.236278,0.0354,0.0474,2.173752,Up
GSE39645,KIF20A,-0.596951,0.0354,0.0475,-2.172965,Down
GSE39645,SAAL1,0.302448,0.0354,0.0475,2.17289,Up
GSE39645,TPRX1,-0.283525,0.0355,0.0475,-2.172612,Down
GSE39645,ACADS,0.151645,0.0355,0.0475,2.17254,Up
GSE39645,TMEM53,0.197732,0.0355,0.0476,2.172012,Up
GSE39645,CLTA,0.139587,0.0356,0.0477,2.17106,Up
GSE39645,TWISTNB,0.248038,0.0356,0.0477,2.170855,Up
GSE39645,GIGYF1,0.205127,0.0356,0.0477,2.170548,Up
GSE39645,OCEL1,0.142746,0.0356,0.0477,2.170516,Up
GSE39645,PLEKHA6,-0.274086,0.0356,0.0477,-2.170422,Down
GSE39645,LAPTM4A,0.170681,0.0357,0.0478,2.169492,Up
GSE39645,SPRYD7,0.165554,0.0358,0.0479,2.169027,Up
GSE39645,TEAD3,-0.231845,0.0358,0.048,-2.168115,Down
GSE39645,IKBIP,0.269517,0.0358,0.048,2.167837,Up
GSE39645,POSTN,1.076242,0.036,0.0482,2.166374,Up
GSE39645,GIMAP6,0.372371,0.036,0.0482,2.165618,Up
GSE39645,ALS2CR12,-0.236478,0.0361,0.0483,-2.165313,Down
GSE39645,PPP1R3F,-0.167824,0.0361,0.0483,-2.165052,Down
GSE39645,FGFR1OP2,0.303595,0.0361,0.0483,2.165013,Up
GSE39645,FIGLA,-0.113996,0.0361,0.0484,-2.164434,Down
GSE39645,RHOH,0.387164,0.0362,0.0484,2.163818,Up
GSE39645,SHCBP1L,-0.143852,0.0362,0.0485,-2.16336,Down
GSE39645,TXNDC17///TXNDC17,0.392456,0.0364,0.0486,2.161672,Up
GSE39645,MXRA5,-0.621799,0.0364,0.0487,-2.161604,Down
GSE39645,AGPAT2,-0.220848,0.0364,0.0487,-2.161401,Down
GSE39645,CWF19L1,0.285692,0.0365,0.0488,2.160331,Up
GSE39645,PRDX4,0.486254,0.0365,0.0488,2.160088,Up
GSE39645,CCDC122,0.191739,0.0365,0.0488,2.159868,Up
GSE39645,TRIP10,0.31449,0.0365,0.0489,2.159506,Up
GSE39645,MAP1S,0.209152,0.0365,0.0489,2.159419,Up
GSE39645,RAD1,0.232063,0.0366,0.049,2.15834,Up
GSE39645,PSG2,-0.254219,0.0367,0.049,-2.157763,Down
GSE39645,EGR4,-0.212332,0.0367,0.0491,-2.157366,Down
GSE39645,SLC35D3,-0.15968,0.0367,0.0491,-2.156898,Down
GSE39645,RSPO3,-0.422304,0.0368,0.0492,-2.15609,Down
GSE39645,KPTN,0.233734,0.0368,0.0492,2.15602,Up
GSE39645,NOM1,0.265936,0.0369,0.0493,2.155467,Up
GSE39645,BAG3,-0.414976,0.0369,0.0493,-2.15513,Down
GSE39645,ARHGAP17,0.263828,0.0369,0.0494,2.154513,Up
GSE39645,TEX12,-0.133072,0.037,0.0494,-2.15434,Down
GSE39645,PACSIN2,0.283639,0.037,0.0495,2.153682,Up
GSE39645,DRG1,0.380319,0.0371,0.0495,2.152985,Up
GSE39645,WLS,0.360506,0.0371,0.0495,2.152887,Up
GSE39645,IP6K3,0.50756,0.0371,0.0495,2.152824,Up
GSE39645,CYTL1,0.344009,0.0371,0.0496,2.152538,Up
GSE39645,FAM117A,-0.220912,0.0371,0.0496,-2.152361,Down
GSE39645,DTYMK,0.377821,0.0371,0.0496,2.152343,Up
GSE39645,ACTL6A,0.381667,0.0372,0.0497,2.151779,Up
GSE39645,MRPL3,0.296296,0.0372,0.0497,2.151466,Up
GSE39645,AP3S1,0.150525,0.0372,0.0497,2.151295,Up
GSE39645,GFOD1,-0.281527,0.0373,0.0497,-2.15079,Down
GSE39645,SGMS2,-0.401202,0.0373,0.0498,-2.150285,Down
GSE39645,MGST3///MGST3,0.216496,0.0373,0.0498,2.150174,Up
GSE39645,PWP2,0.26752,0.0373,0.0498,2.150006,Up
GSE39645,ZNF208,0.205225,0.0373,0.0498,2.149931,Up
GSE39645,CHST14,0.211058,0.0373,0.0498,2.149825,Up
GSE39645,ZNF354C,0.167761,0.0374,0.0499,2.149273,Up
GSE39645,FGD3,-0.290215,0.0374,0.0499,-2.149209,Down
GSE39645,RSL1D1,0.281822,0.0374,0.0499,2.148936,Up
GSE39645,SIX3,-0.166295,0.0375,0.0501,-2.147539,Down
GSE39645,EPHB4,-0.267044,0.0375,0.0501,-2.147298,Down
GSE39645,EXOSC7,0.264391,0.0376,0.0501,2.146919,Up
GSE39645,HIST1H2BN///HIST1H2AK,-0.241159,0.0376,0.0502,-2.146204,Down
GSE39645,CYB561,0.217842,0.0377,0.0502,2.145928,Up
GSE39645,KRI1,0.239955,0.0377,0.0503,2.14541,Up
GSE39645,ARHGAP45,0.285447,0.0377,0.0503,2.145401,Up
GSE39645,KIZ,0.235676,0.0377,0.0503,2.145381,Up
GSE39645,SERHL2,0.239026,0.0378,0.0504,2.144437,Up
GSE39645,DOLK,0.18786,0.0378,0.0504,2.144414,Up
GSE39645,ZNF599,-0.175811,0.0378,0.0505,-2.143902,Down
GSE39645,RNF8,0.192877,0.0379,0.0505,2.143628,Up
GSE39645,FAU,0.146969,0.0379,0.0505,2.143494,Up
GSE39645,AARS2,0.145711,0.0379,0.0505,2.143491,Up
GSE39645,SLC26A10,0.344885,0.0379,0.0505,2.143487,Up
GSE39645,COBLL1,0.41799,0.0379,0.0506,2.142763,Up
GSE39645,GUCY2D,-0.150616,0.038,0.0507,-2.141759,Down
GSE39645,PARVB,-0.201155,0.038,0.0507,-2.141678,Down
GSE39645,C1GALT1C1L,-0.209741,0.0381,0.0508,-2.141024,Down
GSE39645,DTX3,0.189396,0.0381,0.0508,2.140299,Up
GSE39645,PPP1R16A,0.181497,0.0382,0.0508,2.140145,Up
GSE39645,GMFG,0.482799,0.0382,0.0509,2.139921,Up
GSE39645,RP9,0.171334,0.0382,0.0509,2.139809,Up
GSE39645,MAP3K6,0.279458,0.0383,0.0511,2.138115,Up
GSE39645,HYAL4,-0.21932,0.0384,0.0511,-2.137455,Down
GSE39645,SERBP1,0.413629,0.0384,0.0511,2.137426,Up
GSE39645,TAGAP,0.481244,0.0385,0.0512,2.136566,Up
GSE39645,PLD2,0.250437,0.0385,0.0513,2.13615,Up
GSE39645,LYPD5,-0.247673,0.0385,0.0513,-2.135944,Down
GSE39645,SNTA1,0.235041,0.0385,0.0513,2.135676,Up
GSE39645,LINGO3,-0.216257,0.0386,0.0513,-2.135384,Down
GSE39645,KHDC3L,-0.183878,0.0386,0.0514,-2.135011,Down
GSE39645,SAMD15,-0.24224,0.0386,0.0514,-2.134564,Down
GSE39645,PGF,-0.225021,0.0387,0.0515,-2.134095,Down
GSE39645,PRMT9,0.253386,0.0387,0.0515,2.134005,Up
GSE39645,LAMP3,-0.309558,0.0387,0.0515,-2.133608,Down
GSE39645,PLAUR,-0.524663,0.0388,0.0516,-2.132795,Down
GSE39645,ASAP1,0.321804,0.0388,0.0517,2.132356,Up
GSE39645,ASB2,-0.230804,0.0388,0.0517,-2.132289,Down
GSE39645,NSUN2,0.261367,0.0389,0.0517,2.131967,Up
GSE39645,SLC11A1,0.634815,0.039,0.0518,2.130938,Up
GSE39645,KCTD6,0.177295,0.0391,0.052,2.129645,Up
GSE39645,WNT16,-0.249728,0.0391,0.0521,-2.128895,Down
GSE39645,E2F4,0.255359,0.0392,0.0521,2.128089,Up
GSE39645,ELOVL2,-0.599261,0.0393,0.0522,-2.127341,Down
GSE39645,SLC2A6,-0.201873,0.0393,0.0523,-2.126963,Down
GSE39645,CCT7,0.34837,0.0393,0.0523,2.126618,Up
GSE39645,RERE,0.215117,0.0394,0.0523,2.126391,Up
GSE39645,APLP1,-0.415103,0.0394,0.0523,-2.126198,Down
GSE39645,FERMT3,0.408049,0.0394,0.0523,2.12617,Up
GSE39645,TTLL11,-0.152117,0.0394,0.0524,-2.125325,Down
GSE39645,SAMM50,0.379218,0.0395,0.0525,2.124712,Up
GSE39645,ZNF257,-0.261106,0.0395,0.0525,-2.124693,Down
GSE39645,SPEN,0.26664,0.0395,0.0525,2.124636,Up
GSE39645,PLCL1,-0.36853,0.0395,0.0525,-2.124406,Down
GSE39645,UBP1,0.196171,0.0396,0.0526,2.124121,Up
GSE39645,TAF15,0.222638,0.0396,0.0526,2.124085,Up
GSE39645,SPRED1,0.35433,0.0396,0.0526,2.123454,Up
GSE39645,PIH1D2,0.32204,0.0396,0.0526,2.123334,Up
GSE39645,TMEM63A,0.302486,0.0397,0.0527,2.122759,Up
GSE39645,AMZ1,-0.171361,0.0397,0.0527,-2.122703,Down
GSE39645,IFT57,0.43148,0.0397,0.0527,2.122694,Up
GSE39645,MLXIP,0.305555,0.0397,0.0528,2.122051,Up
GSE39645,NPTN,0.136195,0.0399,0.0529,2.120752,Up
GSE39645,CTGF,-0.465868,0.0399,0.0531,-2.119645,Down
GSE39645,LRRC3,0.168995,0.04,0.0531,2.119194,Up
GSE39645,GAB1,0.439818,0.04,0.0531,2.119061,Up
GSE39645,TFPI2,0.890734,0.04,0.0531,2.11891,Up
GSE39645,ARC,-0.569054,0.0401,0.0532,-2.118141,Down
GSE39645,STARD8,-0.235221,0.0401,0.0532,-2.117875,Down
GSE39645,DPM2,0.19346,0.0401,0.0533,2.117647,Up
GSE39645,PRDX6,0.33495,0.0401,0.0533,2.11748,Up
GSE39645,BCL2L12,-0.173465,0.0402,0.0533,-2.117059,Down
GSE39645,MME,-1.094478,0.0402,0.0534,-2.116523,Down
GSE39645,TMPRSS5///TMPRSS5,0.465334,0.0403,0.0535,2.115339,Up
GSE39645,SGCD,-0.517637,0.0404,0.0536,-2.114999,Down
GSE39645,CPSF1,0.310224,0.0404,0.0537,2.114149,Up
GSE39645,MTMR2,0.283334,0.0405,0.0537,2.113942,Up
GSE39645,AEN,0.229024,0.0405,0.0537,2.113805,Up
GSE39645,ZDHHC12,0.208468,0.0405,0.0537,2.113641,Up
GSE39645,SLC22A5,0.233472,0.0405,0.0537,2.113637,Up
GSE39645,NELFA,0.14345,0.0405,0.0537,2.113386,Up
GSE39645,ZNF737///ZNF737,0.397554,0.0406,0.0538,2.112596,Up
GSE39645,COQ8B,0.23422,0.0406,0.0539,2.11221,Up
GSE39645,ABCA7,-0.189937,0.0406,0.0539,-2.112197,Down
GSE39645,NBEAL2,-0.260913,0.0407,0.0539,-2.111615,Down
GSE39645,LEMD2,0.123646,0.0408,0.054,2.110598,Up
GSE39645,R3HDM1,0.25015,0.0408,0.0541,2.110266,Up
GSE39645,HNRNPCL3///HNRNPCL2///HNRNPCL1///HNRNPC,0.158266,0.0408,0.0541,2.110074,Up
GSE39645,RRAS2,0.169923,0.0408,0.0541,2.109908,Up
GSE39645,GUCA1C,-0.223882,0.0409,0.0542,-2.1095,Down
GSE39645,MARK4,-0.163175,0.0409,0.0542,-2.109383,Down
GSE39645,DPPA4,-0.371106,0.0409,0.0543,-2.108671,Down
GSE39645,RGPD2///RGPD6///RGPD8///RGPD3///RGPD1///RGPD4///RGPD5///RANBP2,0.163866,0.041,0.0543,2.108011,Up
GSE39645,MYO16,0.386931,0.0411,0.0545,2.106791,Up
GSE39645,CPSF4,-0.237647,0.0411,0.0545,-2.106461,Down
GSE39645,ANKRD45,0.668588,0.0412,0.0546,2.105568,Up
GSE39645,THEMIS2,0.507211,0.0413,0.0547,2.105041,Up
GSE39645,DIAPH1,-0.250372,0.0413,0.0547,-2.104909,Down
GSE39645,ANKRD1,-0.555758,0.0413,0.0547,-2.104559,Down
GSE39645,FAM83B,-0.24855,0.0413,0.0547,-2.104452,Down
GSE39645,DEAF1,0.167743,0.0413,0.0547,2.104424,Up
GSE39645,DCUN1D4,0.320975,0.0413,0.0548,2.104208,Up
GSE39645,CAPNS2,-0.232334,0.0414,0.0548,-2.103667,Down
GSE39645,DNAJC4,0.1947,0.0415,0.0549,2.102951,Up
GSE39645,DPPA2,-0.199235,0.0415,0.0549,-2.10281,Down
GSE39645,NFYC,0.131758,0.0415,0.0549,2.102741,Up
GSE39645,PHTF2,0.268084,0.0415,0.0549,2.102699,Up
GSE39645,FOXH1,-0.194736,0.0416,0.055,-2.101832,Down
GSE39645,ATP5G3,0.143224,0.0416,0.055,2.10161,Up
GSE39645,GLIPR1L2,0.339371,0.0416,0.055,2.101571,Up
GSE39645,HIST1H2BH///HIST1H2BH,0.580521,0.0416,0.0551,2.101096,Up
GSE39645,MAU2,0.161682,0.0416,0.0551,2.101041,Up
GSE39645,AARD,0.250604,0.0417,0.0551,2.100726,Up
GSE39645,CASP5,-0.374409,0.0417,0.0551,-2.100673,Down
GSE39645,RNF150,-0.277997,0.0418,0.0553,-2.099603,Down
GSE39645,ANGPTL2,-0.626091,0.0418,0.0553,-2.099331,Down
GSE39645,CYP39A1,0.319066,0.0419,0.0554,2.098512,Up
GSE39645,HGH1,-0.148876,0.0419,0.0554,-2.098077,Down
GSE39645,TIPARP,-0.49286,0.0419,0.0555,-2.097814,Down
GSE39645,ZNF717,0.233881,0.042,0.0555,2.097479,Up
GSE39645,PARPBP,-0.261332,0.042,0.0555,-2.097171,Down
GSE39645,RNF144B,0.425169,0.0421,0.0557,2.095913,Up
GSE39645,MAP1LC3B,-0.175708,0.0422,0.0557,-2.095456,Down
GSE39645,HSF1,0.1637,0.0422,0.0558,2.095248,Up
GSE39645,SESTD1,-0.3283,0.0423,0.0559,-2.093708,Down
GSE39645,TMEM144,0.519118,0.0424,0.056,2.093156,Up
GSE39645,EIF2B3,0.310442,0.0424,0.056,2.093022,Up
GSE39645,LRRC23,0.180934,0.0424,0.056,2.092911,Up
GSE39645,ARHGEF18,0.138744,0.0424,0.0561,2.092694,Up
GSE39645,MOAP1,0.223846,0.0425,0.0562,2.091775,Up
GSE39645,PROCA1,-0.179485,0.0425,0.0562,-2.091591,Down
GSE39645,CISD1,0.360841,0.0425,0.0562,2.091382,Up
GSE39645,FOXD4L5///FOXD4L6///FOXD4L3///FOXD4L1///FOXD4,-0.143906,0.0426,0.0562,-2.091036,Down
GSE39645,SREK1IP1,0.235768,0.0426,0.0563,2.090733,Up
GSE39645,SLC15A2,-0.407951,0.0426,0.0563,-2.090559,Down
GSE39645,MAFB,0.492699,0.0426,0.0563,2.090458,Up
GSE39645,NID2,0.647089,0.0427,0.0564,2.089412,Up
GSE39645,NPAS1,-0.175375,0.0428,0.0565,-2.088527,Down
GSE39645,PCNX1,0.307343,0.0429,0.0566,2.088098,Up
GSE39645,LSP1,-0.271013,0.043,0.0568,-2.086682,Down
GSE39645,MAPK6,0.302045,0.043,0.0568,2.086497,Up
GSE39645,IRX1,-0.204272,0.043,0.0568,-2.086414,Down
GSE39645,HCAR1,0.430217,0.0431,0.0568,2.085947,Up
GSE39645,AAGAB,0.316132,0.0431,0.0569,2.085785,Up
GSE39645,PKD1L1,-0.223262,0.0431,0.0569,-2.085686,Down
GSE39645,NA,-0.638076,0.0431,0.0569,-2.08557,Down
GSE39645,TUBA1B,0.21336,0.0431,0.0569,2.085331,Up
GSE39645,FRS3,0.165976,0.0431,0.0569,2.085105,Up
GSE39645,REEP6,0.156564,0.0432,0.057,2.084655,Up
GSE39645,RBM14,0.332742,0.0433,0.0571,2.083642,Up
GSE39645,HPR,0.489335,0.0433,0.0572,2.083169,Up
GSE39645,SLCO3A1///SLCO3A1,-0.364154,0.0433,0.0572,-2.082924,Down
GSE39645,NDUFB2,0.235379,0.0433,0.0572,2.082867,Up
GSE39645,NIFK,0.315834,0.0434,0.0572,2.082634,Up
GSE39645,FKBP8,0.185339,0.0434,0.0573,2.082191,Up
GSE39645,CCNC,0.330098,0.0434,0.0573,2.081857,Up
GSE39645,RRM1,0.436365,0.0435,0.0573,2.08162,Up
GSE39645,SNX20,-0.222255,0.0436,0.0575,-2.079899,Down
GSE39645,EVX1,-0.168369,0.0437,0.0577,-2.078977,Down
GSE39645,ALDH9A1,0.241701,0.044,0.058,2.076036,Up
GSE39645,ZNF250,0.167791,0.044,0.058,2.07594,Up
GSE39645,FAM9A,-0.172018,0.044,0.058,-2.075911,Down
GSE39645,RALB,0.239623,0.044,0.058,2.075809,Up
GSE39645,NKTR,0.309024,0.044,0.058,2.075782,Up
GSE39645,C17orf77,-0.250921,0.0442,0.0583,-2.074026,Down
GSE39645,OPHN1,0.299168,0.0444,0.0585,2.071994,Up
GSE39645,RTN3,-0.176435,0.0444,0.0585,-2.071909,Down
GSE39645,MIB1,0.34897,0.0444,0.0585,2.071709,Up
GSE39645,TBC1D9,0.352291,0.0445,0.0587,2.070699,Up
GSE39645,SMARCA4,0.279937,0.0447,0.0588,2.069434,Up
GSE39645,GALNT15,0.462689,0.0447,0.0589,2.069236,Up
GSE39645,FLJ42022///CLK3,0.11539,0.0447,0.0589,2.069192,Up
GSE39645,SPATC1L,-0.154117,0.0447,0.0589,-2.068975,Down
GSE39645,SDS,-0.50695,0.0447,0.0589,-2.068967,Down
GSE39645,ZKSCAN2,0.164648,0.0447,0.0589,2.068771,Up
GSE39645,SCARA3,-0.460538,0.0447,0.0589,-2.068592,Down
GSE39645,DGKD,-0.347225,0.0447,0.0589,-2.0685,Down
GSE39645,RAB40AL,-0.185593,0.0448,0.059,-2.068205,Down
GSE39645,CILP,-0.561803,0.0448,0.059,-2.067808,Down
GSE39645,TSSK4,-0.199723,0.0448,0.059,-2.067577,Down
GSE39645,TMEM45A,0.364755,0.0449,0.0592,2.066453,Up
GSE39645,SPCS3,0.365404,0.045,0.0592,2.066297,Up
GSE39645,HPS4,0.223397,0.045,0.0592,2.06585,Up
GSE39645,BHLHA9,-0.260526,0.045,0.0592,-2.065733,Down
GSE39645,RGPD2///RGPD6///RGPD8///RGPD3///RGPD1///RGPD4///RGPD5///RANBP2,0.188438,0.0451,0.0593,2.065052,Up
GSE39645,RPS19BP1,0.183949,0.0451,0.0594,2.064844,Up
GSE39645,TMEM231,0.210305,0.0453,0.0596,2.063204,Up
GSE39645,PSMD12,0.344538,0.0454,0.0597,2.062227,Up
GSE39645,PTTG1,0.601271,0.0454,0.0597,2.062058,Up
GSE39645,AK4,-0.177702,0.0455,0.0598,-2.061377,Down
GSE39645,CCNO,-0.20457,0.0455,0.0598,-2.061251,Down
GSE39645,EIF4A3,0.23006,0.0455,0.0599,2.060727,Up
GSE39645,H2AFX,-0.173408,0.0456,0.0599,-2.060283,Down
GSE39645,TAF5L,0.191102,0.0456,0.06,2.059768,Up
GSE39645,RASAL3,0.223896,0.0456,0.06,2.059681,Up
GSE39645,ALDH1A3,0.461465,0.0456,0.06,2.059665,Up
GSE39645,WDR64,-0.235583,0.0457,0.0601,-2.058868,Down
GSE39645,TDRD12,-0.312894,0.0457,0.0601,-2.058444,Down
GSE39645,SLC24A5,-0.204819,0.0458,0.0602,-2.058347,Down
GSE39645,HTN1,-0.805573,0.0458,0.0602,-2.058284,Down
GSE39645,ZNF572,0.256282,0.0459,0.0603,2.05715,Up
GSE39645,KDELR1,0.265602,0.046,0.0604,2.056004,Up
GSE39645,IGFBP3,-0.29498,0.046,0.0605,-2.055497,Down
GSE39645,PROX2,-0.146064,0.0461,0.0606,-2.054896,Down
GSE39645,ITGA9,-0.283574,0.0462,0.0607,-2.054128,Down
GSE39645,DHX34,-0.215931,0.0462,0.0607,-2.054087,Down
GSE39645,SNRNP40,0.244728,0.0462,0.0607,2.053893,Up
GSE39645,IDUA,0.232186,0.0462,0.0607,2.053691,Up
GSE39645,SGO2,-0.330335,0.0463,0.0608,-2.052786,Down
GSE39645,KRBA1,-0.177504,0.0463,0.0608,-2.052767,Down
GSE39645,HCP5,0.404547,0.0464,0.0609,2.051953,Up
GSE39645,MAGI1,0.348288,0.0464,0.061,2.051838,Up
GSE39645,C19orf60,0.156633,0.0464,0.061,2.051615,Up
GSE39645,DNTTIP2,0.314691,0.0465,0.0611,2.05106,Up
GSE39645,CDK10,0.251708,0.0465,0.0611,2.050777,Up
GSE39645,FSCB,-0.193864,0.0465,0.0611,-2.050775,Down
GSE39645,ANKRD53,0.27938,0.0466,0.0611,2.050326,Up
GSE39645,MARC2///MARC2,0.2257,0.0466,0.0611,2.050254,Up
GSE39645,TMEM154,-0.313468,0.0466,0.0612,-2.050019,Down
GSE39645,CD44,0.320326,0.0466,0.0612,2.049664,Up
GSE39645,PRADC1,-0.196419,0.0467,0.0612,-2.049472,Down
GSE39645,DGKE,-0.229979,0.0467,0.0613,-2.049205,Down
GSE39645,BOK,-0.27844,0.0467,0.0613,-2.048951,Down
GSE39645,DENND4A,0.372346,0.0468,0.0614,2.048307,Up
GSE39645,ANKRD34B,-0.236933,0.0468,0.0614,-2.047918,Down
GSE39645,FKBP10,0.411605,0.047,0.0617,2.04614,Up
GSE39645,SEL1L3,0.435563,0.047,0.0617,2.046087,Up
GSE39645,CNNM4,0.26119,0.0471,0.0618,2.045375,Up
GSE39645,NAA30,0.179291,0.0471,0.0618,2.045245,Up
GSE39645,RPS6KB2,0.18551,0.0471,0.0618,2.044694,Up
GSE39645,TOP1MT,0.188319,0.0472,0.0618,2.044578,Up
GSE39645,DIMT1,0.297399,0.0472,0.062,2.043761,Up
GSE39645,MROH1,0.232925,0.0473,0.062,2.043586,Up
GSE39645,MTA2,0.294058,0.0473,0.0621,2.042884,Up
GSE39645,RNF24,-0.240065,0.0474,0.0621,-2.042672,Down
GSE39645,RWDD2B,0.331585,0.0474,0.0622,2.041997,Up
GSE39645,THAP2,0.213897,0.0474,0.0622,2.04188,Up
GSE39645,CCT2,0.371059,0.0475,0.0622,2.04149,Up
GSE39645,GRIK2,0.641484,0.0475,0.0622,2.041336,Up
GSE39645,MT1H,-0.21611,0.0475,0.0623,-2.041,Down
GSE39645,CCDC167,0.388174,0.0475,0.0623,2.040988,Up
GSE39645,MT1E,0.271903,0.0476,0.0624,2.04023,Up
GSE39645,EVA1A,0.326202,0.0476,0.0624,2.040041,Up
GSE39645,DNASE1,-0.161384,0.0476,0.0624,-2.040033,Down
GSE39645,LOC107987457///PPP1R18,0.215662,0.0476,0.0624,2.039931,Up
GSE39645,HYI,0.171269,0.0477,0.0624,2.039677,Up
GSE39645,L3MBTL1,-0.177819,0.0477,0.0625,-2.039162,Down
GSE39645,NLE1,-0.135113,0.0478,0.0626,-2.038316,Down
GSE39645,LGALSL///LGALSL,0.378258,0.0479,0.0627,2.037852,Up
GSE39645,OXNAD1,0.19298,0.0479,0.0628,2.03721,Up
GSE39645,LRTOMT,0.185179,0.048,0.0628,2.03682,Up
GSE39645,TSPYL1,-0.243869,0.048,0.0628,-2.036574,Down
GSE39645,DEFB112,-0.1522,0.048,0.0629,-2.036124,Down
GSE39645,CDKN2B,0.267016,0.0481,0.0629,2.035907,Up
GSE39645,GPCPD1,0.293313,0.0481,0.063,2.035421,Up
GSE39645,TAS2R1,-0.263651,0.0482,0.0631,-2.034261,Down
GSE39645,SMPD2,0.23103,0.0482,0.0631,2.034238,Up
GSE39645,LACE1,0.191911,0.0482,0.0632,2.034086,Up
GSE39645,MARVELD2,-0.26704,0.0483,0.0632,-2.03378,Down
GSE39645,CKAP4,-0.198843,0.0483,0.0632,-2.033384,Down
GSE39645,NDC80,-0.520946,0.0485,0.0634,-2.032114,Down
GSE39645,LYSMD2,0.195082,0.0485,0.0634,2.031958,Up
GSE39645,DDHD1,0.231216,0.0485,0.0635,2.031725,Up
GSE39645,SPATA5,0.196556,0.0485,0.0635,2.03129,Up
GSE39645,TLX3,-0.257372,0.0486,0.0636,-2.030946,Down
GSE39645,NEUROG2,-0.18381,0.0486,0.0636,-2.030675,Down
GSE39645,CYP27C1,0.336953,0.0486,0.0636,2.030629,Up
GSE39645,CDT1,-0.231949,0.0487,0.0636,-2.030176,Down
GSE39645,MTMR4,0.238804,0.0488,0.0638,2.029057,Up
GSE39645,MT1F,0.272463,0.0488,0.0638,2.029027,Up
GSE39645,DDX17,0.2601,0.0488,0.0638,2.028982,Up
GSE39645,APLF,0.245778,0.0488,0.0638,2.02876,Up
GSE39645,TMC6,0.225505,0.0488,0.0639,2.028513,Up
GSE39645,RASSF8,0.227037,0.0489,0.0639,2.027834,Up
GSE39645,C14orf93,0.196464,0.0489,0.064,2.027727,Up
GSE39645,ADD2,-0.329054,0.049,0.0641,-2.026976,Down
GSE39645,ZACN///EXOC7,0.138905,0.049,0.0641,2.026813,Up
GSE39645,HBEGF,0.585343,0.0491,0.0642,2.026189,Up
GSE39645,NDUFAF2,0.193759,0.0492,0.0642,2.025516,Up
GSE39645,SYCP3,0.254033,0.0493,0.0644,2.024354,Up
GSE39645,TRPC6,-0.243374,0.0493,0.0645,-2.02387,Down
GSE39645,CAMK2A,-0.20664,0.0495,0.0647,-2.022233,Down
GSE39645,CH17-360D5.1///NPY4R,-0.175633,0.0495,0.0647,-2.022211,Down
GSE39645,DNAAF2,0.297546,0.0495,0.0647,2.022069,Up
GSE39645,MTMR9,0.27117,0.0496,0.0647,2.021748,Up
GSE39645,S100A16,0.438033,0.0496,0.0648,2.021596,Up
GSE39645,ZNF565,0.199334,0.0497,0.0649,2.020444,Up
GSE39645,EGR2,0.736359,0.0498,0.0651,2.0192,Up
GSE39645,GIPC3,0.292314,0.05,0.0653,2.017598,Up
GSE39645,ASMTL,0.225451,0.05,0.0653,2.017523,Up
GSE39645,TIMM10,0.304905,0.0501,0.0654,2.017045,Up
GSE39645,CD34,-0.520062,0.0501,0.0654,-2.017019,Down
GSE39645,IL2RG,-0.358469,0.0501,0.0655,-2.016391,Down
GSE39645,DGCR6L,0.233391,0.0501,0.0655,2.016341,Up
GSE39645,ANGPTL1,-0.734788,0.0503,0.0656,-2.015297,Down
GSE39645,MYO1H,-0.21575,0.0503,0.0656,-2.015247,Down
GSE39645,ELP6,0.159519,0.0503,0.0657,2.014891,Up
GSE39645,PECR,0.189622,0.0503,0.0657,2.01484,Up
GSE39645,SOCS7,-0.146726,0.0503,0.0657,-2.01464,Down
GSE39645,DEF8,0.185988,0.0504,0.0657,2.014438,Up
GSE39645,MEF2B///BORCS8///BORCS8-MEF2B,-0.163686,0.0504,0.0658,-2.013604,Down
GSE39645,PLIN3,0.343163,0.0505,0.0658,2.013343,Up
GSE39645,FOXO4,0.287791,0.0506,0.066,2.012169,Up
GSE39645,EFNA4,-0.194068,0.0506,0.066,-2.01207,Down
GSE39645,ASCL3,-0.235583,0.0507,0.0661,-2.011471,Down
GSE39645,PIGR,-0.62562,0.0507,0.0661,-2.011407,Down
GSE39645,CACNA2D4,-0.209722,0.0507,0.0662,-2.011038,Down
GSE39645,MSRB1,-0.221272,0.0507,0.0662,-2.010866,Down
GSE39645,CCR2,-0.339754,0.0508,0.0662,-2.010344,Down
GSE39645,FLRT1,0.382442,0.0508,0.0662,2.010303,Up
GSE39645,PLA2G4B///JMJD7///JMJD7-PLA2G4B,0.220974,0.0508,0.0663,2.009923,Up
GSE39645,EHD2,0.25236,0.0509,0.0663,2.009838,Up
GSE39645,LETM1,0.196584,0.0509,0.0663,2.009658,Up
GSE39645,FBXO34,0.18763,0.0509,0.0663,2.009637,Up
GSE39645,RABL3,0.186633,0.0509,0.0664,2.009308,Up
GSE39645,MSI2,0.392604,0.0509,0.0664,2.009131,Up
GSE39645,S100A7,-0.210878,0.0509,0.0664,-2.009075,Down
GSE39645,NECAB1,-0.427643,0.051,0.0664,-2.008837,Down
GSE39645,EED,0.167457,0.051,0.0664,2.008792,Up
GSE39645,MACC1,0.301029,0.051,0.0665,2.008286,Up
GSE39645,LINGO2,-0.435487,0.0511,0.0665,-2.007995,Down
GSE39645,NEUROG1,-0.169791,0.0512,0.0666,-2.007177,Down
GSE39645,NCOA5,0.20507,0.0512,0.0667,2.006899,Up
GSE39645,PLLP,0.694071,0.0513,0.0668,2.006141,Up
GSE39645,FOXE3,-0.15924,0.0513,0.0668,-2.006115,Down
GSE39645,BCHE,-0.395049,0.0513,0.0668,-2.005959,Down
GSE39645,SLC27A2,0.513098,0.0513,0.0668,2.005595,Up
GSE39645,SSR2,0.233019,0.0513,0.0668,2.005522,Up
GSE39645,SLC35E1,0.210551,0.0514,0.0669,2.00514,Up
GSE39645,SNRPD1,0.36262,0.0515,0.0671,2.003885,Up
GSE39645,PHF23,0.303311,0.0516,0.0671,2.003544,Up
GSE39645,PINX1,0.250059,0.0516,0.0672,2.002718,Up
GSE39645,TMEM183B///TMEM183A,0.176235,0.0517,0.0672,2.002633,Up
GSE39645,MARCKSL1,-0.160917,0.0517,0.0672,-2.002576,Down
GSE39645,SNRPD2,0.196259,0.0517,0.0672,2.002504,Up
GSE39645,SLC25A16,0.231741,0.0517,0.0673,2.002352,Up
GSE39645,ZNF155,0.16806,0.0517,0.0673,2.002022,Up
GSE39645,LRRTM3,-0.30197,0.0518,0.0674,-2.001638,Down
GSE39645,FAM126B,0.245065,0.0519,0.0675,2.00083,Up
GSE39645,CARD17///CARD17,-0.293761,0.0519,0.0675,-2.000708,Down
GSE39645,CIAPIN1,0.172393,0.0519,0.0675,2.000383,Up
GSE39645,PCK2,0.153605,0.052,0.0676,1.999536,Up
GSE39645,TIRAP,0.204353,0.052,0.0677,1.99928,Up
GSE39645,ARHGAP27,0.190876,0.0521,0.0677,1.999119,Up
GSE39645,RELL2,-0.153707,0.0521,0.0677,-1.998977,Down
GSE39645,PQLC1,0.174676,0.0521,0.0677,1.998719,Up
GSE39645,TULP2,-0.187943,0.0521,0.0678,-1.998247,Down
GSE39645,IRX4,-0.198203,0.0522,0.0679,-1.99787,Down
GSE39645,MGRN1,0.141716,0.0522,0.0679,1.997854,Up
GSE39645,PRR23B,-0.17903,0.0522,0.0679,-1.997605,Down
GSE39645,GRASP,0.203739,0.0523,0.0679,1.997167,Up
GSE39645,JARID2,-0.234772,0.0524,0.0681,-1.99635,Down
GSE39645,GABRD,-0.1681,0.0524,0.0681,-1.995809,Down
GSE39645,LOC100506472///TAB1,0.18958,0.0524,0.0682,1.995584,Up
GSE39645,ZFP41,-0.135962,0.0525,0.0683,-1.994708,Down
GSE39645,POLDIP3,0.269937,0.0526,0.0683,1.994409,Up
GSE39645,FGF7,0.523544,0.0526,0.0683,1.994295,Up
GSE39645,UBALD1,-0.147894,0.0526,0.0684,-1.994087,Down
GSE39645,RPS18P9///RPS18,0.103656,0.0526,0.0684,1.99406,Up
GSE39645,RPS7,0.258666,0.0526,0.0684,1.993832,Up
GSE39645,SPDYE16///SPDYE2B///SPDYE6///SPDYE8P///SPDYE2///SPDYE3///SPDYE7P///SPDYE1,-0.242385,0.0527,0.0685,-1.993062,Down
GSE39645,LGALS4,-0.184626,0.053,0.0688,-1.991123,Down
GSE39645,FSD1,-0.179562,0.053,0.0688,-1.99104,Down
GSE39645,SMOC1,-0.509952,0.0533,0.0692,-1.988388,Down
GSE39645,NPB,-0.167458,0.0533,0.0692,-1.988137,Down
GSE39645,NR2C2AP,0.164098,0.0534,0.0694,1.986965,Up
GSE39645,NCAPG,-0.478395,0.0535,0.0694,-1.986736,Down
GSE39645,RRS1,0.281201,0.0535,0.0694,1.986436,Up
GSE39645,FAM227B,0.234822,0.0535,0.0695,1.98605,Up
GSE39645,KIF27,-0.249541,0.0536,0.0695,-1.985881,Down
GSE39645,12,0.339463,0.0537,0.0697,1.984737,Up
GSE39645,SEC61A2,0.294578,0.0537,0.0697,1.984662,Up
GSE39645,CHST11,0.265488,0.0537,0.0697,1.984598,Up
GSE39645,GPSM1,0.21173,0.0538,0.0698,1.983991,Up
GSE39645,CIRBP,0.204418,0.0538,0.0698,1.983924,Up
GSE39645,ZNF366,-0.212725,0.0539,0.0699,-1.98323,Down
GSE39645,POLE2,-0.306866,0.0539,0.0699,-1.98311,Down
GSE39645,FLJ44477,-0.259322,0.0539,0.0699,-1.982978,Down
GSE39645,RABL2A///RABL2B,0.126014,0.054,0.07,1.982314,Up
GSE39645,SEC63,0.218318,0.054,0.0701,1.981854,Up
GSE39645,PLEKHG1///PLEKHG1,-0.392607,0.054,0.0701,-1.981803,Down
GSE39645,EPN2,0.187452,0.0541,0.0702,1.981233,Up
GSE39645,TEX10,0.338798,0.0542,0.0703,1.98054,Up
GSE39645,TCEB3CL2///TCEB3CL///TCEB3C///TCEB3B,-0.167417,0.0542,0.0703,-1.97997,Down
GSE39645,CCDC22,0.121714,0.0542,0.0703,1.979942,Up
GSE39645,CREBBP,0.246637,0.0543,0.0704,1.979228,Up
GSE39645,CCL18,-0.651558,0.0544,0.0705,-1.979031,Down
GSE39645,ARL4A,-0.195687,0.0544,0.0705,-1.978844,Down
GSE39645,JAK3,-0.309627,0.0544,0.0705,-1.978433,Down
GSE39645,PLEKHH1,-0.345308,0.0545,0.0706,-1.977767,Down
GSE39645,ACACA,0.274909,0.0545,0.0706,1.977695,Up
GSE39645,TGFB2,-0.433014,0.0546,0.0708,-1.976595,Down
GSE39645,CUEDC1,0.158694,0.0547,0.0708,1.976336,Up
GSE39645,CPEB4,0.351716,0.0547,0.0708,1.97624,Up
GSE39645,TRAK1,0.23445,0.0547,0.0709,1.975715,Up
GSE39645,ZNF658B///ZNF658,0.222834,0.0548,0.071,1.975105,Up
GSE39645,ITIH5,0.624842,0.0551,0.0713,1.972865,Up
GSE39645,ALDH2,0.328019,0.0551,0.0714,1.972784,Up
GSE39645,ERP27,-0.20385,0.0551,0.0714,-1.972332,Down
GSE39645,METTL2A,0.211199,0.0551,0.0714,1.972237,Up
GSE39645,DTNB,-0.198478,0.0552,0.0714,-1.972091,Down
GSE39645,TEKT4,-0.186231,0.0552,0.0715,-1.971766,Down
GSE39645,GLS,0.299681,0.0553,0.0716,1.971312,Up
GSE39645,DGCR2,0.229678,0.0553,0.0716,1.970875,Up
GSE39645,EXOSC2,0.274494,0.0554,0.0717,1.97016,Up
GSE39645,MAP9,0.320651,0.0555,0.0718,1.969448,Up
GSE39645,FITM2,0.185969,0.0555,0.0719,1.969135,Up
GSE39645,BNIP1,0.181284,0.0555,0.0719,1.969122,Up
GSE39645,DNAJC2,0.256448,0.0556,0.072,1.968389,Up
GSE39645,APPL2,0.252339,0.0556,0.072,1.968132,Up
GSE39645,CCL3,0.747356,0.0556,0.072,1.968075,Up
GSE39645,MIPOL1,0.217167,0.0557,0.0721,1.967728,Up
GSE39645,ZNF107,0.167218,0.0557,0.0721,1.967392,Up
GSE39645,METTL22,0.167904,0.0557,0.0721,1.96733,Up
GSE39645,BCAR3,0.206383,0.0558,0.0721,1.967128,Up
GSE39645,CDH13,0.559929,0.0558,0.0721,1.96705,Up
GSE39645,DRC3,-0.162741,0.0558,0.0721,-1.96694,Down
GSE39645,RHOT2,0.199952,0.0558,0.0721,1.966909,Up
GSE39645,HIST1H2BK///H2BFS///HIST1H2BO///HIST1H2BD,0.409174,0.0558,0.0722,1.966404,Up
GSE39645,APOLD1///DDX47,0.178553,0.0559,0.0723,1.966004,Up
GSE39645,TPTE2,-0.349742,0.0559,0.0723,-1.965559,Down
GSE39645,TSHZ3,-0.375895,0.056,0.0724,-1.965089,Down
GSE39645,APLN,-0.314077,0.0561,0.0725,-1.964161,Down
GSE39645,NOC2L,0.27526,0.0561,0.0726,1.963916,Up
GSE39645,ALAS1///ALAS1,0.246229,0.0562,0.0727,1.963008,Up
GSE39645,ELF2,0.227252,0.0562,0.0727,1.962991,Up
GSE39645,PTOV1,0.186561,0.0563,0.0727,1.96287,Up
GSE39645,FOXD4L5///FOXD4L6///FOXD4L3///FOXD4L1///FOXD4,-0.12477,0.0564,0.0728,-1.962147,Down
GSE39645,KCNC3,-0.138081,0.0564,0.0728,-1.962064,Down
GSE39645,TRERF1,-0.242071,0.0564,0.0729,-1.961447,Down
GSE39645,TAS2R46,-0.133842,0.0566,0.0731,-1.960217,Down
GSE39645,PPP1R13L,-0.128738,0.0566,0.0732,-1.959719,Down
GSE39645,KCNIP2,-0.507608,0.0567,0.0732,-1.95956,Down
GSE39645,ADGRF5,0.434368,0.0567,0.0732,1.959498,Up
GSE39645,GNRH1,-0.213374,0.0567,0.0733,-1.959005,Down
GSE39645,SEPHS1,-0.206635,0.0568,0.0734,-1.958336,Down
GSE39645,ASXL1,0.237308,0.057,0.0736,1.956861,Up
GSE39645,KDM1A,0.322452,0.057,0.0737,1.956388,Up
GSE39645,CHRNA5,-0.317032,0.057,0.0737,-1.956383,Down
GSE39645,NKRF,0.259476,0.0571,0.0738,1.955863,Up
GSE39645,CARD10,-0.194039,0.0572,0.0738,-1.955322,Down
GSE39645,RNF138,0.327551,0.0572,0.0739,1.955127,Up
GSE39645,SREBF2,0.353845,0.0572,0.0739,1.954985,Up
GSE39645,SKAP1,-0.265172,0.0573,0.0739,-1.954597,Down
GSE39645,SRRM2,0.222992,0.0573,0.074,1.954307,Up
GSE39645,GPR141,0.270699,0.0573,0.074,1.953902,Up
GSE39645,HBS1L,0.352769,0.0574,0.0741,1.953352,Up
GSE39645,DLK1,-0.264941,0.0575,0.0742,-1.952836,Down
GSE39645,CFAP44,-0.178408,0.0575,0.0742,-1.95273,Down
GSE39645,SLC4A8,-0.236159,0.0575,0.0742,-1.952689,Down
GSE39645,SNAI3,-0.175645,0.0576,0.0743,-1.952201,Down
GSE39645,SPECC1L-ADORA2A///SPECC1L,0.291531,0.0576,0.0743,1.951989,Up
GSE39645,C14orf159///PIGF,0.175305,0.0577,0.0744,1.951169,Up
GSE39645,HN1,0.369477,0.0577,0.0745,1.950764,Up
GSE39645,DPH7///DPH7,0.170219,0.0577,0.0745,1.950733,Up
GSE39645,NUP54,0.293548,0.0578,0.0745,1.950517,Up
GSE39645,DGKQ,-0.122959,0.0578,0.0746,-1.949988,Down
GSE39645,C9orf72,0.337502,0.058,0.0748,1.948853,Up
GSE39645,ATP11B,0.267595,0.0581,0.075,1.947597,Up
GSE39645,QPRT,0.191636,0.0581,0.075,1.947507,Up
GSE39645,ZFAND4,-0.151703,0.0582,0.0751,-1.946825,Down
GSE39645,JAML,-0.600774,0.0582,0.0751,-1.946704,Down
GSE39645,ALG10B///ALG10,0.163007,0.0582,0.0751,1.946588,Up
GSE39645,ANAPC1P1///ANAPC1,0.182247,0.0583,0.0751,1.946234,Up
GSE39645,ADAMTS10,0.190782,0.0583,0.0752,1.945958,Up
GSE39645,RPL27A,0.140123,0.0584,0.0753,1.945296,Up
GSE39645,SH2D1A,-0.32285,0.0585,0.0753,-1.944947,Down
GSE39645,FHOD1,0.331306,0.0585,0.0754,1.944512,Up
GSE39645,LRRC8A,0.23784,0.0585,0.0754,1.944387,Up
GSE39645,ZDHHC11,0.22313,0.0586,0.0755,1.944013,Up
GSE39645,NDUFV3,0.178476,0.0586,0.0755,1.943664,Up
GSE39645,SATL1,-0.121201,0.0586,0.0756,-1.943367,Down
GSE39645,RHBDL2,-0.260904,0.0588,0.0757,-1.942432,Down
GSE39645,KCNE4,0.586474,0.0588,0.0757,1.942238,Up
GSE39645,PTPDC1,0.304608,0.0589,0.0758,1.941555,Up
GSE39645,ZNF682,0.174975,0.0589,0.0759,1.941237,Up
GSE39645,AGPAT4,-0.272383,0.0589,0.0759,-1.941148,Down
GSE39645,COL9A3,-0.19743,0.059,0.0759,-1.940868,Down
GSE39645,PNN,0.216466,0.059,0.0759,1.940711,Up
GSE39645,WDR74,0.251085,0.059,0.076,1.940569,Up
GSE39645,GREB1,-0.201296,0.059,0.076,-1.940509,Down
GSE39645,RRAGD,0.485193,0.059,0.076,1.940427,Up
GSE39645,CSTF2T,0.158578,0.0591,0.0761,1.939625,Up
GSE39645,CUL3,0.264422,0.0592,0.0762,1.938836,Up
GSE39645,DPP6,-0.527074,0.0593,0.0763,-1.938313,Down
GSE39645,PMF1-BGLAP///PMF1,0.180422,0.0593,0.0764,1.937931,Up
GSE39645,SGK223,-0.172441,0.0594,0.0764,-1.937474,Down
GSE39645,FOXO1,0.170816,0.0595,0.0765,1.936718,Up
GSE39645,GALE,-0.277436,0.0595,0.0766,-1.936536,Down
GSE39645,SUMO3,0.160165,0.0596,0.0766,1.93607,Up
GSE39645,MRPS25,0.200209,0.0597,0.0768,1.934826,Up
GSE39645,PRDM15,-0.149162,0.0599,0.077,-1.933672,Down
GSE39645,TC2N,0.666329,0.0599,0.077,1.933566,Up
GSE39645,CPXM1,-0.65214,0.0599,0.077,-1.933548,Down
GSE39645,SIGLEC11,-0.197828,0.0599,0.077,-1.933542,Down
GSE39645,DUSP10,0.462936,0.0599,0.0771,1.933025,Up
GSE39645,HDAC8,0.201614,0.06,0.0772,1.932556,Up
GSE39645,SLC26A11,0.154538,0.0601,0.0772,1.932112,Up
GSE39645,MFSD7,-0.166292,0.0601,0.0773,-1.931868,Down
GSE39645,ZSWIM3,0.14462,0.0602,0.0774,1.931049,Up
GSE39645,NOA1,0.181691,0.0603,0.0775,1.930378,Up
GSE39645,STK36,-0.14171,0.0603,0.0775,-1.930346,Down
GSE39645,MIPEP,0.235461,0.0604,0.0776,1.929855,Up
GSE39645,FABP12,-0.136602,0.0604,0.0777,-1.929347,Down
GSE39645,YPEL2,0.325418,0.0604,0.0777,1.929228,Up
GSE39645,VWA8,0.244976,0.0605,0.0777,1.928974,Up
GSE39645,NIPAL2,0.288801,0.0605,0.0777,1.928933,Up
GSE39645,SYNE3,0.321328,0.0605,0.0777,1.92865,Up
GSE39645,GPAM,-0.390466,0.0606,0.0778,-1.928168,Down
GSE39645,CDKL5,0.297706,0.0606,0.0779,1.927813,Up
GSE39645,SPAG4,-0.186847,0.0606,0.0779,-1.927662,Down
GSE39645,ATP1B3,0.384251,0.0607,0.0779,1.927517,Up
GSE39645,SARM1,-0.141852,0.0608,0.0781,-1.926289,Down
GSE39645,GSTM1,0.799088,0.0609,0.0782,1.925873,Up
GSE39645,GPR180,0.259577,0.0609,0.0782,1.925618,Up
GSE39645,TSSK6,0.264571,0.0609,0.0782,1.925328,Up
GSE39645,PRC1,-0.445704,0.061,0.0783,-1.92517,Down
GSE39645,PFDN6,0.149624,0.061,0.0783,1.925063,Up
GSE39645,BAK1,-0.209214,0.061,0.0783,-1.924875,Down
GSE39645,UTP4,0.265767,0.061,0.0783,1.92469,Up
GSE39645,NPHP1,0.189781,0.061,0.0784,1.924522,Up
GSE39645,ZMYND12,-0.190857,0.0612,0.0785,-1.923435,Down
GSE39645,IFT22,0.226782,0.0612,0.0786,1.923229,Up
GSE39645,MAPKAPK2,-0.242088,0.0613,0.0787,-1.922409,Down
GSE39645,DUSP8,0.182731,0.0614,0.0788,1.921761,Up
GSE39645,P2RX5-TAX1BP3///P2RX5,-0.193403,0.0616,0.079,-1.920491,Down
GSE39645,TSNAX-DISC1///DISC1,0.140532,0.0618,0.0793,1.918845,Up
GSE39645,CDC37,0.242457,0.0618,0.0793,1.918658,Up
GSE39645,SDF2L1,0.26355,0.0622,0.0798,1.915574,Up
GSE39645,TEX9,0.351344,0.0623,0.0799,1.91465,Up
GSE39645,SHE,0.207833,0.0624,0.08,1.914395,Up
GSE39645,WFIKKN2,-0.224129,0.0624,0.08,-1.914283,Down
GSE39645,BARD1,0.330034,0.0624,0.08,1.914188,Up
GSE39645,ADNP2,0.28501,0.0625,0.0801,1.913558,Up
GSE39645,SYT5,-0.135362,0.0625,0.0801,-1.913512,Down
GSE39645,BORA,-0.190093,0.0625,0.0802,-1.91294,Down
GSE39645,CNFN,-0.167468,0.0626,0.0802,-1.912691,Down
GSE39645,ABCC4,0.330042,0.0627,0.0803,1.91212,Up
GSE39645,KCTD8,-0.145277,0.0627,0.0804,-1.911821,Down
GSE39645,MAN1C1,-0.324525,0.0627,0.0804,-1.911724,Down
GSE39645,SLC10A4,-0.173571,0.0627,0.0804,-1.911717,Down
GSE39645,PPP2R3A,0.29484,0.0628,0.0804,1.911299,Up
GSE39645,CHN2,0.35789,0.0628,0.0805,1.910759,Up
GSE39645,SLC26A4,-0.264299,0.0631,0.0809,-1.908525,Down
GSE39645,RPL30///RPL30,0.110384,0.0632,0.081,1.907886,Up
GSE39645,PRKAA1,0.210261,0.0633,0.0811,1.907191,Up
GSE39645,SHOX,-0.16239,0.0633,0.0812,-1.906907,Down
GSE39645,RAD51L3-RFFL///RAD51D,-0.12889,0.0633,0.0812,-1.906892,Down
GSE39645,DLL4,-0.25644,0.0634,0.0812,-1.906519,Down
GSE39645,TTC8,0.224462,0.0634,0.0812,1.906342,Up
GSE39645,FEM1A,0.230178,0.0634,0.0812,1.90634,Up
GSE39645,H2AFY2,0.274559,0.0634,0.0812,1.906302,Up
GSE39645,WDFY4,0.279515,0.0635,0.0813,1.90605,Up
GSE39645,YPEL5,0.185462,0.0635,0.0813,1.905849,Up
GSE39645,MYO19,-0.170684,0.0635,0.0813,-1.905527,Down
GSE39645,PCDHB11,-0.370939,0.0636,0.0815,-1.904797,Down
GSE39645,TCF4,-0.39158,0.0638,0.0816,-1.903705,Down
GSE39645,SEMA4C,0.410406,0.0638,0.0817,1.903181,Up
GSE39645,SPHK2,0.15545,0.0639,0.0818,1.902891,Up
GSE39645,CEP55,-0.456595,0.0639,0.0818,-1.902817,Down
GSE39645,ATF1,0.212121,0.0639,0.0818,1.902799,Up
GSE39645,ARHGAP27,-0.158088,0.0639,0.0818,-1.90276,Down
GSE39645,SNTB1,0.236155,0.064,0.0819,1.902324,Up
GSE39645,PDXP,-0.130498,0.064,0.0819,-1.902123,Down
GSE39645,TMEM81,-0.122026,0.064,0.0819,-1.901884,Down
GSE39645,LOC152048,-0.240541,0.0643,0.0823,-1.899605,Down
GSE39645,FOXF1,-0.148478,0.0643,0.0823,-1.899533,Down
GSE39645,RPUSD2,0.176071,0.0644,0.0824,1.898749,Up
GSE39645,POLR3D,0.209632,0.0645,0.0825,1.898572,Up
GSE39645,ZNF485,0.176287,0.0645,0.0825,1.898231,Up
GSE39645,NRL,-0.157128,0.0645,0.0825,-1.89815,Down
GSE39645,ZNF563,0.166664,0.0645,0.0825,1.897973,Up
GSE39645,RANBP10,0.120386,0.0646,0.0826,1.897781,Up
GSE39645,SPAG6,0.483065,0.0647,0.0827,1.89702,Up
GSE39645,DCAF16,0.222218,0.0647,0.0827,1.896695,Up
GSE39645,JMJD1C-AS1,-0.134343,0.0647,0.0828,-1.896602,Down
GSE39645,GPR19,-0.272425,0.0647,0.0828,-1.896489,Down
GSE39645,ZNF554,0.137841,0.0648,0.0828,1.896106,Up
GSE39645,RHOQ,-0.114184,0.0648,0.0829,-1.895721,Down
GSE39645,OAT,0.233155,0.0649,0.0829,1.895401,Up
GSE39645,FUBP1,0.232925,0.0649,0.083,1.895135,Up
GSE39645,HPCAL1,0.194573,0.065,0.083,1.894815,Up
GSE39645,ZKSCAN3,0.228151,0.065,0.083,1.894807,Up
GSE39645,PGBD5,-0.304447,0.0651,0.0832,-1.893995,Down
GSE39645,SEH1L,0.310968,0.0651,0.0832,1.893979,Up
GSE39645,KMT5A,0.239865,0.0651,0.0832,1.893651,Up
GSE39645,TIMD4,-0.241397,0.0652,0.0833,-1.89301,Down
GSE39645,CYB5R3,0.269427,0.0653,0.0834,1.892643,Up
GSE39645,NMBR,-0.194792,0.0653,0.0834,-1.892588,Down
GSE39645,ANKRD36BP2///ANKRD36C///ANKRD36///ANKRD36B,0.245223,0.0654,0.0835,1.891769,Up
GSE39645,UBA2,0.316013,0.0655,0.0836,1.891169,Up
GSE39645,BEND6,0.319564,0.0655,0.0837,1.890881,Up
GSE39645,NDUFA6,0.335845,0.0656,0.0838,1.890123,Up
GSE39645,KIAA1755,0.275717,0.0656,0.0838,1.890022,Up
GSE39645,MT3,0.3543,0.0657,0.0838,1.889725,Up
GSE39645,CLDN15,-0.173199,0.0657,0.0839,-1.889565,Down
GSE39645,SELK,0.203424,0.0657,0.0839,1.889405,Up
GSE39645,TPGS1,-0.142627,0.0658,0.084,-1.888657,Down
GSE39645,PDE4B,-0.421842,0.0659,0.0841,-1.888064,Down
GSE39645,NAF1,0.24725,0.066,0.0842,1.88745,Up
GSE39645,TLR10,0.348349,0.0662,0.0844,1.886101,Up
GSE39645,PHIP,0.23535,0.0663,0.0846,1.885178,Up
GSE39645,BCL10,0.21969,0.0664,0.0847,1.884431,Up
GSE39645,FBXL15,-0.181291,0.0665,0.0848,-1.88401,Down
GSE39645,ADCK5,-0.153255,0.0665,0.0849,-1.883506,Down
GSE39645,STARD4,-0.374576,0.0666,0.085,-1.882723,Down
GSE39645,CNIH1,0.232781,0.0666,0.085,1.88264,Up
GSE39645,ORC6,-0.304607,0.0667,0.0851,-1.88215,Down
GSE39645,QRFPR,-0.099954,0.0667,0.0851,-1.881941,Down
GSE39645,EBI3,0.20608,0.0668,0.0852,1.881723,Up
GSE39645,SRC,0.190442,0.0668,0.0852,1.881502,Up
GSE39645,ATP6V1G1,0.177513,0.0668,0.0852,1.881272,Up
GSE39645,ABCB5,0.371795,0.0669,0.0852,1.881132,Up
GSE39645,ARHGEF37,0.325856,0.0669,0.0854,1.880497,Up
GSE39645,BAMBI,-0.447166,0.067,0.0855,-1.879766,Down
GSE39645,PRKCZ,-0.251937,0.0671,0.0855,-1.879582,Down
GSE39645,CHMP1B,0.266531,0.0671,0.0855,1.879437,Up
GSE39645,DTX4,0.239883,0.0671,0.0855,1.879413,Up
GSE39645,KLHL2,0.33851,0.0673,0.0858,1.878001,Up
GSE39645,USP51,0.153293,0.0675,0.086,1.876767,Up
GSE39645,RPL13AP5///RPL13AP3///RPL13AP20///RPL13A,0.101326,0.0675,0.086,1.876614,Up
GSE39645,PTK2B,0.30112,0.0675,0.0861,1.876168,Up
GSE39645,L2HGDH,-0.132901,0.0676,0.0861,-1.875941,Down
GSE39645,PLEKHA2,0.239747,0.0676,0.0862,1.875571,Up
GSE39645,CAMKK1,-0.168916,0.0677,0.0862,-1.875271,Down
GSE39645,COQ4///COQ4,0.172113,0.0677,0.0863,1.874899,Up
GSE39645,PAPLN///NDRG2,0.263064,0.0677,0.0863,1.874737,Up
GSE39645,ZNF408,0.141947,0.0678,0.0863,1.874705,Up
GSE39645,PRR23A///PRR23B,-0.214319,0.0678,0.0864,-1.874221,Down
GSE39645,ZDHHC13,0.209681,0.0679,0.0865,1.873454,Up
GSE39645,HNRNPCL1,-0.532301,0.0679,0.0865,-1.873443,Down
GSE39645,ABHD12B,0.265808,0.068,0.0866,1.873147,Up
GSE39645,ZNF81,0.161648,0.068,0.0866,1.872738,Up
GSE39645,P2RY14,-0.629647,0.0681,0.0867,-1.872251,Down
GSE39645,CARD8,0.139102,0.0682,0.0869,1.8714,Up
GSE39645,IFFO2,0.372168,0.0682,0.0869,1.871215,Up
GSE39645,HSPA5,0.341591,0.0683,0.0869,1.871129,Up
GSE39645,TTC9,0.303914,0.0683,0.0869,1.870842,Up
GSE39645,LRFN3,0.225801,0.0683,0.0869,1.870792,Up
GSE39645,MORC4///MORC4,0.224878,0.0683,0.0869,1.870697,Up
GSE39645,PPP1R15B,0.424281,0.0683,0.0869,1.870689,Up
GSE39645,WDR36,0.26713,0.0684,0.087,1.870093,Up
GSE39645,ZPR1,0.240896,0.0685,0.0871,1.869743,Up
GSE39645,ZNF582,0.138722,0.0685,0.0872,1.869155,Up
GSE39645,SYNCRIP,0.208481,0.0685,0.0872,1.869127,Up
GSE39645,ZBTB9///SYNGAP1,-0.129213,0.0685,0.0872,-1.869092,Down
GSE39645,GTPBP2,0.163693,0.0686,0.0872,1.868912,Up
GSE39645,PKNOX2,-0.19055,0.0686,0.0873,-1.868709,Down
GSE39645,SLC4A5,0.191446,0.0686,0.0873,1.868452,Up
GSE39645,NOL4L,0.190192,0.0687,0.0874,1.867851,Up
GSE39645,ENOSF1,-0.28249,0.0687,0.0874,-1.867804,Down
GSE39645,TMCO3,0.216048,0.0689,0.0876,1.866836,Up
GSE39645,IRAK2,-0.269506,0.069,0.0877,-1.866107,Down
GSE39645,SUSD3,0.215443,0.069,0.0878,1.865696,Up
GSE39645,TMEM42,0.15184,0.0693,0.0881,1.863834,Up
GSE39645,SLC22A18,0.109975,0.0694,0.0882,1.863071,Up
GSE39645,TRIM37,0.275455,0.0694,0.0882,1.863008,Up
GSE39645,CEP72,-0.139419,0.0694,0.0882,-1.862993,Down
GSE39645,ZKSCAN4,0.163891,0.0696,0.0885,1.861751,Up
GSE39645,FBXO17,0.181824,0.0696,0.0885,1.861535,Up
GSE39645,HN1L,0.20013,0.0698,0.0887,1.860416,Up
GSE39645,GZMK,0.657456,0.0698,0.0887,1.860351,Up
GSE39645,NPBWR1,-0.177276,0.0698,0.0887,-1.860132,Down
GSE39645,FAM46B,-0.205628,0.0699,0.0888,-1.859866,Down
GSE39645,SLC12A6,-0.18804,0.0699,0.0888,-1.859743,Down
GSE39645,DNASE1L3,-0.458465,0.0699,0.0888,-1.859602,Down
GSE39645,KCNRG///TRIM13,0.241586,0.0701,0.089,1.858331,Up
GSE39645,HELLS,-0.329412,0.0701,0.089,-1.858234,Down
GSE39645,NKD2///NKD2,0.224657,0.0703,0.0893,1.857026,Up
GSE39645,SUB1,0.324885,0.0703,0.0893,1.856645,Up
GSE39645,NA,0.372948,0.0704,0.0894,1.856421,Up
GSE39645,CNIH3,-0.407232,0.0705,0.0895,-1.855717,Down
GSE39645,ATXN2L,0.181298,0.0705,0.0895,1.855488,Up
GSE39645,PEMT,0.141162,0.0705,0.0895,1.855289,Up
GSE39645,RET///RET///KIF5B,-0.290463,0.0707,0.0898,-1.854033,Down
GSE39645,CDH4,0.291841,0.0708,0.0898,1.853747,Up
GSE39645,B3GNT6,-0.126128,0.0708,0.0899,-1.853422,Down
GSE39645,XRRA1,0.287912,0.0708,0.0899,1.853357,Up
GSE39645,CDC42EP5,-0.133645,0.071,0.0901,-1.85209,Down
GSE39645,DNAJB5,0.296102,0.0711,0.0902,1.85166,Up
GSE39645,MARCH10,0.304303,0.0711,0.0902,1.851492,Up
GSE39645,SH3RF3,0.221324,0.0712,0.0904,1.850546,Up
GSE39645,CDKL4,-0.146379,0.0714,0.0906,-1.849324,Down
GSE39645,BAG5,0.169733,0.0719,0.0913,1.845815,Up
GSE39645,KCTD11///ACAP1,0.195927,0.072,0.0913,1.845538,Up
GSE39645,LANCL2,0.231451,0.072,0.0913,1.845449,Up
GSE39645,NUDT11,-0.378258,0.072,0.0914,-1.845014,Down
GSE39645,HNRNPD,0.175435,0.0721,0.0914,1.84487,Up
GSE39645,STAT5B,0.220144,0.0722,0.0915,1.844151,Up
GSE39645,ADGRL1,-0.21102,0.0723,0.0917,-1.843255,Down
GSE39645,ANKRD20A21P///ANKRD20A8P///ANKRD20A4///ANKRD20A2///ANKRD20A3///ANKRD20A5P///ANKRD20A1,0.234339,0.0724,0.0918,1.842513,Up
GSE39645,ZNF517,-0.155637,0.0724,0.0918,-1.842477,Down
GSE39645,PACSIN3,-0.176005,0.0725,0.0919,-1.84187,Down
GSE39645,NMRAL1,0.206783,0.0726,0.0921,1.840981,Up
GSE39645,NA,-0.191085,0.0727,0.0921,-1.840734,Down
GSE39645,NR4A2,0.700493,0.0728,0.0922,1.840166,Up
GSE39645,WDR24,0.136839,0.0728,0.0923,1.839981,Up
GSE39645,HDDC3,0.140004,0.0729,0.0924,1.839296,Up
GSE39645,PLEK,0.461116,0.0729,0.0924,1.839156,Up
GSE39645,C19orf48,-0.199973,0.0729,0.0924,-1.839138,Down
GSE39645,RGL1,0.313603,0.073,0.0925,1.838877,Up
GSE39645,KLF16,-0.185575,0.0732,0.0927,-1.837372,Down
GSE39645,C8orf58,0.12797,0.0734,0.093,1.836053,Up
GSE39645,ARMCX2,0.254994,0.0734,0.093,1.836016,Up
GSE39645,PCDH17,-0.280942,0.0736,0.0932,-1.834979,Down
GSE39645,PARD6G,0.313089,0.0736,0.0933,1.834445,Up
GSE39645,TRAPPC5,0.18076,0.0738,0.0934,1.833589,Up
GSE39645,ACCS,-0.168347,0.0738,0.0935,-1.833285,Down
GSE39645,MDM1,-0.198204,0.0738,0.0935,-1.833138,Down
GSE39645,USP20,0.212404,0.0738,0.0935,1.833034,Up
GSE39645,PIDD1,-0.13576,0.0739,0.0936,-1.832763,Down
GSE39645,OGFR,0.1515,0.0739,0.0936,1.832462,Up
GSE39645,EXO5,0.162269,0.074,0.0936,1.832199,Up
GSE39645,TEX264,0.08683,0.074,0.0937,1.832094,Up
GSE39645,NDUFS8,0.18538,0.074,0.0937,1.832004,Up
GSE39645,PDE7B,-0.486232,0.0741,0.0937,-1.831611,Down
GSE39645,1,0.310711,0.0741,0.0938,1.831244,Up
GSE39645,RFK,0.151723,0.0741,0.0938,1.831125,Up
GSE39645,HOXB7,-0.241067,0.0742,0.0938,-1.830983,Down
GSE39645,ESM1,0.476835,0.0743,0.094,1.830142,Up
GSE39645,KCNA3,-0.26224,0.0743,0.094,-1.82997,Down
GSE39645,CCS,0.163897,0.0743,0.094,1.829877,Up
GSE39645,ATAD5,-0.187452,0.0744,0.0941,-1.829554,Down
GSE39645,FAM208B,0.217592,0.0744,0.0941,1.829415,Up
GSE39645,LUC7L,0.153033,0.0744,0.0942,1.829107,Up
GSE39645,ZNF180,-0.132516,0.0745,0.0942,-1.829028,Down
GSE39645,SENP3-EIF4A1///SENP3,0.185669,0.0745,0.0942,1.828884,Up
GSE39645,BIVM-ERCC5///BIVM,0.279015,0.0745,0.0942,1.828857,Up
GSE39645,ACD,0.202437,0.0745,0.0942,1.828721,Up
GSE39645,MNAT1,0.30957,0.0747,0.0944,1.827717,Up
GSE39645,LOC102725104///ANKRD20A21P///LOC101059935///ANKRD20A12P///ANKRD20A8P///ANKRD20A4///ANKRD20A2///ANKRD20A3///ANKRD20A5P///ANKRD20A1,0.221042,0.0748,0.0946,1.82674,Up
GSE39645,SOX4,0.269324,0.0748,0.0946,1.826556,Up
GSE39645,DPY19L3,0.38107,0.075,0.0948,1.825608,Up
GSE39645,TMA16,0.228219,0.075,0.0948,1.825377,Up
GSE39645,C17orf96,-0.161716,0.0752,0.095,-1.82442,Down
GSE39645,IL4,-0.118044,0.0752,0.0951,-1.82388,Down
GSE39645,RNF10,0.177756,0.0754,0.0953,1.822933,Up
GSE39645,SLC9A7,0.360003,0.0754,0.0953,1.822881,Up
GSE39645,SMAD3,-0.251901,0.0754,0.0953,-1.822687,Down
GSE39645,GAS2,-0.296649,0.0754,0.0953,-1.822648,Down
GSE39645,ADCY6,0.23406,0.0755,0.0954,1.822052,Up
GSE39645,FAM90A1,-0.16179,0.0756,0.0955,-1.821424,Down
GSE39645,LOC400927-CSNK1E///CSNK1E,0.233761,0.0758,0.0958,1.820308,Up
GSE39645,TECTA,-0.132919,0.076,0.0961,-1.818705,Down
GSE39645,PELI2,-0.303769,0.0761,0.0961,-1.818633,Down
GSE39645,CHD2,0.191561,0.0761,0.0962,1.818099,Up
GSE39645,HSD17B1,-0.130754,0.0762,0.0962,-1.817932,Down
GSE39645,CMIP,0.300504,0.0762,0.0962,1.817825,Up
GSE39645,LOC100289656///DEXI,0.254871,0.0763,0.0964,1.81696,Up
GSE39645,CYP19A1,0.307099,0.0763,0.0964,1.816928,Up
GSE39645,CA5A,-0.241006,0.0763,0.0964,-1.816816,Down
GSE39645,FAM156B///FAM156A,0.195326,0.0764,0.0964,1.816736,Up
GSE39645,SLC25A39,0.253259,0.0765,0.0965,1.816005,Up
GSE39645,MFSD4A,-0.145051,0.0766,0.0967,-1.815133,Down
GSE39645,PSRC1,-0.203503,0.0767,0.0968,-1.814329,Down
GSE39645,ZNF501,0.256873,0.0768,0.0969,1.81415,Up
GSE39645,SETD1A,0.156426,0.0768,0.0969,1.814084,Up
GSE39645,EIF3CL///EIF3C,0.188001,0.0769,0.097,1.813531,Up
GSE39645,LAS1L,0.19032,0.0769,0.097,1.813407,Up
GSE39645,XKR8,-0.156613,0.0769,0.097,-1.813327,Down
GSE39645,TBX19,-0.162551,0.0769,0.097,-1.81325,Down
GSE39645,HNRNPF,0.212463,0.0769,0.097,1.813096,Up
GSE39645,CDK20,0.159245,0.077,0.0972,1.812325,Up
GSE39645,AKAP12,0.22799,0.0775,0.0978,1.809313,Up
GSE39645,NUDT13,-0.153671,0.0777,0.098,-1.808369,Down
GSE39645,LAMA1,-0.304309,0.0779,0.0982,-1.807125,Down
GSE39645,RPL11,0.106194,0.0779,0.0982,1.80704,Up
GSE39645,FAM57A,0.268897,0.0779,0.0983,1.806779,Up
GSE39645,C1QTNF9B-AS1,-0.175105,0.078,0.0984,-1.805996,Down
GSE39645,SLC45A4,-0.229925,0.0781,0.0984,-1.805821,Down
GSE39645,SLC25A17,-0.221177,0.0781,0.0984,-1.805744,Down
GSE39645,SCARF2,-0.160345,0.0781,0.0985,-1.805652,Down
GSE39645,ZNF333,0.146741,0.0782,0.0985,1.80526,Up
GSE39645,MYADM,-0.408445,0.0784,0.0988,-1.803625,Down
GSE39645,SEC23A,0.373782,0.0785,0.0989,1.803402,Up
GSE39645,AGBL3,-0.146954,0.0785,0.0989,-1.803373,Down
GSE39645,ANXA6,0.227413,0.0785,0.0989,1.803359,Up
GSE39645,ANP32E,0.331378,0.0785,0.0989,1.803132,Up
GSE39645,GIMAP1-GIMAP5///GIMAP5,0.31699,0.0785,0.0989,1.803129,Up
GSE39645,SNRNP25,-0.225395,0.0785,0.0989,-1.802911,Down
GSE39645,EMC8///EMC8,0.247339,0.0786,0.099,1.802555,Up
GSE39645,PGM2,0.229103,0.0788,0.0992,1.801439,Up
GSE39645,USP28,0.174417,0.0788,0.0993,1.801083,Up
GSE39645,PALM2-AKAP2///PALM2///AKAP2,-0.182607,0.0788,0.0993,-1.801029,Down
GSE39645,GFOD2,-0.142463,0.0788,0.0993,-1.801019,Down
GSE39645,CCNT1,0.274571,0.0789,0.0994,1.800517,Up
GSE39645,CXCL12,-0.516361,0.0789,0.0994,-1.800503,Down
GSE39645,DBI,0.2206,0.0789,0.0994,1.800417,Up
GSE39645,PDCD2,-0.119869,0.079,0.0994,-1.800238,Down
GSE39645,TMEM41B,0.270263,0.0791,0.0996,1.799292,Up
GSE39645,FLNA,0.245107,0.0791,0.0996,1.79911,Up
GSE39645,CLIC2,0.500439,0.0792,0.0996,1.799024,Up
GSE39645,PMPCA,0.252541,0.0792,0.0997,1.798598,Up
GSE39645,ANKRD20A21P///ANKRD20A8P///ANKRD20A4///ANKRD20A2///ANKRD20A3///ANKRD20A5P///ANKRD20A1,0.228189,0.0793,0.0999,1.797911,Up
GSE39645,SERPINA1,0.353192,0.0795,0.1,1.797029,Up
GSE39645,ZNF587///ZNF587B///ZNF587,0.186647,0.0796,0.1,1.796298,Up
GSE39645,ZNF581,0.15995,0.0797,0.1,1.795348,Up
GSE39645,CD80,-0.27161,0.0798,0.1,-1.795243,Down
GSE39645,PELI3,-0.148666,0.0798,0.1,-1.795231,Down
GSE39645,SERPINI1,-0.391768,0.0798,0.1,-1.795046,Down
GSE39645,NUDT16L1,-0.122437,0.0798,0.1,-1.794998,Down
GSE39645,LOC100233156///TEKT4P2///MAFIP,0.316594,0.0801,0.101,1.792894,Up
GSE39645,CORO6,-0.172657,0.0801,0.101,-1.792884,Down
GSE39645,ALPK3,-0.178397,0.0802,0.101,-1.792807,Down
GSE39645,DESI1,0.18276,0.0802,0.101,1.792761,Up
GSE39645,DNAH5,-0.17053,0.0802,0.101,-1.792717,Down
GSE39645,SLC41A1,-0.241524,0.0802,0.101,-1.792704,Down
GSE39645,LAPTM4B,-0.249245,0.0804,0.101,-1.791555,Down
GSE39645,FAM102B,0.35398,0.0804,0.101,1.791432,Up
GSE39645,LPAR2,-0.182152,0.0805,0.101,-1.790647,Down
GSE39645,FAM20A,-0.506996,0.0806,0.101,-1.790267,Down
GSE39645,GSC,-0.132176,0.0806,0.101,-1.789806,Down
GSE39645,FAM161A,0.299126,0.0808,0.102,1.78914,Up
GSE39645,MAGEE1,-0.180547,0.0809,0.102,-1.78816,Down
GSE39645,SLC5A6,0.217353,0.0809,0.102,1.787972,Up
GSE39645,MZF1,-0.127266,0.081,0.102,-1.787945,Down
GSE39645,IER5L,-0.158379,0.0811,0.102,-1.787307,Down
GSE39645,GLIPR1,0.413028,0.0811,0.102,1.786786,Up
GSE39645,RPS15,0.195383,0.0812,0.102,1.786537,Up
GSE39645,CCDC73,-0.120616,0.0812,0.102,-1.786444,Down
GSE39645,EIF5AL1///EIF5A,0.331316,0.0814,0.102,1.785472,Up
GSE39645,GLB1L,0.255779,0.0815,0.102,1.784784,Up
GSE39645,GAS6,0.265647,0.0815,0.102,1.784749,Up
GSE39645,PCDHB16,0.38841,0.0815,0.102,1.784618,Up
GSE39645,ALDH3A1,0.169702,0.0816,0.102,1.784048,Up
GSE39645,OSGIN1,-0.180166,0.0816,0.102,-1.783966,Down
GSE39645,NCAPD2,0.31097,0.0817,0.103,1.783692,Up
GSE39645,LOC150776///SMPD4,0.187903,0.0817,0.103,1.783478,Up
GSE39645,BANF1,-0.118957,0.0818,0.103,-1.782719,Down
GSE39645,PFAS,-0.146663,0.0819,0.103,-1.78223,Down
GSE39645,PLK1,-0.473709,0.082,0.103,-1.781658,Down
GSE39645,C1orf146,-0.095341,0.082,0.103,-1.78142,Down
GSE39645,SNRNP200,0.23366,0.082,0.103,1.781406,Up
GSE39645,AVP,-0.135238,0.0821,0.103,-1.780727,Down
GSE39645,RPL13,-0.158262,0.0822,0.103,-1.780435,Down
GSE39645,ATG4D,-0.112818,0.0822,0.103,-1.780419,Down
GSE39645,TMEM214,0.194514,0.0822,0.103,1.780395,Up
GSE39645,CTSK,-0.607908,0.0823,0.103,-1.779824,Down
GSE39645,SEMA6A,0.473715,0.0825,0.103,1.778759,Up
GSE39645,LRRC15,-0.178712,0.0825,0.104,-1.778508,Down
GSE39645,SMPDL3A,0.452128,0.0825,0.104,1.778465,Up
GSE39645,CCDC24,-0.163855,0.0826,0.104,-1.77802,Down
GSE39645,COX6B2,-0.15349,0.0827,0.104,-1.777598,Down
GSE39645,POR,0.203038,0.0827,0.104,1.777428,Up
GSE39645,SYTL3,0.39535,0.0828,0.104,1.776865,Up
GSE39645,SWAP70,0.201186,0.0828,0.104,1.77676,Up
GSE39645,C10orf67,0.228132,0.0828,0.104,1.776757,Up
GSE39645,HSPA8,0.233752,0.0829,0.104,1.776463,Up
GSE39645,CHD5,-0.16085,0.083,0.104,-1.775844,Down
GSE39645,ROR2,-0.362231,0.083,0.104,-1.775777,Down
GSE39645,UPK3BL///POLR2J3///POLR2J2///POLR2J4,0.304724,0.0833,0.104,1.773821,Up
GSE39645,TRIB2,0.298753,0.0834,0.105,1.773002,Up
GSE39645,DNAJB9,0.316167,0.0835,0.105,1.77259,Up
GSE39645,TBC1D4,-0.216552,0.0835,0.105,-1.77233,Down
GSE39645,AGTRAP///BRAF,0.200833,0.0836,0.105,1.771866,Up
GSE39645,ZNF740,0.150787,0.0837,0.105,1.77129,Up
GSE39645,MAD2L1BP,0.153378,0.0839,0.105,1.770479,Up
GSE39645,BMS1,0.193066,0.0839,0.105,1.770078,Up
GSE39645,GBP5,0.321161,0.0839,0.105,1.769971,Up
GSE39645,AURKC,-0.159728,0.084,0.105,-1.769891,Down
GSE39645,TECR,0.249028,0.084,0.105,1.769577,Up
GSE39645,MSANTD3-TMEFF1///TMEFF1,0.242404,0.0841,0.105,1.768987,Up
GSE39645,FBXL17,-0.101839,0.0842,0.105,-1.768663,Down
GSE39645,RACGAP1,-0.227886,0.0843,0.106,-1.767951,Down
GSE39645,C6orf136,0.154415,0.0843,0.106,1.767852,Up
GSE39645,LYZL1,-0.2513,0.0844,0.106,-1.767249,Down
GSE39645,CSF3R,-0.413418,0.0845,0.106,-1.766552,Down
GSE39645,APIP,0.180835,0.0845,0.106,1.766452,Up
GSE39645,NQO1,0.384829,0.0847,0.106,1.7657,Up
GSE39645,MRPL55,0.110997,0.0847,0.106,1.765684,Up
GSE39645,CDC42EP3,-0.253915,0.0847,0.106,-1.765584,Down
GSE39645,SELL,-0.340945,0.0847,0.106,-1.765312,Down
GSE39645,GLIPR2,0.253013,0.0848,0.106,1.765097,Up
GSE39645,PWWP2B,-0.124753,0.0848,0.106,-1.765075,Down
GSE39645,CDH15,0.265354,0.0848,0.106,1.764925,Up
GSE39645,GSN,0.221147,0.085,0.106,1.764028,Up
GSE39645,LHX5,-0.191577,0.085,0.106,-1.763606,Down
GSE39645,AP1S1,0.171194,0.0852,0.107,1.762449,Up
GSE39645,YARS2,0.207104,0.0854,0.107,1.761177,Up
GSE39645,ATG16L2,-0.164288,0.0855,0.107,-1.760961,Down
GSE39645,GPR45,-0.178632,0.0855,0.107,-1.760786,Down
GSE39645,ALKBH2,0.182115,0.0855,0.107,1.760567,Up
GSE39645,DIAPH3,-0.476115,0.0856,0.107,-1.760347,Down
GSE39645,PFN1,-0.115284,0.0856,0.107,-1.760282,Down
GSE39645,JOSD1,0.290098,0.0856,0.107,1.760016,Up
GSE39645,TOP3A,0.182518,0.0858,0.107,1.75934,Up
GSE39645,C9orf172,-0.130104,0.0859,0.107,-1.758662,Down
GSE39645,PRDM2,0.16095,0.0859,0.107,1.758277,Up
GSE39645,POM121C///POMZP3///POM121,0.212519,0.086,0.108,1.757924,Up
GSE39645,CLEC2D,0.189552,0.0861,0.108,1.75756,Up
GSE39645,TBL1X,0.231552,0.0861,0.108,1.757172,Up
GSE39645,LOC100421561///FAM133CP///FAM133DP///FAM133B,0.184949,0.0861,0.108,1.757168,Up
GSE39645,ACVR2B,0.203649,0.0862,0.108,1.756621,Up
GSE39645,ATP6V0A2,0.179632,0.0863,0.108,1.756269,Up
GSE39645,CACTIN,0.158106,0.0864,0.108,1.755893,Up
GSE39645,PXT1,-0.165661,0.0864,0.108,-1.755855,Down
GSE39645,MBP,0.464776,0.0864,0.108,1.755625,Up
GSE39645,PXYLP1,-0.286212,0.0864,0.108,-1.755474,Down
GSE39645,ENSA,0.115667,0.0865,0.108,1.755232,Up
GSE39645,USP22,0.231027,0.0866,0.108,1.754476,Up
GSE39645,CCDC158,0.265762,0.0868,0.108,1.753416,Up
GSE39645,CCDC9,-0.157441,0.0868,0.108,-1.753304,Down
GSE39645,ALDOC,0.406088,0.0868,0.108,1.753293,Up
GSE39645,BMP8A,-0.213793,0.087,0.109,-1.752301,Down
GSE39645,CNTD2,-0.150945,0.0872,0.109,-1.751189,Down
GSE39645,DLG2,-0.291541,0.0872,0.109,-1.750897,Down
GSE39645,IQCC,-0.142011,0.0872,0.109,-1.750847,Down
GSE39645,KIAA1551,0.278613,0.0872,0.109,1.750748,Up
GSE39645,CLSTN3,-0.212918,0.0873,0.109,-1.750706,Down
GSE39645,DDO,-0.203045,0.0873,0.109,-1.750379,Down
GSE39645,ADAL,0.254784,0.0875,0.109,1.749528,Up
GSE39645,BCO2,0.233822,0.0875,0.109,1.748996,Up
GSE39645,BAALC,0.43389,0.0877,0.109,1.748081,Up
GSE39645,APOBR,-0.175422,0.0877,0.109,-1.748031,Down
GSE39645,EML2,0.170575,0.0878,0.11,1.747409,Up
GSE39645,CTSV,-0.154711,0.0879,0.11,-1.746775,Down
GSE39645,FSTL1,0.238123,0.0881,0.11,1.745961,Up
GSE39645,RANBP6,0.263348,0.0882,0.11,1.745117,Up
GSE39645,PHF24,-0.202071,0.0883,0.11,-1.744856,Down
GSE39645,RIN3,0.237959,0.0884,0.11,1.744061,Up
GSE39645,NEIL1,0.162435,0.0885,0.11,1.74383,Up
GSE39645,NAB2,0.187039,0.0885,0.11,1.743633,Up
GSE39645,SLC5A2,-0.137788,0.0887,0.111,-1.742395,Down
GSE39645,IQSEC2,0.206233,0.0889,0.111,1.74141,Up
GSE39645,MS4A13,-0.120791,0.0889,0.111,-1.741317,Down
GSE39645,TAS2R13,-0.145751,0.0889,0.111,-1.7413,Down
GSE39645,DUOXA2,-0.199775,0.089,0.111,-1.740692,Down
GSE39645,MCHR2,-0.235114,0.089,0.111,-1.74068,Down
GSE39645,CXorf57,-0.283381,0.089,0.111,-1.740603,Down
GSE39645,PPP1R13B,-0.207204,0.0891,0.111,-1.740407,Down
GSE39645,EHBP1L1,-0.160937,0.0892,0.111,-1.739572,Down
GSE39645,LIPT1,0.164227,0.0893,0.111,1.739114,Up
GSE39645,NENF,0.223898,0.0894,0.111,1.73842,Up
GSE39645,SYT17,0.239677,0.0895,0.112,1.738081,Up
GSE39645,CCL3L3///CCL3L1///CCL3,0.562269,0.0896,0.112,1.737232,Up
GSE39645,TRAF7,0.22426,0.0897,0.112,1.737026,Up
GSE39645,PSD3,-0.32304,0.0897,0.112,-1.736645,Down
GSE39645,KCNB1,0.458012,0.0899,0.112,1.735898,Up
GSE39645,FAM81A,0.287693,0.0899,0.112,1.735825,Up
GSE39645,RNF144A,-0.3241,0.0899,0.112,-1.73576,Down
GSE39645,ARRB1,0.382317,0.09,0.112,1.735352,Up
GSE39645,PGM5P2///PGM5,-0.130592,0.09,0.112,-1.735329,Down
GSE39645,RBM14-RBM4///RBM4,0.259525,0.09,0.112,1.73522,Up
GSE39645,GINS2,-0.350935,0.0901,0.112,-1.734815,Down
GSE39645,BLMH,0.267564,0.0902,0.112,1.734043,Up
GSE39645,SHCBP1,-0.316577,0.0903,0.112,-1.733528,Down
GSE39645,RBPJ,0.154369,0.0904,0.113,1.733046,Up
GSE39645,ZCCHC14,0.307613,0.0904,0.113,1.732862,Up
GSE39645,EIF4E3,0.202422,0.0904,0.113,1.732703,Up
GSE39645,CD79A,-0.199833,0.0906,0.113,-1.731733,Down
GSE39645,ITGB3BP,0.376535,0.0907,0.113,1.731186,Up
GSE39645,KIAA0922,-0.245956,0.0909,0.113,-1.730209,Down
GSE39645,MRPL17,0.213893,0.0909,0.113,1.730201,Up
GSE39645,ZNF778,0.177981,0.0909,0.113,1.729889,Up
GSE39645,TAS2R31,-0.300816,0.091,0.113,-1.729665,Down
GSE39645,CFAP100,-0.145834,0.091,0.113,-1.729451,Down
GSE39645,C21orf62,-0.319578,0.091,0.113,-1.729364,Down
GSE39645,DIRAS3,0.52675,0.0911,0.113,1.72912,Up
GSE39645,ROM1,0.262622,0.0911,0.113,1.728786,Up
GSE39645,RPS6KB1,0.127498,0.0912,0.113,1.728621,Up
GSE39645,C19orf35,-0.167452,0.0912,0.113,-1.728416,Down
GSE39645,NEK8,-0.125325,0.0913,0.114,-1.72803,Down
GSE39645,FTMT,-0.166546,0.0913,0.114,-1.727736,Down
GSE39645,RAPSN,-0.160552,0.0914,0.114,-1.727341,Down
GSE39645,ANKRD16,-0.142241,0.0914,0.114,-1.727191,Down
GSE39645,SPATA24,-0.138332,0.0914,0.114,-1.727141,Down
GSE39645,APOM,-0.134587,0.0916,0.114,-1.726061,Down
GSE39645,PANK4,0.156386,0.0918,0.114,1.725374,Up
GSE39645,JUND,0.207659,0.0918,0.114,1.72533,Up
GSE39645,ZNF530,-0.119691,0.0919,0.114,-1.724452,Down
GSE39645,SNX29,0.170061,0.092,0.114,1.724059,Up
GSE39645,ETNK2,0.323876,0.0921,0.114,1.723723,Up
GSE39645,CBX5,0.314323,0.0922,0.115,1.723053,Up
GSE39645,TTC32,0.362338,0.0922,0.115,1.723039,Up
GSE39645,CHCHD6,-0.104402,0.0925,0.115,-1.721453,Down
GSE39645,DUSP7,0.182548,0.0926,0.115,1.720746,Up
GSE39645,NMNAT3,-0.165202,0.0931,0.116,-1.718257,Down
GSE39645,CLEC14A,-0.211703,0.0931,0.116,-1.717886,Down
GSE39645,ZNF467///ZNF467,-0.160475,0.0932,0.116,-1.717523,Down
GSE39645,C12orf54,0.226484,0.0932,0.116,1.717461,Up
GSE39645,BLCAP,0.127346,0.0932,0.116,1.717336,Up
GSE39645,GRIN3A,0.432129,0.0933,0.116,1.716749,Up
GSE39645,NDUFC2-KCTD14///KCTD14,0.27068,0.0934,0.116,1.716327,Up
GSE39645,CCDC102A,-0.106394,0.0935,0.116,-1.71596,Down
GSE39645,RPS6,0.096762,0.0936,0.116,1.715419,Up
GSE39645,MED28,0.251851,0.0937,0.116,1.714786,Up
GSE39645,CYTH1,0.308765,0.0938,0.116,1.714456,Up
GSE39645,LRIF1,0.285554,0.0938,0.116,1.714451,Up
GSE39645,SPINK1,-0.171473,0.0938,0.116,-1.71439,Down
GSE39645,FANCB,0.253881,0.0938,0.116,1.714205,Up
GSE39645,SDCBP,-0.243447,0.0939,0.117,-1.713672,Down
GSE39645,RAB39A,0.259768,0.094,0.117,1.713389,Up
GSE39645,SUN1,0.248821,0.0941,0.117,1.712889,Up
GSE39645,NRBP1,0.176848,0.0942,0.117,1.712313,Up
GSE39645,ROPN1B///ROPN1,-0.29483,0.0942,0.117,-1.712195,Down
GSE39645,TPGS2,0.269456,0.0944,0.117,1.710836,Up
GSE39645,G3BP2,0.244302,0.0946,0.117,1.710167,Up
GSE39645,SLC27A5,-0.123462,0.0946,0.117,-1.71013,Down
GSE39645,TUBB4B,-0.218971,0.0946,0.117,-1.709844,Down
GSE39645,MKI67,-0.503359,0.0947,0.117,-1.709582,Down
GSE39645,ANKS1B,0.261584,0.0949,0.118,1.708452,Up
GSE39645,HIRA,0.178983,0.0949,0.118,1.708276,Up
GSE39645,ZNF683,-0.153543,0.095,0.118,-1.707843,Down
GSE39645,TMED1,0.128365,0.0951,0.118,1.707372,Up
GSE39645,TRAF3,0.238866,0.0951,0.118,1.707357,Up
GSE39645,GAPDH,0.145201,0.0951,0.118,1.707283,Up
GSE39645,MMP9,-0.604784,0.0952,0.118,-1.706803,Down
GSE39645,ARHGEF19,-0.171895,0.0952,0.118,-1.706511,Down
GSE39645,PLEC,0.213847,0.0953,0.118,1.706496,Up
GSE39645,CRHBP,0.576255,0.0955,0.118,1.705385,Up
GSE39645,PFN4,-0.148949,0.0955,0.118,-1.705298,Down
GSE39645,DYSF,-0.36021,0.0956,0.118,-1.704877,Down
GSE39645,UCP2,0.369656,0.0956,0.118,1.704856,Up
GSE39645,SLC26A5,-0.170293,0.0956,0.119,-1.704443,Down
GSE39645,PIR-FIGF///PIR,0.333543,0.0958,0.119,1.703561,Up
GSE39645,DLG3,0.187554,0.0959,0.119,1.703195,Up
GSE39645,NUTF2,0.188805,0.096,0.119,1.702606,Up
GSE39645,PSIP1,0.341511,0.0962,0.119,1.701215,Up
GSE39645,DDX5,0.179985,0.0963,0.119,1.701138,Up
GSE39645,ZBTB39,0.162853,0.0964,0.119,1.700446,Up
GSE39645,RBMXL1///RBMX,0.159399,0.0966,0.12,1.699585,Up
GSE39645,FBXO48,0.18191,0.0966,0.12,1.699388,Up
GSE39645,CEBPD,0.219446,0.0967,0.12,1.699086,Up
GSE39645,GAB2,0.240851,0.0967,0.12,1.698913,Up
GSE39645,AAMP,0.146935,0.0968,0.12,1.698519,Up
GSE39645,HIST2H3D///HIST2H3A///HIST2H3C,-0.233302,0.0968,0.12,-1.698504,Down
GSE39645,ASB9,-0.252933,0.0968,0.12,-1.698107,Down
GSE39645,HIST2H3D///HIST2H3A///HIST2H3C,-0.240701,0.0969,0.12,-1.697818,Down
GSE39645,HMOX2,0.2084,0.097,0.12,1.697127,Up
GSE39645,CHST9,-0.271443,0.0972,0.12,-1.696348,Down
GSE39645,RCC2,0.162199,0.0972,0.12,1.696199,Up
GSE39645,ARF1,0.136879,0.0972,0.12,1.695963,Up
GSE39645,ETHE1,0.142558,0.0973,0.12,1.695878,Up
GSE39645,MASTL,0.360097,0.0973,0.12,1.695551,Up
GSE39645,DEDD,0.149056,0.0973,0.12,1.695483,Up
GSE39645,CHEK1,-0.338931,0.0975,0.121,-1.694893,Down
GSE39645,TBC1D10B,0.179979,0.0978,0.121,1.693165,Up
GSE39645,TAL1///TAL1,-0.216771,0.0978,0.121,-1.692973,Down
GSE39645,RNF217,0.183251,0.0979,0.121,1.692624,Up
GSE39645,ANO1,-0.328606,0.0979,0.121,-1.692415,Down
GSE39645,KYAT1,-0.147149,0.0979,0.121,-1.692379,Down
GSE39645,DVL2,0.170669,0.098,0.121,1.691808,Up
GSE39645,RGS9BP,-0.156307,0.0981,0.121,-1.691548,Down
GSE39645,KCNK3,-0.162873,0.0982,0.121,-1.691225,Down
GSE39645,TSPAN4,0.241205,0.0982,0.121,1.690797,Up
GSE39645,PCDHB14,0.304339,0.0984,0.122,1.690203,Up
GSE39645,TOM1L1,0.290556,0.0984,0.122,1.68996,Up
GSE39645,KCNQ5,-0.218899,0.0985,0.122,-1.689547,Down
GSE39645,KLC2,0.176647,0.0985,0.122,1.68954,Up
GSE39645,NSMF,-0.211559,0.0985,0.122,-1.689536,Down
GSE39645,GNAS,0.107157,0.0985,0.122,1.689478,Up
GSE39645,SH3BGRL3,-0.130167,0.0986,0.122,-1.688872,Down
GSE39645,MED19,-0.09822,0.0988,0.122,-1.68812,Down
GSE39645,ZBTB5,0.219006,0.099,0.122,1.686935,Up
GSE39645,PCDH12,-0.241929,0.0992,0.123,-1.685707,Down
GSE39645,KIF11,-0.401366,0.0993,0.123,-1.685537,Down
GSE39645,NUPR2,-0.125408,0.0994,0.123,-1.685023,Down
GSE39645,CAPN2,0.245625,0.0994,0.123,1.684652,Up
GSE39645,NEB,-0.228829,0.0996,0.123,-1.683869,Down
GSE39645,ZNF526,0.117231,0.0996,0.123,1.683607,Up
GSE39645,ETF1,0.184039,0.0997,0.123,1.683022,Up
GSE39645,TRMT61A,-0.133976,0.1,0.123,-1.681797,Down
GSE39645,SKOR1,-0.120161,0.1,0.123,-1.681714,Down
GSE39645,RIN1,-0.160417,0.1,0.124,-1.681052,Down
GSE39645,EFCAB11,-0.130069,0.1,0.124,-1.68026,Down
GSE39645,CRY1,-0.32685,0.1,0.124,-1.679666,Down
GSE39645,CHST13,-0.143228,0.1,0.124,-1.679395,Down
GSE39645,COL18A1,-0.180331,0.101,0.124,-1.67835,Down
GSE39645,ZNF550,-0.119945,0.101,0.124,-1.677743,Down
GSE39645,SLK,0.206916,0.101,0.124,1.677411,Up
GSE39645,ZNF496///ZNF496,0.112673,0.101,0.125,1.676741,Up
GSE39645,PLA2G7,-0.497647,0.101,0.125,-1.675564,Down
GSE39645,RACK1,0.152433,0.101,0.125,1.674838,Up
GSE39645,ZMYND15,0.202801,0.101,0.125,1.674782,Up
GSE39645,BORCS5,0.189153,0.101,0.125,1.674554,Up
GSE39645,SIAH2,-0.103148,0.101,0.125,-1.674236,Down
GSE39645,MMAB,0.203434,0.102,0.125,1.673789,Up
GSE39645,RNF187,0.088345,0.102,0.125,1.673649,Up
GSE39645,KDM7A,0.457264,0.102,0.125,1.673249,Up
GSE39645,PDHA1,0.205329,0.102,0.126,1.672725,Up
GSE39645,USP45,0.159087,0.102,0.126,1.672557,Up
GSE39645,SIRT6,0.123152,0.102,0.126,1.672367,Up
GSE39645,PPAN-P2RY11///PPAN///P2RY11,0.143837,0.102,0.126,1.672244,Up
GSE39645,COASY,0.188822,0.102,0.126,1.670877,Up
GSE39645,POM121C///POM121///PMS2P3,0.163827,0.102,0.126,1.670843,Up
GSE39645,EIF1AD,0.178657,0.102,0.126,1.670605,Up
GSE39645,CEBPA,0.185715,0.102,0.126,1.670424,Up
GSE39645,IFNA16,-0.127482,0.102,0.126,-1.669581,Down
GSE39645,DNAJC30,0.134735,0.103,0.127,1.668015,Up
GSE39645,SEC61G,0.241577,0.103,0.127,1.667547,Up
GSE39645,HCN1,0.529161,0.103,0.127,1.667397,Up
GSE39645,OXER1,-0.162769,0.103,0.127,-1.666585,Down
GSE39645,LIX1L,0.157895,0.103,0.127,1.666526,Up
GSE39645,FZD5,-0.176572,0.103,0.127,-1.66624,Down
GSE39645,SYNC,0.169679,0.103,0.127,1.666155,Up
GSE39645,FSCN1,-0.23525,0.103,0.127,-1.665413,Down
GSE39645,IL27RA,-0.187667,0.103,0.127,-1.665237,Down
GSE39645,SERPINB1,0.315252,0.103,0.127,1.665071,Up
GSE39645,TAF5,-0.103863,0.103,0.127,-1.664472,Down
GSE39645,MITF,0.219956,0.103,0.127,1.66408,Up
GSE39645,CCR5,-0.146575,0.104,0.127,-1.663994,Down
GSE39645,HHEX,0.274148,0.104,0.128,1.663427,Up
GSE39645,SFR1,0.194135,0.104,0.128,1.662057,Up
GSE39645,SNAPC2,0.175806,0.104,0.128,1.661427,Up
GSE39645,NPDC1,-0.221288,0.104,0.128,-1.66142,Down
GSE39645,SLC25A19,0.2764,0.104,0.128,1.660765,Up
GSE39645,FLVCR1,0.22562,0.104,0.128,1.660688,Up
GSE39645,IL2,-0.104751,0.104,0.128,-1.660297,Down
GSE39645,EPHX1,-0.322099,0.104,0.128,-1.660229,Down
GSE39645,CREM,0.230682,0.104,0.128,1.660213,Up
GSE39645,SULT6B1,-0.109117,0.104,0.128,-1.659781,Down
GSE39645,RPS7,0.121132,0.104,0.128,1.659647,Up
GSE39645,MT1B,-0.195887,0.104,0.128,-1.659645,Down
GSE39645,PODXL,-0.300032,0.104,0.128,-1.659418,Down
GSE39645,PRELID2,-0.169619,0.104,0.128,-1.659413,Down
GSE39645,NADK2,0.26165,0.104,0.129,1.659206,Up
GSE39645,DPCR1,0.162142,0.105,0.129,1.658759,Up
GSE39645,MFSD13A,0.154463,0.105,0.129,1.658736,Up
GSE39645,FZD3,0.314903,0.105,0.129,1.658697,Up
GSE39645,FAM131A,-0.141525,0.105,0.129,-1.658507,Down
GSE39645,FAR2,0.237922,0.105,0.129,1.658184,Up
GSE39645,RNASEH2C,0.171186,0.105,0.129,1.657563,Up
GSE39645,OPRL1,-0.162175,0.105,0.129,-1.657493,Down
GSE39645,ARHGAP25,0.266439,0.105,0.129,1.657387,Up
GSE39645,NKAPL,0.198073,0.105,0.129,1.6568,Up
GSE39645,C16orf95,-0.135423,0.105,0.129,-1.656394,Down
GSE39645,GGN,-0.127793,0.105,0.129,-1.656259,Down
GSE39645,RIBC1,-0.177517,0.105,0.129,-1.655113,Down
GSE39645,LTB4R2///LTB4R,-0.139702,0.105,0.13,-1.654751,Down
GSE39645,FRAT1,0.317748,0.105,0.13,1.654472,Up
GSE39645,GALNT1,0.353852,0.106,0.13,1.654154,Up
GSE39645,LURAP1,0.17538,0.106,0.13,1.653512,Up
GSE39645,RAP2B,0.180354,0.106,0.13,1.653416,Up
GSE39645,MFN1,0.255708,0.106,0.13,1.653232,Up
GSE39645,EEF2,0.173747,0.106,0.13,1.652683,Up
GSE39645,PHB2,0.222272,0.106,0.13,1.652012,Up
GSE39645,DFFB,-0.130045,0.106,0.13,-1.650702,Down
GSE39645,STRA13,0.122852,0.106,0.131,1.650537,Up
GSE39645,B4GALT3,0.236963,0.106,0.131,1.64964,Up
GSE39645,LBX1,-0.14666,0.106,0.131,-1.649408,Down
GSE39645,SLC37A3,-0.160273,0.107,0.131,-1.649029,Down
GSE39645,RPL14///RPL14,0.096454,0.107,0.131,1.649004,Up
GSE39645,ZCCHC3,-0.129138,0.107,0.131,-1.648374,Down
GSE39645,MRGBP,0.158396,0.107,0.131,1.648348,Up
GSE39645,PPP2R3B,0.206888,0.107,0.131,1.6482,Up
GSE39645,HIST1H2BL,-0.232125,0.107,0.131,-1.64741,Down
GSE39645,UBD,0.353031,0.107,0.131,1.647236,Up
GSE39645,SMIM10,0.227763,0.107,0.131,1.647146,Up
GSE39645,ZNF273,0.13662,0.107,0.131,1.646859,Up
GSE39645,AP2S1,0.209134,0.107,0.131,1.64677,Up
GSE39645,RPIA,-0.131175,0.107,0.131,-1.646677,Down
GSE39645,TVP23C,0.176804,0.107,0.131,1.646272,Up
GSE39645,WDR37,0.193078,0.107,0.132,1.645249,Up
GSE39645,PIAS4,0.157842,0.107,0.132,1.644767,Up
GSE39645,TARS,0.277439,0.107,0.132,1.644491,Up
GSE39645,KLHDC8A,0.287879,0.108,0.132,1.64423,Up
GSE39645,CYP2S1,-0.134661,0.108,0.132,-1.64327,Down
GSE39645,WDR76,0.226361,0.108,0.132,1.643132,Up
GSE39645,CCDC148,0.239452,0.108,0.132,1.643092,Up
GSE39645,ST13P4///ST13P5///ST13,0.223486,0.108,0.132,1.642743,Up
GSE39645,PARD6B,0.157636,0.108,0.132,1.642418,Up
GSE39645,ANP32C,-0.14723,0.108,0.132,-1.641861,Down
GSE39645,ACTB,0.137076,0.108,0.132,1.641802,Up
GSE39645,LIMK2,-0.238453,0.108,0.133,-1.641752,Down
GSE39645,SDHAF3,0.154467,0.108,0.133,1.641634,Up
GSE39645,SARS2,0.167923,0.108,0.133,1.641511,Up
GSE39645,CDH11,-0.397811,0.109,0.133,-1.639566,Down
GSE39645,CENPH,-0.198668,0.109,0.133,-1.639515,Down
GSE39645,MDN1,0.171838,0.109,0.133,1.639247,Up
GSE39645,PDE8B,-0.324432,0.109,0.133,-1.639206,Down
GSE39645,ZFP2,0.227032,0.109,0.133,1.638336,Up
GSE39645,CRYGN,0.216911,0.109,0.133,1.637891,Up
GSE39645,CNTROB,0.138901,0.109,0.134,1.637014,Up
GSE39645,LOC102723655///TP53TG3B///TP53TG3D///TP53TG3C///TP53TG3,-0.185972,0.109,0.134,-1.63635,Down
GSE39645,FAM122C,-0.151054,0.109,0.134,-1.636347,Down
GSE39645,METTL4,0.176804,0.109,0.134,1.636033,Up
GSE39645,IQCJ-SCHIP1///SCHIP1,0.26764,0.109,0.134,1.635326,Up
GSE39645,HIST1H3F,-0.296719,0.109,0.134,-1.635166,Down
GSE39645,ANP32B,0.152459,0.11,0.134,1.634701,Up
GSE39645,EFCAB13,0.182879,0.11,0.134,1.634266,Up
GSE39645,CCDC138,-0.156177,0.11,0.134,-1.634223,Down
GSE39645,MAFF,-0.292801,0.11,0.134,-1.634065,Down
GSE39645,FXN,-0.139235,0.11,0.135,-1.632653,Down
GSE39645,MSH4,-0.109582,0.11,0.135,-1.632489,Down
GSE39645,CLRN3,-0.189681,0.11,0.135,-1.632021,Down
GSE39645,CORO2A,-0.186263,0.11,0.135,-1.631662,Down
GSE39645,ARL4C,-0.511751,0.11,0.135,-1.631422,Down
GSE39645,ZNF793,0.107986,0.11,0.135,1.63121,Up
GSE39645,ZNF324,0.189097,0.11,0.135,1.630865,Up
GSE39645,SLC36A1,0.160836,0.11,0.135,1.630649,Up
GSE39645,IKZF3,-0.268509,0.11,0.135,-1.63015,Down
GSE39645,CTSW,-0.247375,0.111,0.136,-1.629097,Down
GSE39645,CDAN1,-0.116472,0.111,0.136,-1.628281,Down
GSE39645,B9D1,0.146041,0.111,0.136,1.627701,Up
GSE39645,ZNF221,0.159456,0.111,0.136,1.626399,Up
GSE39645,TMEM249///FBXL6,-0.132932,0.111,0.136,-1.626329,Down
GSE39645,ELK4,0.093701,0.111,0.136,1.626192,Up
GSE39645,DCLK2,0.407404,0.111,0.136,1.625952,Up
GSE39645,BAD,0.117677,0.112,0.137,1.624196,Up
GSE39645,ZNF112,0.150902,0.112,0.137,1.62351,Up
GSE39645,DSTN,-0.225662,0.112,0.137,-1.623088,Down
GSE39645,TTR,-0.387817,0.112,0.137,-1.623082,Down
GSE39645,SZT2,0.128172,0.112,0.137,1.622717,Up
GSE39645,CFHR4,-0.180405,0.112,0.137,-1.621972,Down
GSE39645,LEPROT///LEPR,0.152837,0.112,0.137,1.621968,Up
GSE39645,MLXIPL,-0.176031,0.112,0.137,-1.621907,Down
GSE39645,NA,-0.139186,0.112,0.137,-1.621745,Down
GSE39645,PTGDS,-0.325903,0.112,0.137,-1.621677,Down
GSE39645,RIPK4,0.268922,0.112,0.137,1.621355,Up
GSE39645,PDCD2L,0.115515,0.112,0.137,1.621291,Up
GSE39645,EMP1,-0.57543,0.113,0.138,-1.620226,Down
GSE39645,TPPP3,0.361346,0.113,0.138,1.619596,Up
GSE39645,ZBED6CL,0.15547,0.113,0.138,1.619368,Up
GSE39645,THOP1,0.175266,0.113,0.138,1.619288,Up
GSE39645,MTURN,0.291766,0.113,0.138,1.618924,Up
GSE39645,LBH,0.399515,0.113,0.138,1.618683,Up
GSE39645,BAIAP2L2,-0.11891,0.113,0.138,-1.617827,Down
GSE39645,FAM159A,0.182483,0.113,0.138,1.617486,Up
GSE39645,ADAMTSL1,-0.513804,0.113,0.138,-1.617173,Down
GSE39645,1,-0.175348,0.113,0.138,-1.616949,Down
GSE39645,LIMA1,0.295483,0.113,0.138,1.616931,Up
GSE39645,ZNF584,-0.14195,0.113,0.138,-1.616689,Down
GSE39645,S100A13,-0.232237,0.113,0.138,-1.616656,Down
GSE39645,RNF32,0.12608,0.113,0.138,1.616536,Up
GSE39645,CHAMP1,0.215098,0.113,0.139,1.61628,Up
GSE39645,HDLBP,0.229744,0.113,0.139,1.61617,Up
GSE39645,ABCB8,0.142685,0.114,0.139,1.616046,Up
GSE39645,MYOZ1,-0.164607,0.114,0.139,-1.61564,Down
GSE39645,TTPAL,-0.177761,0.114,0.139,-1.615089,Down
GSE39645,SSSCA1,0.161861,0.114,0.139,1.614927,Up
GSE39645,TRIB3,-0.155253,0.114,0.139,-1.614455,Down
GSE39645,CHAF1A,-0.182474,0.114,0.139,-1.613932,Down
GSE39645,CAMK2B,-0.360001,0.114,0.139,-1.613594,Down
GSE39645,LETM2,-0.178428,0.114,0.139,-1.61335,Down
GSE39645,HES3,-0.157239,0.114,0.139,-1.612583,Down
GSE39645,FOS,0.387469,0.114,0.14,1.61226,Up
GSE39645,TMEM173,-0.24393,0.114,0.14,-1.612158,Down
GSE39645,RTTN,0.210152,0.114,0.14,1.611561,Up
GSE39645,RCN3,-0.406804,0.115,0.14,-1.610928,Down
GSE39645,TBC1D3I///TBC1D3E///LOC101060389///TBC1D3L///TBC1D3K///TBC1D3G///TBC1D3H///TBC1D3///TBC1D3P2///TBC1D3C///TBC1D3B///TBC1D3F,0.160738,0.115,0.14,1.60872,Up
GSE39645,MT1X,-0.308469,0.115,0.141,-1.608192,Down
GSE39645,ZNF93,-0.15006,0.115,0.141,-1.607678,Down
GSE39645,FGF11,-0.162781,0.115,0.141,-1.607015,Down
GSE39645,TCEB2,0.149432,0.116,0.141,1.606243,Up
GSE39645,NT5C2///NT5C2,0.244306,0.116,0.141,1.605482,Up
GSE39645,NEU3,-0.117745,0.116,0.141,-1.605442,Down
GSE39645,RAP1GAP2,0.195277,0.116,0.141,1.605275,Up
GSE39645,CC2D2A,0.196922,0.116,0.141,1.604395,Up
GSE39645,VCL,0.228493,0.116,0.142,1.603974,Up
GSE39645,HHLA3,0.197371,0.116,0.142,1.603965,Up
GSE39645,ZFP92,-0.179568,0.116,0.142,-1.603027,Down
GSE39645,HIST1H2AH,-0.255808,0.117,0.142,-1.602447,Down
GSE39645,GYPC,-0.246953,0.117,0.142,-1.602398,Down
GSE39645,NARR///RAB34,0.208876,0.117,0.142,1.602107,Up
GSE39645,SPIN2B///SPIN2A,0.135623,0.117,0.142,1.601384,Up
GSE39645,HSP90AB1,0.141178,0.117,0.142,1.601043,Up
GSE39645,HLA-DOB,0.232945,0.117,0.142,1.601014,Up
GSE39645,GCA,0.423054,0.117,0.142,1.60038,Up
GSE39645,MNX1,-0.152946,0.117,0.143,-1.599676,Down
GSE39645,TCN2,-0.214984,0.117,0.143,-1.599662,Down
GSE39645,LDOC1L,0.236805,0.117,0.143,1.599025,Up
GSE39645,NAA60,0.151825,0.117,0.143,1.598919,Up
GSE39645,MYC,-0.423804,0.117,0.143,-1.598811,Down
GSE39645,SYCP2,0.275762,0.117,0.143,1.598527,Up
GSE39645,CHTOP,0.137565,0.117,0.143,1.598328,Up
GSE39645,ESR1,-0.14852,0.117,0.143,-1.598211,Down
GSE39645,PHF8,0.159817,0.118,0.143,1.597831,Up
GSE39645,SCN5A,-0.172287,0.118,0.143,-1.597225,Down
GSE39645,AURKA,-0.344229,0.118,0.143,-1.596568,Down
GSE39645,POMC,-0.164935,0.118,0.143,-1.596514,Down
GSE39645,GADD45A,0.351444,0.118,0.143,1.596393,Up
GSE39645,GPR75-ASB3///ASB3,0.260549,0.118,0.144,1.595906,Up
GSE39645,SOX1,0.145854,0.118,0.144,1.595811,Up
GSE39645,HMCN1,-0.322267,0.118,0.144,-1.59489,Down
GSE39645,RPL19,-0.10513,0.118,0.144,-1.594524,Down
GSE39645,SNX8,0.157875,0.118,0.144,1.594173,Up
GSE39645,ZSWIM1,0.132383,0.118,0.144,1.593832,Up
GSE39645,IHH,-0.146564,0.119,0.144,-1.593462,Down
GSE39645,WWC1,-0.309219,0.119,0.144,-1.593033,Down
GSE39645,POLN,0.126085,0.119,0.144,1.592944,Up
GSE39645,CCDC15,-0.123334,0.119,0.144,-1.592818,Down
GSE39645,ACVR1B,-0.107677,0.119,0.145,-1.591186,Down
GSE39645,ADGRB1,-0.203671,0.119,0.145,-1.590572,Down
GSE39645,ZDBF2,0.422456,0.119,0.145,1.590259,Up
GSE39645,GJA5,-0.353622,0.119,0.145,-1.590088,Down
GSE39645,PITRM1,0.242187,0.119,0.145,1.589964,Up
GSE39645,LILRA4,-0.331147,0.119,0.145,-1.589748,Down
GSE39645,ZNF280A,-0.132536,0.12,0.145,-1.588854,Down
GSE39645,TMEM151A,-0.146108,0.12,0.145,-1.588813,Down
GSE39645,PSORS1C1,-0.153911,0.12,0.146,-1.587529,Down
GSE39645,GSDMA,-0.232505,0.12,0.146,-1.587479,Down
GSE39645,ATAD2,-0.255587,0.12,0.146,-1.587357,Down
GSE39645,PCGF2,0.179358,0.12,0.146,1.587154,Up
GSE39645,RHPN2,0.217602,0.12,0.146,1.587115,Up
GSE39645,PNMT,0.235388,0.12,0.146,1.587083,Up
GSE39645,ZHX3,-0.216327,0.12,0.146,-1.586809,Down
GSE39645,SEPT1,-0.181725,0.12,0.146,-1.585731,Down
GSE39645,GJA3,-0.13982,0.12,0.146,-1.585277,Down
GSE39645,MPC1L,-0.155275,0.12,0.146,-1.585027,Down
GSE39645,RAB42,-0.187867,0.12,0.146,-1.584965,Down
GSE39645,FBXL22,-0.148173,0.121,0.146,-1.584496,Down
GSE39645,ZNF324B,-0.084421,0.121,0.147,-1.584083,Down
GSE39645,SHQ1,0.184129,0.121,0.147,1.583485,Up
GSE39645,MMAA,0.132545,0.121,0.147,1.583441,Up
GSE39645,TNFAIP8,-0.205392,0.121,0.147,-1.583419,Down
GSE39645,RRP9,0.159866,0.121,0.147,1.582793,Up
GSE39645,RXRB,0.100726,0.121,0.147,1.58242,Up
GSE39645,MRPS2,0.167574,0.121,0.147,1.582382,Up
GSE39645,FBXO33,0.19468,0.121,0.147,1.580664,Up
GSE39645,CNOT9,0.214167,0.122,0.148,1.579111,Up
GSE39645,ZSCAN22,0.14666,0.122,0.148,1.578892,Up
GSE39645,SLC10A5,-0.13858,0.122,0.148,-1.578776,Down
GSE39645,BCL6,0.293775,0.122,0.148,1.578636,Up
GSE39645,CATSPER3,-0.136731,0.122,0.148,-1.57849,Down
GSE39645,FSCN2,-0.13571,0.122,0.148,-1.578229,Down
GSE39645,OSBPL5,0.188937,0.122,0.148,1.578165,Up
GSE39645,TMEM139,-0.268466,0.122,0.148,-1.577989,Down
GSE39645,RECQL5,0.110742,0.122,0.148,1.577504,Up
GSE39645,C6orf163,-0.173173,0.122,0.148,-1.577433,Down
GSE39645,MYO1F,0.342617,0.122,0.149,1.576218,Up
GSE39645,CA13,-0.264935,0.123,0.149,-1.575719,Down
GSE39645,RAD52,-0.123731,0.123,0.149,-1.575681,Down
GSE39645,TRIM54,-0.119996,0.123,0.149,-1.575608,Down
GSE39645,HEYL,-0.307501,0.123,0.149,-1.574934,Down
GSE39645,PEX11G,-0.133607,0.123,0.149,-1.57492,Down
GSE39645,SMC1A,0.229688,0.123,0.149,1.574513,Up
GSE39645,CENPN,0.365545,0.123,0.149,1.57446,Up
GSE39645,SPO11,-0.126804,0.123,0.149,-1.574442,Down
GSE39645,URB1,0.187267,0.123,0.149,1.574372,Up
GSE39645,RHEBL1,0.174867,0.123,0.149,1.572594,Up
GSE39645,GPC2,-0.187789,0.123,0.149,-1.57256,Down
GSE39645,SEPT11,0.224636,0.123,0.149,1.572526,Up
GSE39645,CDH7,-0.503502,0.123,0.15,-1.57216,Down
GSE39645,YWHAQ,0.111897,0.123,0.15,1.57189,Up
GSE39645,MORC2,0.156157,0.124,0.15,1.571467,Up
GSE39645,GCHFR,-0.147222,0.124,0.15,-1.571284,Down
GSE39645,ADAM2,-0.10994,0.124,0.15,-1.570904,Down
GSE39645,SLF1,0.14529,0.124,0.15,1.570335,Up
GSE39645,WDR78,-0.210439,0.124,0.15,-1.569448,Down
GSE39645,KDM4B,0.167588,0.124,0.15,1.569004,Up
GSE39645,ZNF267,0.374129,0.124,0.15,1.568696,Up
GSE39645,NA,-0.163482,0.124,0.15,-1.568463,Down
GSE39645,NOL10,0.208151,0.124,0.15,1.568435,Up
GSE39645,RPS20,0.093264,0.124,0.151,1.567777,Up
GSE39645,RPS8,0.102319,0.125,0.151,1.565876,Up
GSE39645,MRPS34,0.11723,0.125,0.151,1.565068,Up
GSE39645,EYS,-0.157866,0.125,0.152,-1.564568,Down
GSE39645,ANKRD31,-0.134231,0.125,0.152,-1.564247,Down
GSE39645,OSCP1,0.127003,0.125,0.152,1.56378,Up
GSE39645,ZNF835,-0.12192,0.125,0.152,-1.563391,Down
GSE39645,PSMG1///PSMG1,0.237523,0.126,0.152,1.562777,Up
GSE39645,SEMA4D,0.322243,0.126,0.152,1.562681,Up
GSE39645,TNNI2,-0.154284,0.126,0.152,-1.562384,Down
GSE39645,WNK3,0.258112,0.126,0.152,1.562315,Up
GSE39645,HNRNPL,0.12241,0.126,0.152,1.561898,Up
GSE39645,ADGRL2,-0.346937,0.126,0.152,-1.561685,Down
GSE39645,C8orf48,0.224557,0.126,0.152,1.561454,Up
GSE39645,PHF5A,0.16856,0.126,0.152,1.561344,Up
GSE39645,NHLRC1,0.182463,0.126,0.152,1.560863,Up
GSE39645,EBP,0.243107,0.126,0.153,1.560327,Up
GSE39645,RPS24,0.136714,0.126,0.153,1.559814,Up
GSE39645,RUNDC3A,-0.192193,0.126,0.153,-1.559472,Down
GSE39645,CENPI,-0.328219,0.126,0.153,-1.55905,Down
GSE39645,SMN2///SMN1,0.183005,0.127,0.153,1.558163,Up
GSE39645,OAF,0.228615,0.127,0.153,1.557854,Up
GSE39645,LRRC66,-0.141399,0.127,0.153,-1.557824,Down
GSE39645,TAF1C,0.121928,0.127,0.153,1.557667,Up
GSE39645,FDPS,0.267516,0.127,0.153,1.557602,Up
GSE39645,TUBB,0.26271,0.127,0.153,1.557574,Up
GSE39645,SMCO4,0.28292,0.127,0.153,1.557525,Up
GSE39645,HPDL,-0.217326,0.127,0.153,-1.557414,Down
GSE39645,CD5,-0.23436,0.127,0.153,-1.557118,Down
GSE39645,NBPF25P///NBPF19///NBPF20///NBPF10///NBPF8///NBPF9///NBPF15///NBPF11///NBPF12///NBPF3///NBPF1///NBPF14,-0.088738,0.127,0.153,-1.557092,Down
GSE39645,RTN4,0.107407,0.127,0.153,1.557005,Up
GSE39645,CEP170B,0.15765,0.127,0.154,1.55652,Up
GSE39645,CALML4,-0.191455,0.127,0.154,-1.556133,Down
GSE39645,SFXN2,0.16288,0.128,0.154,1.554139,Up
GSE39645,KCNC1,-0.108252,0.128,0.154,-1.553348,Down
GSE39645,FOXF2,-0.165894,0.128,0.154,-1.55329,Down
GSE39645,CASP3,-0.200794,0.128,0.154,-1.552965,Down
GSE39645,ZBTB10,-0.130628,0.128,0.155,-1.552492,Down
GSE39645,NKIRAS2,0.168885,0.128,0.155,1.551327,Up
GSE39645,SH3TC1,0.174547,0.128,0.155,1.551295,Up
GSE39645,ATP7B,-0.165984,0.128,0.155,-1.550537,Down
GSE39645,CDYL2,-0.154908,0.129,0.156,-1.548995,Down
GSE39645,KCNK5,0.459469,0.129,0.156,1.548771,Up
GSE39645,LRRN3,0.316758,0.129,0.156,1.548215,Up
GSE39645,FEN1,-0.173143,0.129,0.156,-1.547993,Down
GSE39645,DSN1,0.211848,0.129,0.156,1.547665,Up
GSE39645,FBXL12,0.179476,0.129,0.156,1.546997,Up
GSE39645,LAMA5,0.151418,0.129,0.156,1.546948,Up
GSE39645,KHDRBS1,0.131585,0.129,0.156,1.546863,Up
GSE39645,ZNF614,0.234529,0.129,0.156,1.5467,Up
GSE39645,PNMAL1,0.18774,0.13,0.157,1.545485,Up
GSE39645,TPST2,-0.149732,0.13,0.157,-1.54428,Down
GSE39645,BRMS1L,0.24409,0.13,0.157,1.543544,Up
GSE39645,HNRNPLL,0.161283,0.13,0.157,1.543131,Up
GSE39645,CTPS2,0.181751,0.13,0.157,1.542752,Up
GSE39645,LONRF1,0.225734,0.13,0.157,1.54271,Up
GSE39645,ZNF597,0.24611,0.131,0.158,1.541037,Up
GSE39645,CD40,0.150572,0.131,0.158,1.54054,Up
GSE39645,EPOR,0.152829,0.131,0.158,1.540042,Up
GSE39645,STX4,0.23564,0.131,0.158,1.539696,Up
GSE39645,KLRF1,-0.167021,0.132,0.159,-1.537369,Down
GSE39645,ZNF540,0.147026,0.132,0.159,1.536685,Up
GSE39645,SLC52A2,0.113826,0.132,0.159,1.536632,Up
GSE39645,ST20,-0.244541,0.132,0.159,-1.536461,Down
GSE39645,ALOX15B,0.410318,0.132,0.159,1.535032,Up
GSE39645,PDZD8,0.142724,0.132,0.159,1.534907,Up
GSE39645,ALKBH4,0.110595,0.132,0.159,1.534705,Up
GSE39645,SPATA45,-0.210549,0.132,0.16,-1.534387,Down
GSE39645,SMIM3,0.192378,0.132,0.16,1.534207,Up
GSE39645,YTHDF2,-0.106463,0.132,0.16,-1.534114,Down
GSE39645,XPNPEP3,0.201212,0.133,0.16,1.533447,Up
GSE39645,PSMG4,-0.13122,0.133,0.16,-1.533111,Down
GSE39645,IRF2BP1,-0.120952,0.133,0.16,-1.533014,Down
GSE39645,ZNF503,-0.146689,0.133,0.16,-1.532742,Down
GSE39645,ACSL4,0.264943,0.133,0.16,1.531787,Up
GSE39645,FMO2,-0.453602,0.133,0.16,-1.531054,Down
GSE39645,SLC26A6,-0.154068,0.133,0.16,-1.531028,Down
GSE39645,NT5DC1,0.272056,0.133,0.16,1.530986,Up
GSE39645,TRABD,-0.099566,0.133,0.161,-1.530391,Down
GSE39645,4,0.151449,0.134,0.161,1.529182,Up
GSE39645,THG1L,0.171238,0.134,0.161,1.528841,Up
GSE39645,CD3G,0.350896,0.134,0.161,1.52856,Up
GSE39645,HECW2,-0.217801,0.134,0.161,-1.528416,Down
GSE39645,KLF9,0.187352,0.134,0.161,1.527796,Up
GSE39645,USP18,0.230152,0.134,0.162,1.527145,Up
GSE39645,RPS14,0.074776,0.134,0.162,1.526989,Up
GSE39645,ETV7,0.173652,0.134,0.162,1.526574,Up
GSE39645,APEX2,0.164426,0.134,0.162,1.525922,Up
GSE39645,UBTD1,-0.099723,0.135,0.162,-1.525008,Down
GSE39645,GKN2,-0.133215,0.135,0.162,-1.524658,Down
GSE39645,COLEC10,-0.329331,0.135,0.162,-1.524171,Down
GSE39645,HENMT1,0.233758,0.135,0.162,1.524069,Up
GSE39645,TBC1D3I///TBC1D3E///LOC101060389///TBC1D3L///TBC1D3K///TBC1D3G///TBC1D3H///TBC1D3///TBC1D3P2///TBC1D3C///TBC1D3B///TBC1D3F,0.150442,0.135,0.162,1.523785,Up
GSE39645,STAC3,-0.164622,0.135,0.163,-1.523371,Down
GSE39645,FBXO7,0.209092,0.135,0.163,1.52303,Up
GSE39645,FOXD4L5///FOXD4L6///FOXD4L3///FOXD4L1///FOXD4,-0.08952,0.135,0.163,-1.522078,Down
GSE39645,SULT2B1,-0.165525,0.136,0.163,-1.521756,Down
GSE39645,MBLAC2,-0.128142,0.136,0.163,-1.521718,Down
GSE39645,CC2D2B,-0.185069,0.136,0.163,-1.52135,Down
GSE39645,DPEP2,-0.223935,0.136,0.163,-1.520375,Down
GSE39645,RYBP,0.201576,0.136,0.163,1.520217,Up
GSE39645,INTU,0.202895,0.136,0.163,1.520081,Up
GSE39645,FAM46A,-0.225194,0.136,0.164,-1.519872,Down
GSE39645,NR1H3,0.219394,0.136,0.164,1.519397,Up
GSE39645,GPR137,0.119961,0.136,0.164,1.519142,Up
GSE39645,HNRNPM,0.140225,0.136,0.164,1.519009,Up
GSE39645,SLC25A3,0.126087,0.136,0.164,1.518896,Up
GSE39645,SRSF12,-0.173034,0.136,0.164,-1.518349,Down
GSE39645,AQP7,-0.331512,0.136,0.164,-1.517933,Down
GSE39645,NFKBIE,-0.161013,0.137,0.164,-1.517506,Down
GSE39645,NFIL3,-0.35613,0.137,0.164,-1.516449,Down
GSE39645,ZNF518B,0.208224,0.137,0.165,1.516306,Up
GSE39645,GRM8,-0.217692,0.137,0.165,-1.515738,Down
GSE39645,IMPA2,0.137512,0.137,0.165,1.515554,Up
GSE39645,FKBP7,-0.251215,0.137,0.165,-1.515162,Down
GSE39645,ZNF519,-0.111347,0.137,0.165,-1.515049,Down
GSE39645,SRRT,0.226014,0.137,0.165,1.514945,Up
GSE39645,PRKAA2,0.207477,0.137,0.165,1.514915,Up
GSE39645,PIK3R3,-0.244232,0.137,0.165,-1.514707,Down
GSE39645,KIF9,-0.125346,0.138,0.165,-1.513647,Down
GSE39645,NRARP,-0.158871,0.138,0.165,-1.513426,Down
GSE39645,VANGL1,0.200414,0.138,0.165,1.512685,Up
GSE39645,SERPINF1///SERPINF1,-0.379648,0.138,0.166,-1.512299,Down
GSE39645,LRRC14,-0.113956,0.138,0.166,-1.511993,Down
GSE39645,SLC38A2,0.204729,0.138,0.166,1.511858,Up
GSE39645,AREG,-0.4045,0.138,0.166,-1.511829,Down
GSE39645,CYTIP,0.375852,0.138,0.166,1.511615,Up
GSE39645,HIVEP1,-0.221792,0.138,0.166,-1.511375,Down
GSE39645,EDC4,0.180481,0.138,0.166,1.51114,Up
GSE39645,CBX6,0.291527,0.139,0.167,1.508523,Up
GSE39645,CLN6,0.178697,0.139,0.167,1.508446,Up
GSE39645,MYL9,0.24458,0.139,0.167,1.508205,Up
GSE39645,LDHD,0.153573,0.139,0.167,1.50727,Up
GSE39645,HIVEP3,-0.198898,0.139,0.167,-1.506669,Down
GSE39645,SHROOM2,-0.158358,0.139,0.167,-1.506112,Down
GSE39645,MYCN,-0.194067,0.14,0.167,-1.50567,Down
GSE39645,ARHGAP11A,-0.352424,0.14,0.168,-1.505504,Down
GSE39645,CHAC2,-0.179076,0.14,0.168,-1.505455,Down
GSE39645,ARHGAP23,0.241059,0.14,0.168,1.505072,Up
GSE39645,KCNS3,0.3903,0.14,0.168,1.504887,Up
GSE39645,RCCD1,-0.130015,0.14,0.168,-1.504658,Down
GSE39645,HIST1H2AI,-0.29068,0.141,0.169,-1.501885,Down
GSE39645,NFXL1,0.148073,0.141,0.169,1.501263,Up
GSE39645,NFIX,-0.212209,0.141,0.169,-1.500458,Down
GSE39645,CEP76,0.148809,0.141,0.169,1.500391,Up
GSE39645,PIGW,0.193359,0.141,0.169,1.499713,Up
GSE39645,NEBL,0.291683,0.141,0.169,1.499364,Up
GSE39645,SNORA33///RPS12,0.128897,0.141,0.169,1.499098,Up
GSE39645,UBAP1,0.164443,0.141,0.169,1.498655,Up
GSE39645,MBNL3,0.23345,0.142,0.17,1.498201,Up
GSE39645,SGPP1,0.119611,0.142,0.17,1.498093,Up
GSE39645,EHD1,-0.206161,0.142,0.17,-1.497526,Down
GSE39645,EAF1,0.259881,0.142,0.17,1.497373,Up
GSE39645,DBF4,-0.23989,0.142,0.17,-1.496865,Down
GSE39645,RCE1,0.134124,0.142,0.17,1.495548,Up
GSE39645,WAS,0.241301,0.142,0.17,1.495413,Up
GSE39645,LOC100996763///NOTCH2NL///NOTCH2,-0.121558,0.142,0.17,-1.495197,Down
GSE39645,TNFAIP8L1,-0.161226,0.143,0.171,-1.493248,Down
GSE39645,TMEM206,0.185581,0.143,0.171,1.49301,Up
GSE39645,MTMR1,0.178226,0.143,0.171,1.493009,Up
GSE39645,DBP,0.150371,0.143,0.171,1.492059,Up
GSE39645,FANCG,-0.121542,0.143,0.172,-1.491737,Down
GSE39645,EPS15L1,0.139602,0.143,0.172,1.490662,Up
GSE39645,ZNF667,-0.127223,0.144,0.172,-1.490114,Down
GSE39645,ROCK2,0.226766,0.144,0.172,1.489806,Up
GSE39645,ILDR2,0.269326,0.144,0.172,1.489666,Up
GSE39645,PIP5K1A,0.209614,0.144,0.172,1.489118,Up
GSE39645,KHSRP,0.155016,0.144,0.173,1.488228,Up
GSE39645,NRROS,0.242903,0.144,0.173,1.488225,Up
GSE39645,L3MBTL2,0.111669,0.144,0.173,1.487959,Up
GSE39645,GLUD2///GLUD1,0.202994,0.144,0.173,1.487927,Up
GSE39645,BDH1,0.161162,0.144,0.173,1.487814,Up
GSE39645,APRT,0.157704,0.144,0.173,1.487768,Up
GSE39645,UGT2B10,-0.273158,0.145,0.173,-1.485658,Down
GSE39645,RAPGEF5,0.439033,0.145,0.173,1.485605,Up
GSE39645,RGPD2///RGPD6///RGPD8///RGPD3///RGPD1///RGPD4///RGPD5///RANBP2,0.11212,0.145,0.173,1.48523,Up
GSE39645,SPDL1,0.373237,0.145,0.173,1.484871,Up
GSE39645,PEX26,0.114307,0.145,0.173,1.484822,Up
GSE39645,C1R,0.280184,0.145,0.174,1.484313,Up
GSE39645,IER5,-0.13821,0.145,0.174,-1.483789,Down
GSE39645,10,-0.117881,0.145,0.174,-1.483348,Down
GSE39645,KNOP1,-0.185169,0.146,0.174,-1.482583,Down
GSE39645,CD3EAP,-0.114125,0.146,0.174,-1.482042,Down
GSE39645,TMCC3,0.195936,0.146,0.174,1.481882,Up
GSE39645,MOSPD1,0.255983,0.146,0.174,1.481752,Up
GSE39645,PCSK7,0.098698,0.146,0.175,1.480998,Up
GSE39645,NETO2,-0.344461,0.146,0.175,-1.480039,Down
GSE39645,GRAPL///GRAP,-0.148247,0.146,0.175,-1.47975,Down
GSE39645,FNIP2,0.23112,0.146,0.175,1.479435,Up
GSE39645,ZC3HC1,0.111569,0.146,0.175,1.479423,Up
GSE39645,SCAF1,0.104465,0.147,0.175,1.478959,Up
GSE39645,MED31,0.176413,0.147,0.175,1.478842,Up
GSE39645,IPO4,-0.205749,0.147,0.175,-1.478629,Down
GSE39645,TMEM64,0.137951,0.147,0.175,1.478555,Up
GSE39645,IL2RB,-0.178018,0.147,0.175,-1.478068,Down
GSE39645,LOX,0.657225,0.147,0.176,1.476685,Up
GSE39645,EIF4EBP1,0.245006,0.147,0.176,1.47613,Up
GSE39645,GAB3,0.185211,0.148,0.176,1.475018,Up
GSE39645,C17orf97,0.251933,0.148,0.177,1.473789,Up
GSE39645,ETS2,-0.275338,0.148,0.177,-1.473073,Down
GSE39645,TRIM62,-0.11613,0.148,0.177,-1.47201,Down
GSE39645,EIF4G1,0.215093,0.149,0.177,1.471449,Up
GSE39645,LIN28B,-0.180772,0.149,0.178,-1.470784,Down
GSE39645,TMEM182,0.135213,0.149,0.178,1.470778,Up
GSE39645,SERF2-C15ORF63///SERF2,0.111914,0.149,0.178,1.470704,Up
GSE39645,SLC10A3,-0.092249,0.149,0.178,-1.469904,Down
GSE39645,THAP3,0.128249,0.149,0.178,1.469508,Up
GSE39645,CBX3,0.162454,0.149,0.178,1.468883,Up
GSE39645,ZIK1,0.130007,0.149,0.178,1.468462,Up
GSE39645,DZANK1,-0.097536,0.149,0.178,-1.468378,Down
GSE39645,PLK3,0.370551,0.149,0.178,1.468315,Up
GSE39645,UGDH,-0.276748,0.149,0.178,-1.46816,Down
GSE39645,RAB15,-0.205511,0.15,0.179,-1.467573,Down
GSE39645,GPR146,-0.293471,0.15,0.179,-1.466989,Down
GSE39645,TUBB3///MC1R,0.155114,0.15,0.179,1.466938,Up
GSE39645,CDC42,0.124762,0.15,0.179,1.466738,Up
GSE39645,FLT3,-0.258062,0.15,0.179,-1.466238,Down
GSE39645,ERC2,-0.246289,0.15,0.179,-1.466173,Down
GSE39645,DDX49,0.133543,0.15,0.179,1.466085,Up
GSE39645,COL8A1,-0.2135,0.15,0.179,-1.466048,Down
GSE39645,YPEL1,0.164312,0.15,0.179,1.465962,Up
GSE39645,WDFY2,0.101904,0.15,0.179,1.465899,Up
GSE39645,GALK1,-0.097029,0.15,0.179,-1.465442,Down
GSE39645,CENPE,-0.295187,0.15,0.179,-1.464992,Down
GSE39645,TASP1,0.107825,0.15,0.179,1.464937,Up
GSE39645,CDPF1,0.148122,0.15,0.179,1.464607,Up
GSE39645,NANS,0.269488,0.151,0.18,1.464161,Up
GSE39645,EOGT,-0.203646,0.151,0.18,-1.46377,Down
GSE39645,NFE2L3,0.148803,0.151,0.18,1.463378,Up
GSE39645,MCL1,0.165314,0.151,0.18,1.463053,Up
GSE39645,TLL2,0.223471,0.151,0.18,1.462046,Up
GSE39645,METTL9///METTL9,0.128216,0.151,0.18,1.460992,Up
GSE39645,ABHD16B,-0.130783,0.151,0.181,-1.460874,Down
GSE39645,RAB40C,0.119446,0.151,0.181,1.460804,Up
GSE39645,VILL,-0.113932,0.151,0.181,-1.460727,Down
GSE39645,GRK6,-0.131855,0.152,0.181,-1.459536,Down
GSE39645,THAP8,0.119004,0.152,0.181,1.459425,Up
GSE39645,NFKB1,0.237754,0.152,0.181,1.459273,Up
GSE39645,STK32C,0.115369,0.152,0.181,1.458557,Up
GSE39645,ADAMTS7,-0.123894,0.152,0.181,-1.458305,Down
GSE39645,BRD1,0.161653,0.152,0.181,1.457876,Up
GSE39645,PRDM11,-0.12811,0.152,0.181,-1.457597,Down
GSE39645,KDM5C,0.157888,0.152,0.182,1.45731,Up
GSE39645,MAP1LC3A,0.114449,0.152,0.182,1.457252,Up
GSE39645,RINT1,0.173005,0.153,0.182,1.456669,Up
GSE39645,HSPB2-C11orf52///C11orf52,-0.143532,0.153,0.182,-1.456557,Down
GSE39645,PHYHIPL,-0.450051,0.153,0.182,-1.456448,Down
GSE39645,MRTO4,0.231239,0.153,0.182,1.455691,Up
GSE39645,NASP,-0.152978,0.153,0.182,-1.455466,Down
GSE39645,PPIL6,0.220916,0.153,0.182,1.454906,Up
GSE39645,CHSY1,-0.172221,0.153,0.182,-1.454845,Down
GSE39645,KLF11,0.198795,0.153,0.182,1.454692,Up
GSE39645,HEBP1,-0.203991,0.153,0.182,-1.454477,Down
GSE39645,RECK,0.176506,0.153,0.182,1.454445,Up
GSE39645,ABCC10,0.101356,0.153,0.183,1.453777,Up
GSE39645,TMEM201,-0.123281,0.154,0.183,-1.453295,Down
GSE39645,CITED2,0.256027,0.154,0.183,1.453236,Up
GSE39645,TLCD1,-0.191195,0.154,0.183,-1.452835,Down
GSE39645,CAD,0.158682,0.154,0.183,1.452665,Up
GSE39645,WBP2NL,-0.155832,0.154,0.183,-1.451861,Down
GSE39645,SIDT2,0.205485,0.154,0.183,1.451275,Up
GSE39645,FECH,0.163118,0.154,0.183,1.451219,Up
GSE39645,SETD1B,0.121003,0.154,0.183,1.451146,Up
GSE39645,DCXR,0.234191,0.154,0.183,1.451103,Up
GSE39645,GPSM2,-0.309477,0.154,0.183,-1.45093,Down
GSE39645,LRCH4,0.14634,0.154,0.183,1.450801,Up
GSE39645,PTPRH,-0.17526,0.154,0.184,-1.450352,Down
GSE39645,UBE2NL,0.151067,0.154,0.184,1.449952,Up
GSE39645,SLC20A1,-0.286338,0.155,0.184,-1.449571,Down
GSE39645,SNX21,-0.111332,0.155,0.184,-1.44945,Down
GSE39645,POLE,-0.202476,0.155,0.184,-1.449353,Down
GSE39645,FBXO41,-0.127051,0.155,0.184,-1.448709,Down
GSE39645,NSMCE3,0.110327,0.155,0.184,1.447685,Up
GSE39645,NDST4,-0.179957,0.155,0.184,-1.44729,Down
GSE39645,FABP7,-0.453035,0.155,0.185,-1.447078,Down
GSE39645,ACSF2,0.223485,0.155,0.185,1.447052,Up
GSE39645,CNOT11,0.15075,0.155,0.185,1.446286,Up
GSE39645,IAPP,-0.151632,0.156,0.185,-1.445973,Down
GSE39645,SDPR,-0.319347,0.156,0.185,-1.444461,Down
GSE39645,GYG1,0.229568,0.156,0.186,1.443243,Up
GSE39645,FGFBP2,0.571916,0.156,0.186,1.443074,Up
GSE39645,RPRD1B,0.115457,0.157,0.186,1.442531,Up
GSE39645,HNRNPH3,0.166746,0.157,0.186,1.442527,Up
GSE39645,IDH2,0.264425,0.157,0.186,1.441636,Up
GSE39645,CD244,-0.163577,0.157,0.186,-1.440854,Down
GSE39645,HPSE,0.33134,0.157,0.187,1.440582,Up
GSE39645,TEX30,-0.213572,0.157,0.187,-1.440512,Down
GSE39645,POLR3K,0.135066,0.157,0.187,1.440207,Up
GSE39645,JCHAIN,0.80819,0.157,0.187,1.440109,Up
GSE39645,ACP7,-0.181068,0.157,0.187,-1.439655,Down
GSE39645,GEMIN4,-0.167121,0.158,0.187,-1.438124,Down
GSE39645,RPS28,0.111796,0.158,0.187,1.438032,Up
GSE39645,RPS15A,0.094164,0.158,0.187,1.437901,Up
GSE39645,MPV17L,0.210748,0.158,0.188,1.437327,Up
GSE39645,HDAC10,-0.118708,0.158,0.188,-1.437293,Down
GSE39645,RPL8,0.099504,0.158,0.188,1.437272,Up
GSE39645,USP31,-0.152518,0.158,0.188,-1.437158,Down
GSE39645,AHCY,0.148967,0.158,0.188,1.436398,Up
GSE39645,NBPF3,0.185508,0.158,0.188,1.435651,Up
GSE39645,SLC22A4,-0.239621,0.159,0.189,-1.433779,Down
GSE39645,SCLT1,0.226003,0.159,0.189,1.433244,Up
GSE39645,BZW2,0.303967,0.159,0.189,1.432971,Up
GSE39645,TMUB1,0.112491,0.159,0.189,1.432954,Up
GSE39645,LSM14B,0.095147,0.159,0.189,1.432695,Up
GSE39645,TET2,0.159658,0.159,0.189,1.432617,Up
GSE39645,GBP6,-0.135707,0.16,0.189,-1.431797,Down
GSE39645,SPI1,0.199589,0.16,0.189,1.431783,Up
GSE39645,XPO6,0.20752,0.16,0.189,1.431643,Up
GSE39645,MT2A,0.158232,0.16,0.189,1.43161,Up
GSE39645,AHCYL1,0.25343,0.16,0.19,1.430291,Up
GSE39645,NPM1,-0.098135,0.16,0.19,-1.429921,Down
GSE39645,TRMT10C,0.178589,0.16,0.19,1.429199,Up
GSE39645,OXCT2P1///OXCT2,-0.133323,0.161,0.19,-1.428173,Down
GSE39645,CNRIP1,-0.11865,0.161,0.19,-1.428127,Down
GSE39645,NDC1,0.200921,0.161,0.19,1.427999,Up
GSE39645,XCL1,-0.205743,0.161,0.19,-1.427724,Down
GSE39645,DEK,0.144391,0.161,0.191,1.427587,Up
GSE39645,PIWIL4,0.155133,0.161,0.191,1.427461,Up
GSE39645,NRF1,0.093004,0.161,0.191,1.42704,Up
GSE39645,LIMD2,-0.108103,0.162,0.191,-1.424868,Down
GSE39645,IRF1,-0.323263,0.162,0.192,-1.424323,Down
GSE39645,CENPP,-0.118933,0.162,0.192,-1.424233,Down
GSE39645,SEMA4F,-0.142761,0.162,0.192,-1.424152,Down
GSE39645,BCAS1,-0.328362,0.162,0.192,-1.42385,Down
GSE39645,CCT5,0.26063,0.162,0.192,1.423787,Up
GSE39645,CALCB,-0.160916,0.162,0.192,-1.423603,Down
GSE39645,DCUN1D5,0.23067,0.162,0.192,1.42287,Up
GSE39645,CDHR3,0.257188,0.162,0.192,1.422605,Up
GSE39645,ZNF154,0.230844,0.162,0.192,1.421846,Up
GSE39645,DAPP1,0.224595,0.162,0.192,1.421819,Up
GSE39645,DOC2A,-0.124616,0.162,0.192,-1.42161,Down
GSE39645,C19orf45,-0.130584,0.163,0.193,-1.421024,Down
GSE39645,FAM71E1,-0.139611,0.163,0.193,-1.420533,Down
GSE39645,CALM3///CALM3,0.123637,0.163,0.193,1.42037,Up
GSE39645,KDELC2,0.182644,0.163,0.193,1.419758,Up
GSE39645,PLEKHO2,0.155035,0.163,0.193,1.419083,Up
GSE39645,SUDS3,0.128605,0.163,0.193,1.418941,Up
GSE39645,SLC16A1,-0.191447,0.163,0.193,-1.418511,Down
GSE39645,WFDC2,-0.229301,0.164,0.194,-1.417976,Down
GSE39645,GFER,0.103499,0.164,0.194,1.417632,Up
GSE39645,TWF2,0.148327,0.164,0.194,1.417353,Up
GSE39645,NR2C1,0.168973,0.164,0.194,1.415331,Up
GSE39645,TRA2B,0.199584,0.164,0.194,1.415168,Up
GSE39645,ME1,0.426155,0.165,0.195,1.413904,Up
GSE39645,NKX6-2,0.189306,0.165,0.195,1.413726,Up
GSE39645,ANP32D,-0.414891,0.165,0.195,-1.413626,Down
GSE39645,C9orf135,-0.242454,0.165,0.195,-1.413622,Down
GSE39645,PPM1G,0.171075,0.165,0.195,1.412656,Up
GSE39645,KCNS2,-0.149346,0.165,0.195,-1.41231,Down
GSE39645,UGP2,0.243591,0.165,0.196,1.411401,Up
GSE39645,HIVEP2,0.312038,0.166,0.196,1.411106,Up
GSE39645,AKAP6,0.326214,0.166,0.196,1.410766,Up
GSE39645,KLHL15,-0.190898,0.166,0.196,-1.410639,Down
GSE39645,DPRX,-0.141796,0.166,0.196,-1.409913,Down
GSE39645,CREB5,-0.318004,0.166,0.196,-1.409831,Down
GSE39645,RCL1,0.147093,0.166,0.196,1.409767,Up
GSE39645,CDK5R1,-0.117816,0.166,0.196,-1.409523,Down
GSE39645,ADGRL4,-0.328317,0.166,0.197,-1.408565,Down
GSE39645,FBXO32,0.456607,0.166,0.197,1.40814,Up
GSE39645,HELT,-0.127041,0.167,0.197,-1.407721,Down
GSE39645,SRRM1,0.08795,0.167,0.197,1.405846,Up
GSE39645,BCL2L11,-0.140266,0.167,0.198,-1.404879,Down
GSE39645,IL18BP,-0.11237,0.168,0.198,-1.404285,Down
GSE39645,PWWP2A,-0.086412,0.168,0.198,-1.404172,Down
GSE39645,PFN2,0.337223,0.168,0.198,1.403522,Up
GSE39645,PPAT,0.219684,0.168,0.198,1.403103,Up
GSE39645,EIF4E,-0.158483,0.168,0.198,-1.40299,Down
GSE39645,ULK4P1///CHRFAM7A///CHRNA7,-0.150165,0.168,0.198,-1.40292,Down
GSE39645,FBXL14,0.110357,0.168,0.199,1.40194,Up
GSE39645,EDARADD,-0.106693,0.168,0.199,-1.401491,Down
GSE39645,RAB13,0.205366,0.169,0.199,1.400834,Up
GSE39645,CLUH,0.177399,0.169,0.199,1.40074,Up
GSE39645,CEP131,-0.093326,0.169,0.199,-1.399991,Down
GSE39645,PDLIM2,-0.112003,0.169,0.2,-1.39928,Down
GSE39645,IL17RC,0.110693,0.17,0.2,1.397375,Up
GSE39645,C19orf24,-0.095149,0.17,0.2,-1.396758,Down
GSE39645,WDR92,0.122048,0.17,0.201,1.396258,Up
GSE39645,PCDHB7,0.353791,0.17,0.201,1.395819,Up
GSE39645,ATG101,-0.151746,0.171,0.202,-1.392728,Down
GSE39645,ITGB5,-0.24398,0.171,0.202,-1.391798,Down
GSE39645,CD24,0.910881,0.171,0.202,1.391561,Up
GSE39645,BCL7A,-0.13439,0.171,0.202,-1.391546,Down
GSE39645,MORN1,-0.113912,0.171,0.202,-1.391334,Down
GSE39645,LAMA3,0.310204,0.172,0.203,1.390428,Up
GSE39645,ZNF473,0.158973,0.172,0.203,1.389978,Up
GSE39645,AGAP2,-0.136524,0.172,0.203,-1.388193,Down
GSE39645,HSF2,0.105439,0.172,0.203,1.388142,Up
GSE39645,COL15A1,0.363974,0.173,0.204,1.387447,Up
GSE39645,GRPR,-0.149845,0.173,0.204,-1.387426,Down
GSE39645,ZCWPW2,0.122542,0.173,0.204,1.387375,Up
GSE39645,RNF4,0.101923,0.173,0.204,1.387184,Up
GSE39645,C1orf54,0.271578,0.173,0.204,1.386309,Up
GSE39645,DDTL///LOC391322///DDT,0.168745,0.173,0.204,1.385657,Up
GSE39645,HVCN1,-0.134995,0.173,0.204,-1.385369,Down
GSE39645,ULK1,-0.107599,0.173,0.205,-1.384426,Down
GSE39645,ACER2,-0.157407,0.174,0.205,-1.383562,Down
GSE39645,INCA1,-0.116166,0.174,0.205,-1.383147,Down
GSE39645,LSS,0.220987,0.174,0.205,1.382443,Up
GSE39645,PIWIL2,-0.318406,0.174,0.205,-1.382425,Down
GSE39645,CD93,-0.309174,0.174,0.205,-1.382384,Down
GSE39645,RAB23,-0.291461,0.174,0.206,-1.381155,Down
GSE39645,BRSK2,0.190612,0.175,0.206,1.380326,Up
GSE39645,GEMIN7,0.158859,0.175,0.206,1.380259,Up
GSE39645,F3,0.343599,0.175,0.207,1.378116,Up
GSE39645,SNRNP70,0.134021,0.175,0.207,1.377995,Up
GSE39645,EML1,0.209285,0.176,0.207,1.377847,Up
GSE39645,RFPL4A,-0.438019,0.176,0.207,-1.377544,Down
GSE39645,RBBP6,0.166074,0.176,0.207,1.377347,Up
GSE39645,SLC13A3,-0.28205,0.176,0.207,-1.377211,Down
GSE39645,CFAP69,0.118801,0.176,0.207,1.37721,Up
GSE39645,ZNF707,0.14941,0.176,0.207,1.376796,Up
GSE39645,PCGF3,0.227639,0.176,0.207,1.376026,Up
GSE39645,FZD6,-0.345029,0.176,0.208,-1.375487,Down
GSE39645,ABHD14B,0.114356,0.177,0.208,1.374473,Up
GSE39645,YBX3,-0.145629,0.177,0.208,-1.374411,Down
GSE39645,HIST1H1E,0.249457,0.177,0.208,1.374381,Up
GSE39645,MYH14,0.146097,0.177,0.208,1.374248,Up
GSE39645,CCT8,0.145595,0.177,0.208,1.374178,Up
GSE39645,ERV3-1,0.214305,0.177,0.208,1.373866,Up
GSE39645,NAA50,0.168533,0.177,0.208,1.373548,Up
GSE39645,ARF6,0.155552,0.177,0.208,1.373338,Up
GSE39645,NUP98,0.189644,0.177,0.208,1.372621,Up
GSE39645,SPRY1,-0.219418,0.177,0.209,-1.372046,Down
GSE39645,MPEG1,0.293975,0.177,0.209,1.371816,Up
GSE39645,CYCS,0.165019,0.177,0.209,1.371657,Up
GSE39645,RTN4RL2,-0.094968,0.178,0.209,-1.37046,Down
GSE39645,NECAB3,-0.095193,0.178,0.209,-1.370279,Down
GSE39645,MICB,0.127827,0.178,0.209,1.37018,Up
GSE39645,APBB2,0.197007,0.178,0.209,1.369538,Up
GSE39645,NAA38,0.134653,0.178,0.21,1.369322,Up
GSE39645,ZNF135,-0.1236,0.178,0.21,-1.369044,Down
GSE39645,ADAM15,-0.147679,0.178,0.21,-1.368897,Down
GSE39645,MELK,0.332374,0.178,0.21,1.368825,Up
GSE39645,GNL3,0.274427,0.178,0.21,1.368426,Up
GSE39645,C2orf70,-0.134016,0.178,0.21,-1.36839,Down
GSE39645,FANCD2,-0.215294,0.179,0.21,-1.367845,Down
GSE39645,TUFM,0.169156,0.179,0.21,1.367405,Up
GSE39645,CFHR1,-0.310969,0.179,0.211,-1.366275,Down
GSE39645,GPR173,0.158821,0.179,0.211,1.366012,Up
GSE39645,RUSC2,0.126426,0.179,0.211,1.365632,Up
GSE39645,STRAP,0.200903,0.179,0.211,1.36513,Up
GSE39645,MCM8,-0.186341,0.18,0.211,-1.364467,Down
GSE39645,TMEM160,-0.076909,0.18,0.211,-1.363988,Down
GSE39645,CKS2,0.545454,0.18,0.211,1.363973,Up
GSE39645,HIST3H2BB,0.148832,0.18,0.212,1.363153,Up
GSE39645,POTEA,-0.118488,0.18,0.212,-1.363116,Down
GSE39645,MND1,-0.312531,0.18,0.212,-1.362571,Down
GSE39645,NUDCD1,0.195916,0.18,0.212,1.362424,Up
GSE39645,GUCD1,0.132095,0.18,0.212,1.362119,Up
GSE39645,CRMP1,-0.221052,0.181,0.212,-1.361502,Down
GSE39645,IL2RA,0.423444,0.181,0.212,1.361291,Up
GSE39645,ZNF716,-0.225941,0.181,0.212,-1.361244,Down
GSE39645,FASTKD5///UBOX5,0.138044,0.181,0.212,1.361035,Up
GSE39645,LRFN1,-0.127658,0.181,0.212,-1.360806,Down
GSE39645,RPS3A,0.105114,0.181,0.212,1.360738,Up
GSE39645,NME8,0.145231,0.182,0.213,1.358097,Up
GSE39645,ZNF286B///ZNF286A,0.168862,0.182,0.213,1.357607,Up
GSE39645,RGPD2///RGPD6///RGPD8///RGPD3///RGPD1///RGPD4///RGPD5///RANBP2,0.104463,0.182,0.214,1.356175,Up
GSE39645,TRAP1,0.190355,0.183,0.214,1.355339,Up
GSE39645,CCDC88A,0.297753,0.183,0.215,1.35404,Up
GSE39645,CCDC61,-0.10681,0.183,0.215,-1.352975,Down
GSE39645,ARHGAP9,-0.193124,0.183,0.215,-1.352413,Down
GSE39645,TNK1///TNK1,0.168726,0.184,0.215,1.351874,Up
GSE39645,MSH6,0.195281,0.184,0.216,1.350528,Up
GSE39645,ZNF544,0.110979,0.184,0.216,1.350407,Up
GSE39645,PYGB,0.241598,0.184,0.216,1.350251,Up
GSE39645,GSX1,-0.091005,0.184,0.216,-1.350069,Down
GSE39645,HSPD1,0.247162,0.185,0.217,1.348869,Up
GSE39645,STAP1,-0.214933,0.185,0.217,-1.348862,Down
GSE39645,IGF1,-0.397594,0.185,0.218,-1.346047,Down
GSE39645,AZGP1,0.457432,0.186,0.218,1.345629,Up
GSE39645,SH3D21,-0.10001,0.186,0.218,-1.345245,Down
GSE39645,LOC100996747///RPS26P11///RPS26///PDPK1,0.139296,0.186,0.218,1.345113,Up
GSE39645,VSIG10,-0.107724,0.186,0.218,-1.344983,Down
GSE39645,ARMC7,0.112983,0.187,0.219,1.342585,Up
GSE39645,TMED6,-0.10805,0.187,0.219,-1.342253,Down
GSE39645,H3F3C,0.105737,0.187,0.219,1.342163,Up
GSE39645,FFAR4,0.198307,0.187,0.219,1.341124,Up
GSE39645,PTGER4,0.232544,0.187,0.219,1.341036,Up
GSE39645,IKBKG,-0.147641,0.187,0.219,-1.341007,Down
GSE39645,SPN,0.16989,0.187,0.219,1.34096,Up
GSE39645,KBTBD6,0.164124,0.187,0.219,1.340631,Up
GSE39645,KLHL22,-0.120326,0.187,0.219,-1.340436,Down
GSE39645,PLD1,-0.231959,0.188,0.22,-1.339678,Down
GSE39645,ZC3H12D,-0.127777,0.188,0.22,-1.339542,Down
GSE39645,POLE4,-0.155267,0.188,0.22,-1.338938,Down
GSE39645,SRGAP3///RAF1,0.145129,0.188,0.22,1.338583,Up
GSE39645,DCLK3,-0.608013,0.188,0.22,-1.338553,Down
GSE39645,PRRT3,-0.119276,0.188,0.22,-1.338064,Down
GSE39645,DNAJC5B,-0.292152,0.188,0.22,-1.337818,Down
GSE39645,UFD1L,0.182356,0.188,0.22,1.337533,Up
GSE39645,TMEM177,-0.117045,0.189,0.221,-1.33598,Down
GSE39645,CHCHD5,0.083276,0.189,0.222,1.333611,Up
GSE39645,PCBP2,0.14058,0.189,0.222,1.333538,Up
GSE39645,CASP10,0.170543,0.19,0.222,1.333269,Up
GSE39645,EPB41L5,0.217457,0.19,0.222,1.332928,Up
GSE39645,TBC1D30,-0.19915,0.19,0.222,-1.332559,Down
GSE39645,GLMN,0.15415,0.19,0.222,1.332468,Up
GSE39645,TP53INP2,0.14285,0.19,0.222,1.332253,Up
GSE39645,PBX1,-0.201114,0.19,0.222,-1.33201,Down
GSE39645,ADARB2,-0.130476,0.19,0.222,-1.331911,Down
GSE39645,ZBED8,0.192361,0.19,0.222,1.331842,Up
GSE39645,SMARCC1,0.180661,0.19,0.222,1.331806,Up
GSE39645,TEAD4,-0.121037,0.19,0.223,-1.330946,Down
GSE39645,C2,0.354955,0.19,0.223,1.330589,Up
GSE39645,CCDC71L,-0.16013,0.191,0.223,-1.330425,Down
GSE39645,PTBP1,0.204503,0.191,0.224,1.328625,Up
GSE39645,KCTD21-AS1,-0.154172,0.191,0.224,-1.328543,Down
GSE39645,SYBU,0.359961,0.191,0.224,1.327998,Up
GSE39645,TBC1D22B,0.112503,0.191,0.224,1.327994,Up
GSE39645,UHRF1,-0.258264,0.192,0.224,-1.327218,Down
GSE39645,GSTCD,0.114315,0.192,0.224,1.326897,Up
GSE39645,TES,-0.297882,0.192,0.225,-1.325862,Down
GSE39645,ZNF653,-0.101365,0.192,0.225,-1.325251,Down
GSE39645,C5orf63,0.237486,0.192,0.225,1.324449,Up
GSE39645,SKIDA1///SKIDA1///LOC219688,0.206583,0.192,0.225,1.324362,Up
GSE39645,CABLES2,-0.131963,0.193,0.225,-1.324213,Down
GSE39645,CEMP1,-0.116046,0.193,0.225,-1.323444,Down
GSE39645,MON1A,0.124587,0.193,0.225,1.323427,Up
GSE39645,ARHGAP10,-0.231433,0.193,0.226,-1.323204,Down
GSE39645,UPF3A,-0.090093,0.193,0.226,-1.32307,Down
GSE39645,CYR61,0.238368,0.193,0.226,1.322455,Up
GSE39645,SIGLEC7,0.18632,0.193,0.226,1.321736,Up
GSE39645,FMN1,0.24612,0.193,0.226,1.32166,Up
GSE39645,SMC4,0.328435,0.194,0.226,1.321294,Up
GSE39645,TFAP2C,0.258705,0.194,0.226,1.321034,Up
GSE39645,THEMIS,-0.227541,0.194,0.227,-1.320237,Down
GSE39645,IGFBP7,0.153467,0.194,0.227,1.319608,Up
GSE39645,RNF168,0.132858,0.194,0.227,1.319276,Up
GSE39645,C1QL1,-0.124826,0.195,0.227,-1.317938,Down
GSE39645,FANCI,0.213407,0.195,0.228,1.317599,Up
GSE39645,ING5///ING5,0.161184,0.195,0.228,1.31668,Up
GSE39645,MYO1B,-0.397143,0.195,0.228,-1.315438,Down
GSE39645,SLC12A2,-0.323381,0.196,0.228,-1.315108,Down
GSE39645,USP2,0.248919,0.196,0.229,1.314389,Up
GSE39645,SNRPE,0.128447,0.196,0.229,1.313587,Up
GSE39645,SOD3,-0.138317,0.196,0.229,-1.313585,Down
GSE39645,C7orf77,-0.191953,0.196,0.229,-1.312537,Down
GSE39645,GOLGA3,0.097682,0.196,0.229,1.312436,Up
GSE39645,CABP7,0.147538,0.197,0.23,1.310086,Up
GSE39645,LRRC59,-0.14741,0.197,0.23,-1.30957,Down
GSE39645,ATG16L1,0.121258,0.198,0.231,1.309051,Up
GSE39645,HIST1H2BM,0.453883,0.198,0.231,1.308106,Up
GSE39645,PPP1R3B,-0.251608,0.198,0.231,-1.307763,Down
GSE39645,ELOVL6,0.286664,0.198,0.232,1.306802,Up
GSE39645,IGF2R,-0.168092,0.199,0.232,-1.306201,Down
GSE39645,TMEM133,0.283523,0.199,0.232,1.305676,Up
GSE39645,NFASC,-0.325196,0.199,0.232,-1.305668,Down
GSE39645,SQLE,-0.307182,0.199,0.232,-1.304806,Down
GSE39645,FAM111B,-0.265731,0.2,0.233,-1.30274,Down
GSE39645,B9D2,-0.116748,0.2,0.233,-1.302028,Down
GSE39645,EMP3,0.22361,0.2,0.233,1.301934,Up
GSE39645,MAML1///LTC4S,-0.111981,0.2,0.233,-1.301815,Down
GSE39645,GRAMD2,-0.153236,0.2,0.234,-1.301236,Down
GSE39645,PAQR3,0.132245,0.2,0.234,1.300898,Up
GSE39645,NTF3,-0.147798,0.201,0.234,-1.29933,Down
GSE39645,TBL3,0.139801,0.201,0.235,1.298266,Up
GSE39645,C2CD2,0.218312,0.201,0.235,1.298112,Up
GSE39645,G2E3,0.229844,0.202,0.235,1.297459,Up
GSE39645,STAG3L5P-PVRIG2P-PILRB///STAG3L2///STAG3L3///STAG3L1///STAG3,0.114151,0.202,0.235,1.296842,Up
GSE39645,ZNF263,-0.121934,0.202,0.235,-1.296722,Down
GSE39645,OTUB2,-0.103714,0.202,0.235,-1.296642,Down
GSE39645,BHLHE23,-0.10934,0.202,0.236,-1.295331,Down
GSE39645,C17orf51,-0.170256,0.202,0.236,-1.294877,Down
GSE39645,ZNF491,0.135112,0.202,0.236,1.294817,Up
GSE39645,FUS,0.124561,0.202,0.236,1.294815,Up
GSE39645,ACTR3B,-0.166757,0.203,0.236,-1.29407,Down
GSE39645,HSPA1B///HSPA1A,0.455663,0.203,0.236,1.293516,Up
GSE39645,STAC,-0.259321,0.203,0.236,-1.293306,Down
GSE39645,C9orf3,0.121707,0.203,0.237,1.293204,Up
GSE39645,MTHFD2L,0.125704,0.203,0.237,1.293063,Up
GSE39645,PLIN2,0.368139,0.203,0.237,1.29232,Up
GSE39645,PQBP1,0.123165,0.203,0.237,1.292203,Up
GSE39645,LRRC25,0.156479,0.203,0.237,1.291992,Up
GSE39645,ZNF512B,0.132548,0.203,0.237,1.291695,Up
GSE39645,HHAT,0.133845,0.204,0.237,1.291377,Up
GSE39645,TMEM163,0.340183,0.204,0.237,1.291288,Up
GSE39645,YARS,0.181298,0.204,0.237,1.290646,Up
GSE39645,ANKRD39,0.090539,0.205,0.238,1.288532,Up
GSE39645,MRPL4,0.114827,0.205,0.239,1.287552,Up
GSE39645,SRXN1,0.181027,0.206,0.24,1.284921,Up
GSE39645,SBNO2,-0.203209,0.206,0.24,-1.284746,Down
GSE39645,SF1,0.115772,0.206,0.24,1.284218,Up
GSE39645,NAPB,0.134122,0.206,0.24,1.284127,Up
GSE39645,UBE2N,0.124086,0.206,0.24,1.283901,Up
GSE39645,RBKS,0.114972,0.206,0.24,1.283876,Up
GSE39645,SLX1B-SULT1A4///SLX1A-SULT1A3///SLX1A///SULT1A4///SLX1B///SULT1A3///SULT1A1///SULT1A2,0.125201,0.207,0.241,1.282552,Up
GSE39645,GYS1,0.169099,0.207,0.241,1.282547,Up
GSE39645,ICK,0.16451,0.207,0.241,1.281574,Up
GSE39645,LIN37,0.101373,0.207,0.241,1.28157,Up
GSE39645,UPK3BL///POLR2J3///POLR2J2///POLR2J4///POLR2J,0.142258,0.207,0.241,1.281471,Up
GSE39645,C6orf47,-0.086391,0.208,0.242,-1.279634,Down
GSE39645,RGS5,0.47437,0.208,0.242,1.279076,Up
GSE39645,WRAP73,0.11641,0.208,0.242,1.27873,Up
GSE39645,CHRNE,-0.16364,0.208,0.242,-1.278596,Down
GSE39645,STRBP,0.265727,0.208,0.242,1.277776,Up
GSE39645,KLHL18,0.123078,0.208,0.242,1.277516,Up
GSE39645,PDCD5,0.13566,0.208,0.242,1.277489,Up
GSE39645,INO80B-WBP1///INO80B,0.102909,0.209,0.243,1.277064,Up
GSE39645,TYMP,0.142236,0.209,0.243,1.276985,Up
GSE39645,IFNA10,-0.09585,0.209,0.243,-1.275462,Down
GSE39645,SPEF2,0.133996,0.209,0.244,1.274634,Up
GSE39645,NXPE2,-0.124932,0.209,0.244,-1.274584,Down
GSE39645,PUS1,-0.108189,0.209,0.244,-1.2745,Down
GSE39645,APBA1,0.111107,0.209,0.244,1.274415,Up
GSE39645,PRY2///PRY,-0.187774,0.21,0.244,-1.274129,Down
GSE39645,ZNF100,0.140185,0.21,0.244,1.27383,Up
GSE39645,TFRC,-0.328411,0.21,0.244,-1.273504,Down
GSE39645,MRPS12,0.163458,0.21,0.244,1.273347,Up
GSE39645,PARD6A,0.129093,0.21,0.244,1.273182,Up
GSE39645,BLOC1S3,-0.091054,0.21,0.244,-1.273167,Down
GSE39645,PTCRA///SMARCD2,0.149907,0.21,0.244,1.272979,Up
GSE39645,ATN1,0.128875,0.21,0.244,1.272043,Up
GSE39645,ITIH4,0.115551,0.21,0.244,1.271837,Up
GSE39645,SERP1,0.129834,0.21,0.245,1.271637,Up
GSE39645,ASXL3,-0.116236,0.211,0.245,-1.271444,Down
GSE39645,PLEKHG7,-0.258147,0.211,0.245,-1.271256,Down
GSE39645,SEC16A,0.157411,0.212,0.246,1.267651,Up
GSE39645,VARS2,0.102917,0.212,0.246,1.267219,Up
GSE39645,LRFN4,-0.129591,0.212,0.247,-1.266417,Down
GSE39645,LIPC,0.324369,0.212,0.247,1.266407,Up
GSE39645,LZTS1,0.149691,0.212,0.247,1.266168,Up
GSE39645,SPINT1,0.199677,0.213,0.247,1.265844,Up
GSE39645,TRIM11,-0.106395,0.213,0.247,-1.265697,Down
GSE39645,FZR1,0.103316,0.213,0.247,1.265655,Up
GSE39645,GNAZ,-0.216491,0.213,0.247,-1.265494,Down
GSE39645,NR2F6,-0.080527,0.213,0.247,-1.26526,Down
GSE39645,MAPK8IP3,0.119858,0.213,0.247,1.265178,Up
GSE39645,LRR1,0.184212,0.213,0.247,1.26511,Up
GSE39645,SHC2,-0.12346,0.213,0.247,-1.264357,Down
GSE39645,C22orf39,-0.105515,0.213,0.247,-1.26427,Down
GSE39645,TLCD2,0.099848,0.213,0.247,1.26377,Up
GSE39645,RGMB,0.207955,0.213,0.248,1.263262,Up
GSE39645,MAPT,-0.23276,0.213,0.248,-1.263145,Down
GSE39645,LMNB2,-0.114866,0.214,0.248,-1.262911,Down
GSE39645,EIF3I,0.154681,0.214,0.248,1.262745,Up
GSE39645,RPS3,0.075243,0.214,0.248,1.262017,Up
GSE39645,SMOC2,-0.432259,0.214,0.248,-1.261674,Down
GSE39645,STAG3L5P-PVRIG2P-PILRB///STAG3L2///STAG3L3///STAG3L1,0.114679,0.214,0.248,1.261273,Up
GSE39645,SERTAD1,-0.252937,0.215,0.249,-1.259982,Down
GSE39645,SGK494///SPAG5,-0.114066,0.215,0.249,-1.259663,Down
GSE39645,FILIP1L,-0.262316,0.215,0.249,-1.25889,Down
GSE39645,HIST2H2AB///HIST2H2AB,-0.133629,0.215,0.249,-1.258635,Down
GSE39645,MLNR,0.120786,0.216,0.25,1.256554,Up
GSE39645,OTOGL,0.11891,0.216,0.251,1.255666,Up
GSE39645,UHRF2,0.199265,0.216,0.251,1.255231,Up
GSE39645,PPARGC1A,-0.317344,0.216,0.251,-1.255038,Down
GSE39645,NFKBID,-0.223199,0.217,0.251,-1.254226,Down
GSE39645,IDH1,0.238787,0.217,0.252,1.252154,Up
GSE39645,SCG5,0.350609,0.217,0.252,1.252142,Up
GSE39645,EID2B,0.122127,0.217,0.252,1.251921,Up
GSE39645,TRIM9,0.208779,0.218,0.252,1.251834,Up
GSE39645,TMEM74,-0.220613,0.218,0.252,-1.251603,Down
GSE39645,RPS25,0.090786,0.218,0.253,1.250643,Up
GSE39645,C21orf91,-0.189963,0.218,0.253,-1.250611,Down
GSE39645,AVEN,0.132989,0.219,0.254,1.247181,Up
GSE39645,KPNA2,0.291233,0.22,0.254,1.246279,Up
GSE39645,COX7A2L,0.099746,0.22,0.254,1.246262,Up
GSE39645,TTLL12,0.154476,0.22,0.254,1.2462,Up
GSE39645,ARMCX5-GPRASP2///ARMCX5,0.096979,0.22,0.255,1.245676,Up
GSE39645,PTPN9,0.164518,0.22,0.255,1.244963,Up
GSE39645,RPL23,0.0707,0.22,0.255,1.244492,Up
GSE39645,RTL1,-0.156535,0.22,0.255,-1.244131,Down
GSE39645,MAN1A1,-0.188084,0.221,0.256,-1.242129,Down
GSE39645,DUS3L,0.136733,0.221,0.256,1.241886,Up
GSE39645,TCTEX1D4,0.240001,0.222,0.257,1.240583,Up
GSE39645,SSBP3,0.143774,0.222,0.257,1.239903,Up
GSE39645,EVC2,-0.11937,0.222,0.257,-1.239381,Down
GSE39645,AKT1S1,-0.104443,0.222,0.257,-1.239243,Down
GSE39645,PPP5C,0.125679,0.222,0.257,1.238549,Up
GSE39645,GNL1,0.109362,0.222,0.257,1.238534,Up
GSE39645,MYO1G,-0.182426,0.222,0.257,-1.238235,Down
GSE39645,MAP6D1,-0.10159,0.222,0.258,-1.238132,Down
GSE39645,WDR34,0.100797,0.223,0.258,1.237339,Up
GSE39645,RPL3,0.07758,0.223,0.258,1.236027,Up
GSE39645,FNDC1,-0.367863,0.223,0.259,-1.235439,Down
GSE39645,POLD2,0.172905,0.224,0.259,1.23524,Up
GSE39645,LINS1,0.091078,0.224,0.259,1.235187,Up
GSE39645,FTSJ1,0.125645,0.224,0.259,1.234963,Up
GSE39645,MMS22L,0.154891,0.224,0.259,1.234892,Up
GSE39645,LIN7A,0.254419,0.224,0.259,1.234361,Up
GSE39645,LDLRAD3,0.153262,0.224,0.259,1.233663,Up
GSE39645,CENPB,-0.0859,0.224,0.26,-1.232827,Down
GSE39645,SEC24D,-0.206375,0.225,0.26,-1.232114,Down
GSE39645,SH2B1,0.127905,0.225,0.26,1.231927,Up
GSE39645,CACNG4,-0.158405,0.225,0.26,-1.231528,Down
GSE39645,CEMIP,-0.343728,0.225,0.26,-1.231246,Down
GSE39645,BCL2L2-PABPN1///PABPN1,0.101026,0.225,0.261,1.23001,Up
GSE39645,SLC18B1,0.284345,0.226,0.261,1.229946,Up
GSE39645,RPS21,0.074753,0.226,0.261,1.229864,Up
GSE39645,FAM24B-CUZD1///FAM24B,0.149889,0.226,0.261,1.229521,Up
GSE39645,FAM65A,0.131402,0.226,0.261,1.22927,Up
GSE39645,KIF20B,0.253739,0.226,0.261,1.228718,Up
GSE39645,DUSP28,-0.108461,0.226,0.261,-1.228424,Down
GSE39645,TMEM99,0.221027,0.226,0.261,1.228287,Up
GSE39645,LRRC46,-0.093675,0.227,0.262,-1.226819,Down
GSE39645,ENPP2,0.367546,0.227,0.262,1.22648,Up
GSE39645,PKP4,0.293791,0.227,0.262,1.22603,Up
GSE39645,C1orf122,0.14948,0.227,0.262,1.22569,Up
GSE39645,NOD2,-0.140865,0.227,0.262,-1.225572,Down
GSE39645,BTG3,0.252486,0.227,0.263,1.225159,Up
GSE39645,SHC1,-0.158864,0.227,0.263,-1.224631,Down
GSE39645,CCDC134,-0.104283,0.228,0.263,-1.223588,Down
GSE39645,MCM7,0.226458,0.228,0.263,1.223576,Up
GSE39645,ENDOG,0.081322,0.228,0.263,1.223454,Up
GSE39645,BCAT2,0.17476,0.228,0.263,1.223419,Up
GSE39645,FAM83G,-0.179474,0.228,0.263,-1.223301,Down
GSE39645,FAM167B,-0.117246,0.228,0.263,-1.223034,Down
GSE39645,FGF1,0.395542,0.228,0.264,1.222427,Up
GSE39645,PRDX2,-0.080695,0.228,0.264,-1.221998,Down
GSE39645,ANKMY1,0.10768,0.229,0.264,1.221345,Up
GSE39645,TOB2,0.150612,0.229,0.265,1.220107,Up
GSE39645,CCDC86,-0.131625,0.229,0.265,-1.219961,Down
GSE39645,KIF19,-0.287171,0.229,0.265,-1.219955,Down
GSE39645,CAMK2N1,-0.251218,0.23,0.265,-1.219072,Down
GSE39645,MRPL11,-0.097337,0.23,0.265,-1.219066,Down
GSE39645,MTHFD2,-0.157668,0.23,0.265,-1.219041,Down
GSE39645,FBXO31,0.143477,0.23,0.265,1.218958,Up
GSE39645,MRC1,-0.487859,0.23,0.265,-1.217799,Down
GSE39645,L3MBTL3,-0.125659,0.23,0.266,-1.217674,Down
GSE39645,FAM60A,0.239383,0.23,0.266,1.217421,Up
GSE39645,RRM2,-0.318569,0.23,0.266,-1.216714,Down
GSE39645,GJB2,0.340676,0.231,0.266,1.216439,Up
GSE39645,BTC,-0.148581,0.231,0.266,-1.216259,Down
GSE39645,RPA1,0.119072,0.231,0.266,1.216043,Up
GSE39645,LCMT2,0.133139,0.231,0.266,1.215933,Up
GSE39645,CALB2,0.520628,0.231,0.266,1.215706,Up
GSE39645,NAV2,0.269731,0.231,0.266,1.215625,Up
GSE39645,DEFB124,-0.291955,0.231,0.266,-1.215562,Down
GSE39645,HELZ2,0.140516,0.231,0.266,1.215549,Up
GSE39645,MAP10,0.111917,0.231,0.266,1.215366,Up
GSE39645,DUSP18,0.180334,0.231,0.266,1.215276,Up
GSE39645,TEKT2,-0.114452,0.231,0.267,-1.214189,Down
GSE39645,POU3F1,-0.104736,0.231,0.267,-1.214082,Down
GSE39645,ZIM2///PEG3,-0.119824,0.232,0.267,-1.213803,Down
GSE39645,PRICKLE3,-0.085091,0.232,0.267,-1.213208,Down
GSE39645,TXK,-0.130589,0.232,0.267,-1.212889,Down
GSE39645,FNDC4,-0.147163,0.232,0.267,-1.212871,Down
GSE39645,PTPN2,0.185499,0.232,0.267,1.212726,Up
GSE39645,BANK1,-0.134582,0.232,0.267,-1.212397,Down
GSE39645,RPL7A,0.077596,0.233,0.269,1.209651,Up
GSE39645,RBM33,0.092716,0.233,0.269,1.209623,Up
GSE39645,NA,0.124009,0.233,0.269,1.208999,Up
GSE39645,LRRC19,-0.067308,0.233,0.269,-1.208895,Down
GSE39645,CFHR2,-0.104231,0.233,0.269,-1.208752,Down
GSE39645,LOC102724428///SIK1,-0.291329,0.234,0.269,-1.207921,Down
GSE39645,MROH7-TTC4///TTC4,0.103711,0.234,0.269,1.207902,Up
GSE39645,NA,-0.153061,0.234,0.269,-1.207608,Down
GSE39645,B4GALT6,0.218436,0.234,0.27,1.207338,Up
GSE39645,GLCE,0.185095,0.234,0.27,1.206827,Up
GSE39645,ALOX12,-0.107771,0.234,0.27,-1.20678,Down
GSE39645,STXBP5,0.207026,0.234,0.27,1.206112,Up
GSE39645,RABL2A///RABL2B,0.073281,0.235,0.27,1.205907,Up
GSE39645,MRPL14,0.112538,0.235,0.27,1.205068,Up
GSE39645,DDX10,0.160089,0.235,0.271,1.204643,Up
GSE39645,TBC1D1,0.206762,0.235,0.271,1.204264,Up
GSE39645,FAM26D,-0.124463,0.235,0.271,-1.203918,Down
GSE39645,EBF4,-0.106161,0.236,0.271,-1.203257,Down
GSE39645,UBASH3B,0.240097,0.236,0.271,1.202935,Up
GSE39645,SMARCB1,0.17771,0.236,0.271,1.202714,Up
GSE39645,SATB2,0.181981,0.236,0.271,1.202517,Up
GSE39645,SYNE1,-0.196235,0.236,0.271,-1.202501,Down
GSE39645,METTL21A,0.151418,0.236,0.271,1.202311,Up
GSE39645,RALGPS1,-0.082757,0.236,0.272,-1.202196,Down
GSE39645,SLC24A4,-0.235328,0.236,0.272,-1.202102,Down
GSE39645,CAND2,-0.080962,0.236,0.272,-1.201846,Down
GSE39645,TSGA10///TSGA10,0.099041,0.236,0.272,1.201373,Up
GSE39645,FAM189B,0.088284,0.237,0.272,1.200789,Up
GSE39645,UGT2B17,-0.102759,0.237,0.272,-1.200508,Down
GSE39645,CCNA2,-0.290604,0.237,0.272,-1.200247,Down
GSE39645,HCK,0.203858,0.237,0.272,1.200009,Up
GSE39645,PPARGC1B,-0.116962,0.237,0.273,-1.199373,Down
GSE39645,SLC7A4,-0.149743,0.237,0.273,-1.198862,Down
GSE39645,KCNE2,-0.133059,0.238,0.273,-1.197904,Down
GSE39645,AMMECR1,-0.109912,0.238,0.274,-1.19706,Down
GSE39645,PEX5,0.139704,0.238,0.274,1.196992,Up
GSE39645,INO80E,-0.077042,0.238,0.274,-1.196988,Down
GSE39645,ZNF772,0.161601,0.238,0.274,1.196351,Up
GSE39645,OCIAD2,0.336465,0.239,0.275,1.19322,Up
GSE39645,TPX2,-0.3365,0.24,0.275,-1.192725,Down
GSE39645,RNF112,-0.142858,0.24,0.275,-1.192521,Down
GSE39645,SLC47A1,-0.20843,0.24,0.276,-1.191183,Down
GSE39645,ATF4,-0.085621,0.24,0.276,-1.190669,Down
GSE39645,B3GALT6,0.0957,0.241,0.276,1.190238,Up
GSE39645,FKRP,-0.101009,0.241,0.276,-1.190131,Down
GSE39645,PER2,-0.210857,0.241,0.277,-1.18995,Down
GSE39645,TIAM1,-0.205482,0.241,0.277,-1.189853,Down
GSE39645,CTU2,-0.095496,0.241,0.277,-1.18923,Down
GSE39645,RNF149,0.168915,0.241,0.277,1.188881,Up
GSE39645,CENPL,0.115055,0.241,0.277,1.188745,Up
GSE39645,ABCB9,-0.107209,0.241,0.277,-1.188566,Down
GSE39645,POMK,0.109626,0.241,0.277,1.188165,Up
GSE39645,CCNL2,0.128499,0.242,0.278,1.187315,Up
GSE39645,ANKRD46,0.139972,0.242,0.278,1.186334,Up
GSE39645,ZNF205,-0.092962,0.243,0.279,-1.184832,Down
GSE39645,EPHX2,-0.159673,0.243,0.279,-1.184724,Down
GSE39645,RPL37A,0.069901,0.243,0.279,1.184489,Up
GSE39645,ITPKC,-0.273128,0.243,0.279,-1.184204,Down
GSE39645,TCIRG1,0.099745,0.244,0.28,1.182397,Up
GSE39645,LRFN5,0.18178,0.244,0.28,1.182249,Up
GSE39645,TSPAN8,-0.565607,0.244,0.28,-1.182072,Down
GSE39645,SIGIRR,-0.096985,0.244,0.28,-1.181534,Down
GSE39645,LMOD1,0.230751,0.244,0.28,1.181088,Up
GSE39645,HIST1H2AG,0.184319,0.245,0.281,1.180246,Up
GSE39645,RMI1,0.170673,0.245,0.281,1.179181,Up
GSE39645,NALCN,0.339549,0.245,0.281,1.178978,Up
GSE39645,C9orf50,-0.116315,0.245,0.281,-1.178746,Down
GSE39645,TFB2M,0.174049,0.245,0.281,1.178295,Up
GSE39645,ANLN,-0.500404,0.246,0.282,-1.17766,Down
GSE39645,TPH1,0.244101,0.246,0.282,1.176615,Up
GSE39645,NUP50,-0.099523,0.246,0.282,-1.176539,Down
GSE39645,IGFLR1,0.144195,0.246,0.282,1.176496,Up
GSE39645,KCNK17,-0.147975,0.246,0.282,-1.176231,Down
GSE39645,RRBP1,-0.155898,0.246,0.282,-1.176139,Down
GSE39645,UVSSA,0.129984,0.246,0.283,1.175474,Up
GSE39645,HBA2///HBA1,-0.428005,0.247,0.283,-1.174264,Down
GSE39645,HBA2///HBA1,-0.428005,0.247,0.283,-1.174264,Down
GSE39645,SIVA1,0.088215,0.247,0.283,1.174054,Up
GSE39645,MAP2K4,0.17075,0.247,0.283,1.17378,Up
GSE39645,NOL6,0.121538,0.247,0.283,1.173544,Up
GSE39645,RPLP2,0.060205,0.247,0.283,1.173375,Up
GSE39645,PRPF4,0.145373,0.247,0.284,1.172971,Up
GSE39645,ATP11A,0.18203,0.248,0.284,1.172636,Up
GSE39645,ARF4,0.182204,0.248,0.284,1.172504,Up
GSE39645,ALKBH5,0.118095,0.248,0.284,1.171389,Up
GSE39645,CHORDC1,0.238748,0.249,0.285,1.16998,Up
GSE39645,TXNRD3NB///TXNRD3,0.105003,0.249,0.285,1.169975,Up
GSE39645,IRF2BPL,0.103685,0.249,0.285,1.168937,Up
GSE39645,HIST1H2AJ,-0.153763,0.249,0.285,-1.168566,Down
GSE39645,ZNF335,-0.087811,0.249,0.285,-1.168553,Down
GSE39645,CANT1,0.135266,0.251,0.287,1.164725,Up
GSE39645,GFPT1,0.174388,0.251,0.287,1.16446,Up
GSE39645,PDK3,0.171635,0.251,0.287,1.164164,Up
GSE39645,TKT,0.165671,0.251,0.288,1.163461,Up
GSE39645,NFIA,0.21441,0.251,0.288,1.16319,Up
GSE39645,LILRA1,0.12841,0.251,0.288,1.162929,Up
GSE39645,CCNE1,-0.119518,0.251,0.288,-1.162791,Down
GSE39645,MAGIX,-0.108209,0.252,0.288,-1.162403,Down
GSE39645,ECSIT,-0.07396,0.252,0.288,-1.162314,Down
GSE39645,CACNA1A,-0.185327,0.252,0.288,-1.162245,Down
GSE39645,ZNF212,-0.100571,0.252,0.288,-1.162198,Down
GSE39645,HMOX1,0.305194,0.252,0.288,1.16202,Up
GSE39645,TET1,0.195929,0.252,0.288,1.162012,Up
GSE39645,CLCF1,-0.217171,0.252,0.289,-1.161093,Down
GSE39645,CLEC12A,0.262163,0.253,0.289,1.16001,Up
GSE39645,ITM2A,-0.375704,0.253,0.289,-1.159623,Down
GSE39645,ARHGEF2,-0.144733,0.253,0.29,-1.158662,Down
GSE39645,RPUSD4,0.090091,0.253,0.29,1.157796,Up
GSE39645,HIST1H3I///HIST1H3E,0.210557,0.254,0.29,1.156971,Up
GSE39645,NKAIN2,-0.31226,0.254,0.29,-1.156927,Down
GSE39645,ESPN,-0.08794,0.254,0.29,-1.156625,Down
GSE39645,APOL2,0.15502,0.254,0.291,1.155726,Up
GSE39645,GNPNAT1,-0.196036,0.254,0.291,-1.15565,Down
GSE39645,PCP4L1,-0.206664,0.255,0.291,-1.154579,Down
GSE39645,PURB,0.107803,0.255,0.291,1.154533,Up
GSE39645,GLB1L2,0.145766,0.255,0.292,1.15411,Up
GSE39645,TMEM98,0.189101,0.255,0.292,1.153968,Up
GSE39645,APOC4-APOC2///APOC4,-0.114637,0.255,0.292,-1.152895,Down
GSE39645,FAM98B,-0.079656,0.256,0.292,-1.152123,Down
GSE39645,RPL38,0.04945,0.257,0.293,1.150158,Up
GSE39645,DYNLL2,0.097467,0.257,0.293,1.149981,Up
GSE39645,COMP,-0.118931,0.257,0.294,-1.148664,Down
GSE39645,MUS81,-0.085693,0.257,0.294,-1.14858,Down
GSE39645,EYA2,0.145533,0.257,0.294,1.148493,Up
GSE39645,AKNA,-0.117247,0.257,0.294,-1.148294,Down
GSE39645,SURF4,0.183373,0.258,0.294,1.147538,Up
GSE39645,AHDC1,0.112818,0.258,0.294,1.147412,Up
GSE39645,ABCC3,0.179039,0.258,0.294,1.147372,Up
GSE39645,LY6G5B,-0.153277,0.258,0.295,-1.146073,Down
GSE39645,FOXJ2,0.069693,0.258,0.295,1.145982,Up
GSE39645,CRISPLD1,0.25499,0.258,0.295,1.145651,Up
GSE39645,LSAMP,-0.362335,0.259,0.296,-1.143907,Down
GSE39645,HSPH1,0.323614,0.259,0.296,1.143886,Up
GSE39645,GATSL3,0.240425,0.259,0.296,1.143854,Up
GSE39645,RPL21P28///RPL21P19///RPL21P44///RPL21,0.082404,0.26,0.297,1.142652,Up
GSE39645,ESRRG,-0.128488,0.26,0.297,-1.142227,Down
GSE39645,BRD4,0.094904,0.26,0.297,1.142127,Up
GSE39645,SPG7,0.086741,0.26,0.297,1.141898,Up
GSE39645,CDC34,0.170424,0.26,0.297,1.141008,Up
GSE39645,KLHDC9,-0.136781,0.26,0.297,-1.14052,Down
GSE39645,ACOX3,0.112266,0.261,0.298,1.139715,Up
GSE39645,DAPK3,0.162486,0.261,0.298,1.139294,Up
GSE39645,LOC440311///GLTSCR2,0.111431,0.261,0.298,1.138532,Up
GSE39645,ZSWIM4,-0.119457,0.261,0.298,-1.138118,Down
GSE39645,NME5,0.297809,0.262,0.299,1.137792,Up
GSE39645,FAM174B,0.110937,0.262,0.299,1.137727,Up
GSE39645,FST,-0.251265,0.262,0.299,-1.136182,Down
GSE39645,NUDT1,-0.092106,0.262,0.299,-1.136117,Down
GSE39645,DESI2,-0.138742,0.263,0.3,-1.135343,Down
GSE39645,EFHC2,0.179589,0.263,0.3,1.134307,Up
GSE39645,PCNX3,0.103302,0.263,0.3,1.134189,Up
GSE39645,CD28,-0.226826,0.263,0.3,-1.133559,Down
GSE39645,GCH1,-0.170025,0.263,0.301,-1.133421,Down
GSE39645,ZNF674,-0.132812,0.264,0.301,-1.133179,Down
GSE39645,C15orf41,0.110311,0.264,0.301,1.132929,Up
GSE39645,ACSL5,-0.140982,0.264,0.301,-1.131883,Down
GSE39645,PTP4A2,-0.067676,0.265,0.302,-1.130791,Down
GSE39645,KDM4D,-0.093277,0.265,0.302,-1.13042,Down
GSE39645,LOXL2,0.291013,0.265,0.302,1.130061,Up
GSE39645,LPIN3,-0.0984,0.266,0.303,-1.128312,Down
GSE39645,LMBR1L,0.07498,0.266,0.303,1.128197,Up
GSE39645,WDR89,0.135478,0.266,0.303,1.127967,Up
GSE39645,SYTL2,-0.159369,0.266,0.303,-1.12791,Down
GSE39645,HIST1H4E,0.140665,0.266,0.303,1.12776,Up
GSE39645,STK17B,-0.271326,0.266,0.303,-1.127696,Down
GSE39645,SPRYD4,-0.095916,0.266,0.303,-1.12669,Down
GSE39645,DUT,0.115471,0.266,0.304,1.126235,Up
GSE39645,MRO,0.229406,0.267,0.304,1.124648,Up
GSE39645,RPL36,-0.091899,0.268,0.305,-1.122886,Down
GSE39645,REV3L,-0.135677,0.268,0.305,-1.122696,Down
GSE39645,CYTH4,0.240658,0.268,0.305,1.122361,Up
GSE39645,TAF10,0.110198,0.268,0.306,1.122138,Up
GSE39645,ANXA2R,0.146127,0.268,0.306,1.122103,Up
GSE39645,STUM,-0.129887,0.268,0.306,-1.122046,Down
GSE39645,ACBD3,0.108736,0.268,0.306,1.121981,Up
GSE39645,ACPP,0.151589,0.268,0.306,1.121897,Up
GSE39645,DCAF4,0.091555,0.268,0.306,1.121615,Up
GSE39645,KLHL13,0.199332,0.268,0.306,1.121576,Up
GSE39645,FAM222A,-0.093386,0.269,0.306,-1.120967,Down
GSE39645,FBXO5,-0.17808,0.269,0.306,-1.120749,Down
GSE39645,KCNAB1,0.171052,0.27,0.307,1.118188,Up
GSE39645,NUDT7,-0.074167,0.271,0.308,-1.116181,Down
GSE39645,DUSP23,-0.080193,0.271,0.308,-1.116129,Down
GSE39645,CBX4,0.107953,0.271,0.308,1.115988,Up
GSE39645,WDR27,0.108747,0.271,0.309,1.115047,Up
GSE39645,NR4A3,-0.342873,0.271,0.309,-1.114953,Down
GSE39645,ZBED4,0.170622,0.271,0.309,1.114803,Up
GSE39645,KLKB1,0.132668,0.271,0.309,1.114555,Up
GSE39645,FCN3,-0.159764,0.271,0.309,-1.114465,Down
GSE39645,ARHGEF25,-0.140691,0.271,0.309,-1.114408,Down
GSE39645,CFAP70,-0.093598,0.272,0.309,-1.113512,Down
GSE39645,TRADD,-0.085739,0.272,0.309,-1.113291,Down
GSE39645,ZFP69B,-0.140013,0.272,0.31,-1.111966,Down
GSE39645,STAMBPL1,0.242556,0.273,0.31,1.111467,Up
GSE39645,TRIM36,0.156705,0.273,0.311,1.110107,Up
GSE39645,ARID5A,-0.247345,0.273,0.311,-1.109934,Down
GSE39645,GEN1,0.243896,0.273,0.311,1.109671,Up
GSE39645,TCF20,0.096503,0.274,0.311,1.109263,Up
GSE39645,CTU1,-0.11474,0.275,0.313,-1.10637,Down
GSE39645,STOML1,0.087283,0.275,0.313,1.106191,Up
GSE39645,MPZL2,-0.209959,0.275,0.313,-1.105092,Down
GSE39645,SRSF9,0.11172,0.276,0.313,1.104713,Up
GSE39645,LLGL1,-0.139454,0.276,0.314,-1.104039,Down
GSE39645,MLST8,-0.066833,0.276,0.314,-1.103826,Down
GSE39645,PFDN2,-0.096903,0.276,0.314,-1.103463,Down
GSE39645,STX3,0.111527,0.276,0.314,1.102853,Up
GSE39645,STEAP3,-0.185779,0.276,0.314,-1.102538,Down
GSE39645,WHSC1,-0.108754,0.277,0.315,-1.101718,Down
GSE39645,PRSS35,0.316021,0.277,0.315,1.101354,Up
GSE39645,CTDNEP1,0.071815,0.278,0.316,1.099459,Up
GSE39645,CERK,-0.163711,0.278,0.316,-1.099035,Down
GSE39645,MGMT,0.118939,0.278,0.316,1.099007,Up
GSE39645,VEGFA,0.33006,0.278,0.316,1.098039,Up
GSE39645,AMOT,0.19543,0.279,0.317,1.097246,Up
GSE39645,SOCS5,0.130877,0.279,0.317,1.096759,Up
GSE39645,CES3,-0.133309,0.279,0.317,-1.096737,Down
GSE39645,IGSF8,-0.122256,0.279,0.317,-1.09673,Down
GSE39645,GPR17,0.206001,0.279,0.317,1.096618,Up
GSE39645,GK3P///GK,-0.253306,0.28,0.318,-1.095096,Down
GSE39645,ZDHHC14,-0.135167,0.28,0.318,-1.095079,Down
GSE39645,USP26,-0.056354,0.28,0.318,-1.095025,Down
GSE39645,RPA3,0.085006,0.28,0.318,1.094432,Up
GSE39645,RGS19,-0.100235,0.28,0.318,-1.09339,Down
GSE39645,ALS2CR11,-0.124871,0.28,0.318,-1.093375,Down
GSE39645,PHRF1///PHRF1,0.097716,0.281,0.319,1.091998,Up
GSE39645,HIF1A,0.299254,0.281,0.319,1.091934,Up
GSE39645,ENOX1,0.154172,0.281,0.319,1.091767,Up
GSE39645,CASKIN2,0.197507,0.281,0.32,1.09106,Up
GSE39645,TCF19,0.147766,0.282,0.32,1.090801,Up
GSE39645,RPUSD1,-0.089874,0.282,0.32,-1.090745,Down
GSE39645,ALG12,0.100442,0.282,0.32,1.090507,Up
GSE39645,RALGDS,0.17852,0.282,0.32,1.09012,Up
GSE39645,ARMC4,-0.175183,0.282,0.32,-1.089348,Down
GSE39645,EIF2S3,0.130831,0.282,0.32,1.0892,Up
GSE39645,MRM3,-0.094164,0.282,0.32,-1.089089,Down
GSE39645,XKRY2///XKRY,-0.128464,0.283,0.321,-1.087527,Down
GSE39645,DECR2,0.085556,0.283,0.321,1.087362,Up
GSE39645,TNFRSF17,-0.08396,0.283,0.321,-1.087333,Down
GSE39645,ZNF618,0.154148,0.283,0.321,1.087198,Up
GSE39645,RAC1,0.093623,0.283,0.321,1.087158,Up
GSE39645,PGAM4///PGAM1,0.120256,0.283,0.321,1.086938,Up
GSE39645,ORMDL3,-0.089075,0.283,0.321,-1.086765,Down
GSE39645,TRPM4,-0.092252,0.283,0.321,-1.086728,Down
GSE39645,PRR13,0.079844,0.283,0.321,1.086499,Up
GSE39645,SEPT8,-0.206214,0.284,0.322,-1.08583,Down
GSE39645,IGF2BP2,0.313087,0.284,0.322,1.085219,Up
GSE39645,PLK4,0.249004,0.285,0.323,1.08362,Up
GSE39645,TOMM22,0.143407,0.285,0.323,1.083566,Up
GSE39645,LRP3,0.092669,0.285,0.323,1.083372,Up
GSE39645,EGFLAM,0.345353,0.285,0.323,1.083082,Up
GSE39645,PITPNB,-0.123185,0.285,0.323,-1.082829,Down
GSE39645,RPS17,0.07583,0.285,0.323,1.082637,Up
GSE39645,TMEM237,-0.126894,0.285,0.323,-1.082505,Down
GSE39645,ISL2,-0.079788,0.285,0.323,-1.082093,Down
GSE39645,ZKSCAN7,0.083754,0.285,0.324,1.081901,Up
GSE39645,HIST1H4L,0.248405,0.286,0.324,1.08164,Up
GSE39645,MYL6B,-0.096704,0.286,0.324,-1.081315,Down
GSE39645,HOOK2,-0.087848,0.286,0.324,-1.081247,Down
GSE39645,YAP1,-0.100208,0.286,0.324,-1.081137,Down
GSE39645,NABP1,0.250392,0.286,0.324,1.080317,Up
GSE39645,DLX2,0.097558,0.286,0.324,1.080023,Up
GSE39645,INCENP,-0.093947,0.286,0.324,-1.079794,Down
GSE39645,PDE1B,0.204707,0.286,0.325,1.079512,Up
GSE39645,HRASLS,-0.165278,0.287,0.325,-1.079029,Down
GSE39645,LRRC27,-0.081958,0.287,0.325,-1.078937,Down
GSE39645,IRAK1,0.120709,0.287,0.325,1.078209,Up
GSE39645,FAM58DP///FAM58A,0.110905,0.288,0.326,1.07672,Up
GSE39645,LOC728554///THOC3,-0.144221,0.288,0.326,-1.076326,Down
GSE39645,SLC36A4,0.184982,0.288,0.326,1.07613,Up
GSE39645,VPS37C,-0.067319,0.288,0.326,-1.075456,Down
GSE39645,NKX2-1,0.222767,0.288,0.326,1.075438,Up
GSE39645,HIST1H1B,-0.256465,0.288,0.326,-1.075402,Down
GSE39645,LOC400590,-0.056553,0.288,0.327,-1.074989,Down
GSE39645,PDE2A,-0.259441,0.289,0.327,-1.074597,Down
GSE39645,RNFT2,0.104324,0.289,0.327,1.073799,Up
GSE39645,USP44,0.241686,0.289,0.327,1.07334,Up
GSE39645,CD27,-0.125775,0.289,0.327,-1.073021,Down
GSE39645,TIMP1,0.147148,0.29,0.328,1.071863,Up
GSE39645,TSPAN17,-0.093369,0.29,0.329,-1.070868,Down
GSE39645,COPS9///COPS9,0.105568,0.29,0.329,1.070568,Up
GSE39645,PPIL2,0.095609,0.291,0.329,1.069422,Up
GSE39645,AKAP1,0.12269,0.291,0.329,1.069308,Up
GSE39645,EOMES,-0.100655,0.291,0.33,-1.068651,Down
GSE39645,CXCR5,-0.106265,0.291,0.33,-1.068566,Down
GSE39645,MATN3,0.122672,0.291,0.33,1.068466,Up
GSE39645,METRNL,0.134193,0.292,0.33,1.068023,Up
GSE39645,DSC2,0.246678,0.292,0.33,1.067454,Up
GSE39645,NAT14,-0.080509,0.292,0.33,-1.066979,Down
GSE39645,FOSB,-0.543546,0.292,0.33,-1.066919,Down
GSE39645,CDK1,-0.332169,0.292,0.33,-1.066802,Down
GSE39645,C12orf66,0.102628,0.293,0.331,1.065245,Up
GSE39645,ECHDC2,0.111741,0.293,0.331,1.065124,Up
GSE39645,NEURL2,-0.090497,0.293,0.331,-1.064671,Down
GSE39645,B3GNT4,-0.08707,0.294,0.332,-1.063176,Down
GSE39645,NCF1C///NCF1B///NCF1,-0.187661,0.294,0.332,-1.063106,Down
GSE39645,PLCB1,-0.225223,0.294,0.332,-1.062434,Down
GSE39645,SNRPD3,0.11232,0.295,0.333,1.060883,Up
GSE39645,ATXN1,0.14923,0.295,0.333,1.060674,Up
GSE39645,GOLGA7B,-0.108118,0.295,0.334,-1.060019,Down
GSE39645,ACSBG1,0.318647,0.296,0.334,1.059007,Up
GSE39645,RELB,-0.15602,0.296,0.335,-1.057432,Down
GSE39645,HMGCS1,-0.255536,0.297,0.335,-1.056135,Down
GSE39645,ELAVL1,0.114359,0.297,0.336,1.055817,Up
GSE39645,ZNF578,-0.088096,0.297,0.336,-1.055499,Down
GSE39645,N4BP2,0.156414,0.297,0.336,1.055492,Up
GSE39645,SLCO1B7,-0.079914,0.297,0.336,-1.055391,Down
GSE39645,ZNF398,0.100327,0.298,0.336,1.054203,Up
GSE39645,COL6A1,-0.205245,0.298,0.336,-1.054165,Down
GSE39645,LOC102724093///GOLGA6L3///GOLGA6L10///GOLGA6L4///GOLGA6L17P///GOLGA6L9///GOLGA6L5P,0.094394,0.298,0.337,1.053065,Up
GSE39645,SEPT3,0.274895,0.299,0.337,1.052104,Up
GSE39645,ENO1,0.150393,0.299,0.338,1.051189,Up
GSE39645,ITIH2,0.397163,0.3,0.338,1.050401,Up
GSE39645,PRR14L,0.115442,0.3,0.338,1.050125,Up
GSE39645,BTG1,0.177875,0.3,0.338,1.049873,Up
GSE39645,PECAM1,0.266297,0.3,0.338,1.049806,Up
GSE39645,NA,0.099224,0.3,0.339,1.049408,Up
GSE39645,KIAA1161,0.170608,0.3,0.339,1.049236,Up
GSE39645,DZIP1,0.161204,0.3,0.339,1.049141,Up
GSE39645,PEAK1,-0.156608,0.301,0.339,-1.048035,Down
GSE39645,SFXN1,0.164768,0.301,0.339,1.047925,Up
GSE39645,GAMT,0.080379,0.301,0.339,1.047649,Up
GSE39645,ASCL2,0.123843,0.302,0.341,1.045312,Up
GSE39645,YTHDF1,0.129067,0.302,0.341,1.043994,Up
GSE39645,PCNT,0.111239,0.303,0.341,1.043714,Up
GSE39645,RPLP0,0.083919,0.303,0.342,1.043198,Up
GSE39645,CLCN5,-0.097053,0.303,0.342,-1.042972,Down
GSE39645,SLC25A14,0.096431,0.303,0.342,1.041807,Up
GSE39645,CHCHD4,0.069864,0.304,0.343,1.041385,Up
GSE39645,MAT2A,0.156798,0.304,0.343,1.040215,Up
GSE39645,PTPRU,-0.189749,0.304,0.343,-1.039739,Down
GSE39645,TSPYL5,-0.145714,0.304,0.343,-1.039724,Down
GSE39645,ZNF711,0.161692,0.305,0.343,1.039314,Up
GSE39645,ZNF2,0.066603,0.305,0.343,1.039279,Up
GSE39645,DERA,0.139675,0.305,0.344,1.038337,Up
GSE39645,FRRS1,0.281551,0.305,0.344,1.038196,Up
GSE39645,NOB1,0.164165,0.305,0.344,1.038138,Up
GSE39645,NUFIP1,0.114282,0.305,0.344,1.038081,Up
GSE39645,TRIB1,-0.311819,0.305,0.344,-1.037847,Down
GSE39645,EIF5A2,0.103629,0.305,0.344,1.037687,Up
GSE39645,RPL7L1,-0.116044,0.306,0.344,-1.037194,Down
GSE39645,ZBTB26,-0.086511,0.306,0.345,-1.036895,Down
GSE39645,TRPV1,-0.10014,0.306,0.345,-1.036369,Down
GSE39645,ASPSCR1,-0.069332,0.306,0.345,-1.035877,Down
GSE39645,TOR2A,-0.086604,0.306,0.345,-1.035765,Down
GSE39645,ANKRD29,0.210734,0.307,0.346,1.034296,Up
GSE39645,BCL2L1,0.128928,0.307,0.346,1.034182,Up
GSE39645,BTBD8,0.103301,0.307,0.346,1.033352,Up
GSE39645,LYG1,-0.114385,0.307,0.346,-1.033316,Down
GSE39645,CTF1,-0.097221,0.308,0.347,-1.032668,Down
GSE39645,ISYNA1,-0.161259,0.308,0.347,-1.032353,Down
GSE39645,RABGEF1,-0.153889,0.308,0.347,-1.032034,Down
GSE39645,GABRQ,-0.201108,0.308,0.347,-1.0319,Down
GSE39645,WWOX,-0.072173,0.308,0.347,-1.031795,Down
GSE39645,THAP10,-0.083448,0.308,0.347,-1.030905,Down
GSE39645,PPTC7,0.161982,0.309,0.348,1.03041,Up
GSE39645,FCRLA,-0.128364,0.309,0.348,-1.029888,Down
GSE39645,TNFAIP2,-0.172424,0.309,0.348,-1.029868,Down
GSE39645,ACSL3,0.220126,0.309,0.348,1.028994,Up
GSE39645,FAM110C,-0.090974,0.309,0.348,-1.028672,Down
GSE39645,PLB1,-0.096674,0.31,0.349,-1.028355,Down
GSE39645,ZDHHC20,0.106666,0.31,0.349,1.026844,Up
GSE39645,CCNB2,-0.275589,0.31,0.349,-1.026793,Down
GSE39645,RAB40A,-0.088307,0.311,0.35,-1.025789,Down
GSE39645,PNO1///PNO1,0.172495,0.311,0.35,1.024576,Up
GSE39645,BOLA1,0.086015,0.312,0.351,1.023874,Up
GSE39645,TMEM215,-0.149602,0.312,0.351,-1.023098,Down
GSE39645,MB21D2,-0.231652,0.312,0.351,-1.023007,Down
GSE39645,WDR25,0.080548,0.312,0.351,1.022854,Up
GSE39645,ARMCX5-GPRASP2///GPRASP2,-0.111977,0.312,0.351,-1.022836,Down
GSE39645,GSTT1,0.387307,0.312,0.351,1.022477,Up
GSE39645,USP36,0.116609,0.313,0.352,1.021064,Up
GSE39645,TCF7L1,0.121344,0.313,0.352,1.020628,Up
GSE39645,ACY3,-0.143301,0.314,0.353,-1.019468,Down
GSE39645,CNKSR2,0.177301,0.314,0.353,1.019134,Up
GSE39645,XKR6,-0.060629,0.314,0.353,-1.018946,Down
GSE39645,MXRA7,-0.094553,0.314,0.353,-1.018452,Down
GSE39645,BTF3,0.083841,0.314,0.353,1.018377,Up
GSE39645,C3orf18,-0.080215,0.315,0.354,-1.017671,Down
GSE39645,CORO7-PAM16///PAM16,-0.076495,0.315,0.354,-1.017555,Down
GSE39645,RANBP1,0.219506,0.315,0.354,1.017308,Up
GSE39645,DNAPTP3,-0.117758,0.315,0.354,-1.016909,Down
GSE39645,ZNF454,0.091201,0.315,0.354,1.016857,Up
GSE39645,C9orf106,0.128822,0.315,0.355,1.016046,Up
GSE39645,RAD51B,0.069406,0.315,0.355,1.01582,Up
GSE39645,TBX22,0.184182,0.316,0.355,1.015429,Up
GSE39645,USP35,0.100302,0.316,0.355,1.015424,Up
GSE39645,CEP68,0.137658,0.316,0.355,1.015163,Up
GSE39645,SLC25A42,0.062018,0.316,0.355,1.014349,Up
GSE39645,SCRT2,-0.098347,0.316,0.356,-1.013861,Down
GSE39645,ENOX2,0.137154,0.317,0.356,1.013377,Up
GSE39645,CDCP1,-0.212496,0.317,0.356,-1.013016,Down
GSE39645,NANP,-0.086444,0.317,0.356,-1.01272,Down
GSE39645,KLF4,-0.368654,0.317,0.356,-1.0127,Down
GSE39645,HMCES,0.111006,0.317,0.357,1.01186,Up
GSE39645,ANKAR,0.079641,0.317,0.357,1.011826,Up
GSE39645,ZNF792,0.087754,0.317,0.357,1.011644,Up
GSE39645,SPNS3,-0.114659,0.318,0.357,-1.011556,Down
GSE39645,TET3,0.159816,0.318,0.357,1.010956,Up
GSE39645,PDIA2,-0.113253,0.318,0.357,-1.010625,Down
GSE39645,ING1,-0.096571,0.318,0.357,-1.010596,Down
GSE39645,BTG2,0.254511,0.318,0.357,1.010406,Up
GSE39645,HIST1H4F,0.246397,0.318,0.357,1.010008,Up
GSE39645,SEL1L2,-0.149435,0.319,0.358,-1.008417,Down
GSE39645,CCR1,0.221205,0.319,0.358,1.008028,Up
GSE39645,MYH9,-0.126469,0.319,0.359,-1.00761,Down
GSE39645,IRAK1BP1,0.121989,0.319,0.359,1.007582,Up
GSE39645,DAB1,0.214185,0.321,0.36,1.005238,Up
GSE39645,ABCF1,0.102325,0.321,0.36,1.004159,Up
GSE39645,INO80C,-0.128354,0.321,0.36,-1.003867,Down
GSE39645,HIST1H1D,0.259824,0.321,0.361,1.003214,Up
GSE39645,TUSC2,0.064986,0.322,0.361,1.002915,Up
GSE39645,MUTYH,-0.092284,0.322,0.361,-1.002361,Down
GSE39645,ZNF746,-0.075052,0.322,0.361,-1.001849,Down
GSE39645,DHX37,-0.077364,0.323,0.362,-1.000977,Down
GSE39645,RGS2,-0.363986,0.323,0.362,-1.00057,Down
GSE39645,FAM53C,0.145244,0.323,0.363,0.999628,Up
GSE39645,E4F1,0.074352,0.323,0.363,0.999527,Up
GSE39645,DHCR7,-0.212536,0.323,0.363,-0.999241,Down
GSE39645,ZNF200,-0.062033,0.324,0.363,-0.998576,Down
GSE39645,TGFBI,-0.183608,0.324,0.363,-0.998526,Down
GSE39645,MRPS26,0.052221,0.324,0.363,0.998171,Up
GSE39645,ETS1,0.173515,0.324,0.363,0.997796,Up
GSE39645,TOMM34,0.190507,0.324,0.364,0.997104,Up
GSE39645,ZBTB22,0.072345,0.325,0.364,0.996037,Up
GSE39645,EEF1G,0.072064,0.326,0.365,0.994422,Up
GSE39645,C1RL,0.140486,0.326,0.366,0.993419,Up
GSE39645,DCBLD1,0.116915,0.326,0.366,0.993239,Up
GSE39645,URAD,-0.063868,0.326,0.366,-0.993116,Down
GSE39645,MOK,-0.099897,0.327,0.366,-0.992283,Down
GSE39645,SKP2,-0.144681,0.327,0.366,-0.992095,Down
GSE39645,LOC280665,0.220004,0.327,0.366,0.991831,Up
GSE39645,NA,-0.101149,0.327,0.366,-0.99162,Down
GSE39645,ZNF593,0.117869,0.327,0.367,0.99137,Up
GSE39645,AKT2,0.095826,0.327,0.367,0.991359,Up
GSE39645,ZNF670,0.096779,0.327,0.367,0.99118,Up
GSE39645,BRF1,-0.065354,0.327,0.367,-0.991114,Down
GSE39645,TNFRSF12A,0.231787,0.328,0.367,0.990393,Up
GSE39645,DAB2IP,0.107632,0.328,0.367,0.990109,Up
GSE39645,BMP1,0.136535,0.328,0.368,0.988596,Up
GSE39645,CD300LF,-0.143101,0.329,0.368,-0.988423,Down
GSE39645,PGAM4///PGAM1,0.102822,0.329,0.368,0.988184,Up
GSE39645,GABBR1,-0.121525,0.329,0.368,-0.987808,Down
GSE39645,CEP128,0.101853,0.329,0.369,0.98676,Up
GSE39645,TUBGCP6,0.092667,0.33,0.37,0.984975,Up
GSE39645,RGAG4,-0.106529,0.33,0.37,-0.984871,Down
GSE39645,TPM2,0.227498,0.331,0.37,0.98387,Up
GSE39645,ZNF300,0.135158,0.331,0.37,0.983782,Up
GSE39645,SERPINH1,0.215771,0.331,0.37,0.983733,Up
GSE39645,TRAF5,-0.101292,0.331,0.37,-0.983689,Down
GSE39645,ANGPTL6,0.070399,0.331,0.37,0.983584,Up
GSE39645,RBP7,-0.248526,0.331,0.371,-0.982403,Down
GSE39645,CACNB2,0.211326,0.332,0.371,0.982241,Up
GSE39645,MIB2,-0.069081,0.332,0.371,-0.981649,Down
GSE39645,ULBP2,-0.100335,0.332,0.371,-0.98163,Down
GSE39645,FCRLB,-0.109701,0.332,0.372,-0.981239,Down
GSE39645,SV2C,-0.209964,0.332,0.372,-0.981233,Down
GSE39645,C14orf169,0.086481,0.332,0.372,0.981102,Up
GSE39645,DOT1L,-0.14776,0.332,0.372,-0.981097,Down
GSE39645,SPACA9,0.131878,0.332,0.372,0.980723,Up
GSE39645,TTC39B,0.156305,0.332,0.372,0.980404,Up
GSE39645,1,0.22064,0.333,0.372,0.979876,Up
GSE39645,PRR11,-0.195097,0.333,0.372,-0.979596,Down
GSE39645,SPATA9,0.082403,0.333,0.373,0.979038,Up
GSE39645,SPRY2,0.23162,0.333,0.373,0.978496,Up
GSE39645,PLAGL2,0.168928,0.334,0.374,0.977111,Up
GSE39645,NLGN2,0.117472,0.335,0.374,0.976006,Up
GSE39645,CUL7,-0.110305,0.335,0.375,-0.975108,Down
GSE39645,NUDC,0.079165,0.335,0.375,0.974956,Up
GSE39645,NUP93,0.108871,0.335,0.375,0.974529,Up
GSE39645,ATL2,0.142961,0.336,0.375,0.973725,Up
GSE39645,ARHGAP19-SLIT1///ARHGAP19,0.258263,0.336,0.376,0.97327,Up
GSE39645,GSTM3,0.184227,0.336,0.376,0.973064,Up
GSE39645,PLCD3,-0.10912,0.336,0.376,-0.972966,Down
GSE39645,RPL9P11///RPL9,0.050644,0.336,0.376,0.97247,Up
GSE39645,NACC1,0.10105,0.337,0.376,0.971576,Up
GSE39645,MAD2L1,-0.234764,0.337,0.377,-0.970775,Down
GSE39645,FAM213B,0.083208,0.337,0.377,0.970723,Up
GSE39645,HOMER1,-0.221594,0.337,0.377,-0.970356,Down
GSE39645,TACSTD2,-0.211451,0.338,0.377,-0.970041,Down
GSE39645,TUBA1C,0.153931,0.338,0.378,0.969178,Up
GSE39645,MNDA,0.247191,0.338,0.378,0.969145,Up
GSE39645,SRSF2,0.118047,0.338,0.378,0.969079,Up
GSE39645,FLT3LG,-0.07159,0.338,0.378,-0.96869,Down
GSE39645,CTNNB1,0.126292,0.338,0.378,0.968141,Up
GSE39645,SNORD72///RPL37,0.069934,0.339,0.378,0.968001,Up
GSE39645,TTC26,0.089292,0.339,0.378,0.96797,Up
GSE39645,ELL,0.1364,0.339,0.378,0.9678,Up
GSE39645,KLHL42,0.106729,0.339,0.378,0.967604,Up
GSE39645,MOCS3,0.10797,0.339,0.378,0.967247,Up
GSE39645,TXN,0.130468,0.339,0.379,0.966547,Up
GSE39645,AGAP3,0.062473,0.34,0.379,0.966028,Up
GSE39645,HMBS,-0.09936,0.34,0.379,-0.965995,Down
GSE39645,SFPQ,0.172357,0.34,0.379,0.965312,Up
GSE39645,RFXAP,-0.068768,0.34,0.38,-0.965014,Down
GSE39645,ABCB10,0.064475,0.34,0.38,0.964825,Up
GSE39645,AMER1,-0.086009,0.341,0.38,-0.963915,Down
GSE39645,HMGCR,-0.218305,0.341,0.381,-0.962917,Down
GSE39645,ZDHHC9,-0.159202,0.342,0.382,-0.961127,Down
GSE39645,AK9,0.066847,0.342,0.382,0.960596,Up
GSE39645,ZNF513,-0.061743,0.342,0.382,-0.960427,Down
GSE39645,H3F3B,0.08806,0.342,0.382,0.960043,Up
GSE39645,ZNF213,-0.068945,0.343,0.382,-0.959485,Down
GSE39645,SIN3B,0.111405,0.343,0.383,0.959117,Up
GSE39645,CTH,0.160902,0.343,0.383,0.958261,Up
GSE39645,ST3GAL2,0.104374,0.343,0.383,0.958029,Up
GSE39645,DMGDH,-0.108725,0.344,0.384,-0.956848,Down
GSE39645,PTRH2,0.090724,0.345,0.384,0.956001,Up
GSE39645,MICU3,0.128388,0.345,0.385,0.954473,Up
GSE39645,NOLC1,0.176231,0.346,0.385,0.953911,Up
GSE39645,SNX9,-0.109123,0.346,0.386,-0.953448,Down
GSE39645,SND1,0.107986,0.346,0.386,0.953439,Up
GSE39645,ZNF331,0.154569,0.347,0.387,0.951356,Up
GSE39645,SOWAHD,-0.0881,0.347,0.387,-0.95064,Down
GSE39645,TP63,-0.156372,0.347,0.387,-0.950308,Down
GSE39645,FBXO30,0.0975,0.347,0.387,0.950174,Up
GSE39645,RSPH3,0.088858,0.347,0.387,0.95008,Up
GSE39645,FNBP1L,-0.200969,0.348,0.387,-0.949859,Down
GSE39645,WRNIP1,0.073569,0.348,0.388,0.949447,Up
GSE39645,ZNF367,0.09911,0.348,0.388,0.948977,Up
GSE39645,RHOF,-0.090461,0.348,0.388,-0.948098,Down
GSE39645,ASB1,0.117557,0.349,0.389,0.946499,Up
GSE39645,SNU13///ANXA2,0.104799,0.349,0.389,0.946464,Up
GSE39645,EYA3,0.108309,0.349,0.389,0.946238,Up
GSE39645,HSD3B7,-0.077918,0.35,0.389,-0.945918,Down
GSE39645,MKL1///RBM15///MKL1,0.073502,0.35,0.39,0.94563,Up
GSE39645,ZNF773,-0.057634,0.35,0.39,-0.945242,Down
GSE39645,THAP5,0.061776,0.35,0.39,0.944337,Up
GSE39645,ATOH7,-0.079066,0.351,0.391,-0.943708,Down
GSE39645,G3BP1,0.127246,0.351,0.391,0.943587,Up
GSE39645,AKAP8,0.079813,0.351,0.391,0.943272,Up
GSE39645,FTSJ3,0.099411,0.351,0.391,0.943142,Up
GSE39645,SRPK1,-0.116245,0.351,0.391,-0.943076,Down
GSE39645,LTBP2,-0.169748,0.351,0.391,-0.942492,Down
GSE39645,CCSAP,0.077927,0.351,0.391,0.942109,Up
GSE39645,ORC2,0.110562,0.352,0.391,0.941792,Up
GSE39645,HOMER3,0.062213,0.352,0.392,0.94148,Up
GSE39645,MAG,-0.394846,0.352,0.392,-0.940742,Down
GSE39645,PPP1R14B///LIMK2,0.13366,0.352,0.392,0.940726,Up
GSE39645,DUSP14,-0.154459,0.352,0.392,-0.940644,Down
GSE39645,SHC3,0.142995,0.352,0.392,0.940587,Up
GSE39645,ARHGAP42,0.186037,0.353,0.393,0.939744,Up
GSE39645,SCRG1,0.365855,0.353,0.393,0.939181,Up
GSE39645,POU2F2,-0.074035,0.353,0.393,-0.938962,Down
GSE39645,DAPK1,0.22636,0.354,0.394,0.937557,Up
GSE39645,FAM177B,0.24359,0.355,0.395,0.935959,Up
GSE39645,MPP1,0.186818,0.355,0.395,0.935406,Up
GSE39645,ITPRIP,-0.129714,0.355,0.395,-0.935366,Down
GSE39645,CENPU,0.22124,0.355,0.395,0.934303,Up
GSE39645,C10orf35,0.093675,0.356,0.395,0.93412,Up
GSE39645,SPATA22,-0.207357,0.356,0.396,-0.933403,Down
GSE39645,MAGI3,0.11195,0.356,0.396,0.933021,Up
GSE39645,FREM2,0.326481,0.356,0.396,0.932516,Up
GSE39645,THAP7,0.084646,0.356,0.396,0.932263,Up
GSE39645,CD320,-0.07721,0.357,0.397,-0.932015,Down
GSE39645,SLC12A4///LCAT,-0.082235,0.357,0.397,-0.931703,Down
GSE39645,OSCAR,-0.072683,0.357,0.397,-0.931632,Down
GSE39645,IL1B,-0.395631,0.357,0.397,-0.931523,Down
GSE39645,P2RY1,0.107904,0.358,0.398,0.930063,Up
GSE39645,TMEM71,0.177379,0.358,0.398,0.929904,Up
GSE39645,PFKFB3,0.280109,0.358,0.398,0.929842,Up
GSE39645,APOD,-0.382998,0.358,0.398,-0.92975,Down
GSE39645,ZNF860,-0.104341,0.358,0.398,-0.92877,Down
GSE39645,LYRM1,0.096439,0.358,0.398,0.928582,Up
GSE39645,SALL1,0.163597,0.358,0.398,0.928395,Up
GSE39645,FAM69A,0.182571,0.359,0.398,0.928321,Up
GSE39645,RNF126,-0.087486,0.359,0.398,-0.92831,Down
GSE39645,DEFB131,-0.114005,0.359,0.399,-0.926637,Down
GSE39645,MAL2,0.280632,0.359,0.399,0.926428,Up
GSE39645,ZNF182,0.063466,0.36,0.4,0.926023,Up
GSE39645,CACYBP,0.085644,0.36,0.4,0.92452,Up
GSE39645,C12orf75,-0.262065,0.36,0.4,-0.924507,Down
GSE39645,STARD10,-0.09122,0.361,0.401,-0.923119,Down
GSE39645,AGAP5///AGAP9///AGAP12P///AGAP6///AGAP11///AGAP4,0.090498,0.362,0.402,0.922328,Up
GSE39645,PPP1R42,-0.068279,0.362,0.402,-0.921053,Down
GSE39645,PREB,0.052314,0.362,0.402,0.920994,Up
GSE39645,DNMBP,-0.152901,0.362,0.402,-0.920844,Down
GSE39645,PELI1,0.195193,0.363,0.403,0.920323,Up
GSE39645,TIFA,0.090415,0.363,0.403,0.920111,Up
GSE39645,HIST1H2AE,0.172778,0.363,0.403,0.920073,Up
GSE39645,CNTD1,0.111369,0.363,0.403,0.919938,Up
GSE39645,ALDH5A1,0.1181,0.363,0.403,0.919684,Up
GSE39645,RINL,-0.084388,0.363,0.403,-0.918827,Down
GSE39645,PAQR6,-0.144827,0.364,0.404,-0.918444,Down
GSE39645,RPL12,0.062597,0.364,0.404,0.918425,Up
GSE39645,TLDC1,-0.076355,0.364,0.404,-0.917018,Down
GSE39645,HSPA1B///HSPA1A,0.23661,0.365,0.405,0.916289,Up
GSE39645,MTG1,0.075877,0.365,0.405,0.91584,Up
GSE39645,AMDHD2,0.076182,0.365,0.405,0.915755,Up
GSE39645,CABYR,-0.085755,0.365,0.405,-0.915393,Down
GSE39645,TNFSF18,0.17692,0.366,0.406,0.9144,Up
GSE39645,CCDC14,0.144292,0.366,0.406,0.914064,Up
GSE39645,HSPBP1,-0.057911,0.366,0.406,-0.913376,Down
GSE39645,VAV3,0.183766,0.367,0.407,0.912774,Up
GSE39645,SLC39A3,-0.066056,0.367,0.407,-0.912157,Down
GSE39645,CCL28,0.362585,0.367,0.407,0.911718,Up
GSE39645,TNFRSF1B,0.156723,0.367,0.407,0.911554,Up
GSE39645,HMGN5,0.148342,0.367,0.407,0.911051,Up
GSE39645,APITD1-CORT///APITD1///CORT,0.0835,0.367,0.407,0.91104,Up
GSE39645,SLC25A5,0.110579,0.368,0.408,0.910192,Up
GSE39645,KCNB2,-0.180877,0.368,0.408,-0.910056,Down
GSE39645,PPM1F,0.11894,0.368,0.409,0.909078,Up
GSE39645,NUP58,0.142497,0.369,0.409,0.908786,Up
GSE39645,TNFRSF1A,0.103253,0.369,0.409,0.90855,Up
GSE39645,STAG3,-0.073632,0.369,0.409,-0.908082,Down
GSE39645,SMOX,0.153432,0.369,0.409,0.907467,Up
GSE39645,CBX1,-0.06806,0.369,0.409,-0.907426,Down
GSE39645,WDR43,0.129368,0.369,0.409,0.907178,Up
GSE39645,PI4K2B,0.064679,0.37,0.409,0.907088,Up
GSE39645,TNRC18,0.096632,0.37,0.41,0.906349,Up
GSE39645,CTAGE8///CTAGE4///CTAGE11P///CTAGE9///CTAGE15///CTAGE6,-0.065985,0.37,0.41,-0.905856,Down
GSE39645,GZMH,-0.146821,0.37,0.41,-0.905686,Down
GSE39645,LIMD1,-0.092783,0.37,0.41,-0.905228,Down
GSE39645,AACS,-0.101968,0.371,0.411,-0.904335,Down
GSE39645,FILIP1,-0.210084,0.371,0.411,-0.904334,Down
GSE39645,GRIN2C,-0.105547,0.371,0.411,-0.904148,Down
GSE39645,RANGAP1,-0.082297,0.372,0.412,-0.903177,Down
GSE39645,GLUL,0.106748,0.372,0.412,0.902495,Up
GSE39645,CRLS1,0.105565,0.372,0.412,0.901926,Up
GSE39645,PDE6B,-0.070671,0.372,0.412,-0.901804,Down
GSE39645,CD48,0.154601,0.373,0.413,0.900862,Up
GSE39645,ZNF710,0.087726,0.373,0.413,0.900784,Up
GSE39645,TBCD,0.086007,0.373,0.413,0.900076,Up
GSE39645,LCA5L,-0.073172,0.373,0.413,-0.899731,Down
GSE39645,C9orf47///S1PR3,0.142314,0.374,0.415,0.897628,Up
GSE39645,EGR1,-0.271711,0.375,0.415,-0.89716,Down
GSE39645,RBM47,-0.149788,0.375,0.415,-0.897063,Down
GSE39645,C2orf81,-0.077754,0.375,0.415,-0.896603,Down
GSE39645,GSTO2,-0.106199,0.375,0.415,-0.896218,Down
GSE39645,OSM,-0.22098,0.375,0.415,-0.895961,Down
GSE39645,SLC16A13///JOSD1,-0.100587,0.375,0.416,-0.895725,Down
GSE39645,LRRC42,-0.080218,0.377,0.417,-0.893735,Down
GSE39645,FRMD1,0.130488,0.377,0.417,0.893732,Up
GSE39645,CSRNP1,-0.252159,0.377,0.417,-0.893237,Down
GSE39645,RNPS1,-0.050035,0.377,0.417,-0.893175,Down
GSE39645,PEX6,-0.078605,0.377,0.417,-0.892907,Down
GSE39645,RPL23A,0.056954,0.377,0.417,0.892751,Up
GSE39645,MTERF2,-0.066802,0.377,0.417,-0.89268,Down
GSE39645,ANO8,-0.085365,0.377,0.417,-0.892384,Down
GSE39645,ZNF239,0.092548,0.377,0.417,0.892359,Up
GSE39645,SPAG8,0.069595,0.378,0.418,0.890718,Up
GSE39645,RBM12B,0.096623,0.379,0.419,0.889328,Up
GSE39645,DENND2C,-0.061329,0.379,0.419,-0.888804,Down
GSE39645,STK11IP,0.072663,0.379,0.419,0.88871,Up
GSE39645,ZSCAN25,-0.059398,0.379,0.419,-0.888604,Down
GSE39645,ERF,0.104459,0.379,0.419,0.888589,Up
GSE39645,POLD1,0.096102,0.379,0.419,0.888447,Up
GSE39645,MEN1,0.074643,0.379,0.419,0.888365,Up
GSE39645,ETV3,0.131792,0.379,0.419,0.88833,Up
GSE39645,AJUBA,0.122038,0.38,0.42,0.887424,Up
GSE39645,LRP5,-0.167521,0.38,0.42,-0.887318,Down
GSE39645,CC2D1A,0.048305,0.38,0.42,0.886827,Up
GSE39645,KLF10,-0.193586,0.381,0.421,-0.885899,Down
GSE39645,PC,-0.132029,0.381,0.421,-0.885486,Down
GSE39645,EIF3L,0.145363,0.381,0.421,0.885164,Up
GSE39645,VPS9D1,0.0847,0.381,0.421,0.884589,Up
GSE39645,SLC24A1,-0.073386,0.382,0.422,-0.883031,Down
GSE39645,ZSWIM8,-0.091571,0.383,0.423,-0.882225,Down
GSE39645,MED25,-0.069434,0.383,0.423,-0.881107,Down
GSE39645,PRH1-PRR4///PRH1,-0.18861,0.384,0.424,-0.880205,Down
GSE39645,CENPK,-0.228118,0.384,0.424,-0.880199,Down
GSE39645,SLC9B2,-0.129666,0.384,0.424,-0.87965,Down
GSE39645,RFX2,-0.181114,0.384,0.424,-0.879597,Down
GSE39645,NPAS3,0.110398,0.385,0.425,0.878743,Up
GSE39645,TDP1,0.137632,0.385,0.425,0.877968,Up
GSE39645,SLC4A11,-0.116882,0.385,0.425,-0.877392,Down
GSE39645,HSPA6,0.339466,0.385,0.425,0.877185,Up
GSE39645,TMEM204,-0.114174,0.386,0.426,-0.876799,Down
GSE39645,BYSL,-0.129034,0.386,0.426,-0.876523,Down
GSE39645,RUNX3,-0.097982,0.386,0.426,-0.876451,Down
GSE39645,SRSF7,0.151867,0.386,0.426,0.875773,Up
GSE39645,TBX2,0.080276,0.386,0.427,0.875123,Up
GSE39645,MYOD1,-0.072662,0.387,0.427,-0.874937,Down
GSE39645,SUSD6,0.135851,0.387,0.427,0.874237,Up
GSE39645,KCNMB1,0.098315,0.387,0.427,0.874104,Up
GSE39645,TMEM171,0.218287,0.387,0.427,0.87393,Up
GSE39645,RPP25,0.084138,0.388,0.428,0.872928,Up
GSE39645,RAB39B,-0.130666,0.389,0.429,-0.871285,Down
GSE39645,ACOT2,0.052319,0.389,0.429,0.871061,Up
GSE39645,RNASE1,0.190952,0.389,0.429,0.871018,Up
GSE39645,EZH2,-0.177542,0.389,0.429,-0.870982,Down
GSE39645,B4GALT5,-0.098988,0.389,0.429,-0.870839,Down
GSE39645,NUP153,0.146917,0.389,0.43,0.869594,Up
GSE39645,SCRIB,-0.060558,0.39,0.43,-0.86866,Down
GSE39645,RAN,0.08608,0.39,0.43,0.868602,Up
GSE39645,C22orf46,0.108232,0.39,0.43,0.868141,Up
GSE39645,UBE2S,-0.133782,0.39,0.431,-0.86777,Down
GSE39645,SCARB1,0.117593,0.391,0.431,0.867551,Up
GSE39645,CHERP,0.079185,0.391,0.431,0.867364,Up
GSE39645,LDHC,-0.130259,0.391,0.431,-0.867223,Down
GSE39645,SCAND1,0.077887,0.391,0.431,0.866477,Up
GSE39645,ARID3B,-0.063489,0.391,0.431,-0.866444,Down
GSE39645,UBE3D,0.050733,0.391,0.431,0.866056,Up
GSE39645,ZNF436,-0.12432,0.392,0.432,-0.865426,Down
GSE39645,NECTIN2,-0.070939,0.392,0.432,-0.865383,Down
GSE39645,BMPR1B,0.2415,0.392,0.432,0.865244,Up
GSE39645,ERCC2,0.101157,0.392,0.433,0.863998,Up
GSE39645,WRN,0.112763,0.393,0.433,0.862914,Up
GSE39645,GEM,-0.350683,0.393,0.433,-0.862584,Down
GSE39645,FBXO36,-0.057161,0.393,0.434,-0.862237,Down
GSE39645,ADRB2,0.074689,0.394,0.434,0.861987,Up
GSE39645,SCG3,-0.255248,0.394,0.434,-0.861981,Down
GSE39645,IL6R,0.16844,0.394,0.434,0.861569,Up
GSE39645,CDK14,-0.145252,0.394,0.434,-0.861536,Down
GSE39645,CPA6,-0.073473,0.394,0.434,-0.861427,Down
GSE39645,TSPY10///TSPY4///TSPY3///TSPY2///TSPY1,-0.121668,0.394,0.434,-0.861233,Down
GSE39645,NA,-0.122096,0.395,0.435,-0.858854,Down
GSE39645,FDXACB1,0.07525,0.395,0.436,0.858537,Up
GSE39645,E2F3,0.114061,0.396,0.436,0.857332,Up
GSE39645,B4GALT1,-0.118956,0.396,0.436,-0.856999,Down
GSE39645,PTMS,0.090781,0.396,0.436,0.856887,Up
GSE39645,ZBTB17,0.06704,0.396,0.436,0.85688,Up
GSE39645,DACT3,-0.060153,0.396,0.436,-0.856878,Down
GSE39645,NFKBIB,0.074486,0.397,0.437,0.856349,Up
GSE39645,ACSS2,-0.089841,0.397,0.437,-0.855777,Down
GSE39645,EMX2,0.162156,0.397,0.437,0.85577,Up
GSE39645,PACRG,-0.157765,0.397,0.437,-0.855482,Down
GSE39645,RASGEF1B,0.224153,0.398,0.438,0.854565,Up
GSE39645,EZR///ROS1,-0.132658,0.398,0.438,-0.854173,Down
GSE39645,DAZ4///DAZ2///DAZ3///DAZ1,-0.15863,0.398,0.438,-0.854128,Down
GSE39645,DAZ4///DAZ2///DAZ3///DAZ1,-0.15863,0.398,0.438,-0.854128,Down
GSE39645,PCYT2,0.090534,0.399,0.439,0.852863,Up
GSE39645,HEXDC,0.059245,0.399,0.439,0.852846,Up
GSE39645,C11orf68,-0.069338,0.399,0.439,-0.852641,Down
GSE39645,ZNRF3,-0.126736,0.399,0.439,-0.851744,Down
GSE39645,C22orf29///GNB1L,-0.066814,0.4,0.441,-0.849375,Down
GSE39645,ZMIZ2,0.056771,0.401,0.441,0.84879,Up
GSE39645,NLRC5,-0.081283,0.401,0.441,-0.848285,Down
GSE39645,CYB561D1,-0.073393,0.401,0.441,-0.847769,Down
GSE39645,CALCR,0.12432,0.402,0.442,0.847359,Up
GSE39645,MPND,0.074078,0.402,0.442,0.847157,Up
GSE39645,TEN1-CDK3///CDK3,-0.058324,0.402,0.442,-0.846806,Down
GSE39645,PAPOLB,-0.068605,0.402,0.442,-0.846485,Down
GSE39645,CCDC102B,-0.156845,0.402,0.442,-0.846249,Down
GSE39645,MCM2,-0.091974,0.402,0.442,-0.845788,Down
GSE39645,ANKRD37,0.172491,0.402,0.442,0.845773,Up
GSE39645,TTLL5,0.093404,0.402,0.442,0.845683,Up
GSE39645,SNAPC1,0.120791,0.403,0.443,0.845085,Up
GSE39645,FUT4,-0.055854,0.403,0.443,-0.845012,Down
GSE39645,RND2,0.208874,0.403,0.443,0.844282,Up
GSE39645,MARCH8,0.163595,0.403,0.443,0.844087,Up
GSE39645,ACKR3,0.131922,0.404,0.444,0.843595,Up
GSE39645,SSH3,0.074131,0.404,0.444,0.842706,Up
GSE39645,MRPL12,0.064449,0.404,0.444,0.842424,Up
GSE39645,RPL18A,0.059167,0.405,0.445,0.84167,Up
GSE39645,SHKBP1,0.097577,0.405,0.445,0.841418,Up
GSE39645,TDRD10,0.113476,0.405,0.445,0.841299,Up
GSE39645,FDX1,0.059954,0.405,0.445,0.841272,Up
GSE39645,GRM3,0.322954,0.406,0.447,0.838477,Up
GSE39645,WDR63,0.137047,0.407,0.447,0.838244,Up
GSE39645,KIFC2,-0.075427,0.407,0.447,-0.837697,Down
GSE39645,TDRP,-0.076433,0.407,0.447,-0.83754,Down
GSE39645,APBA3,0.09654,0.407,0.447,0.837501,Up
GSE39645,ZNHIT1,0.049782,0.408,0.448,0.836371,Up
GSE39645,B3GNT5,0.162607,0.408,0.448,0.836062,Up
GSE39645,NOTCH2,0.098144,0.408,0.448,0.835682,Up
GSE39645,FPR1,0.251943,0.408,0.448,0.835391,Up
GSE39645,PTK2,0.106637,0.408,0.448,0.83537,Up
GSE39645,IFT27,0.09105,0.408,0.448,0.835107,Up
GSE39645,MLLT6,0.061424,0.409,0.448,0.834837,Up
GSE39645,ZNF764,-0.058174,0.409,0.449,-0.834092,Down
GSE39645,STRADB,0.183171,0.409,0.449,0.833975,Up
GSE39645,SLAMF8,0.178401,0.409,0.449,0.833926,Up
GSE39645,FBXL8,-0.054945,0.409,0.449,-0.833764,Down
GSE39645,ODF3L1,-0.137143,0.41,0.45,-0.832444,Down
GSE39645,C4B_2///C4B///C4A,0.265905,0.411,0.451,0.831085,Up
GSE39645,MYRF,0.169831,0.411,0.451,0.830546,Up
GSE39645,C16orf86,-0.080484,0.411,0.451,-0.829636,Down
GSE39645,TKTL2,-0.064986,0.411,0.451,-0.829607,Down
GSE39645,C1QTNF1,-0.10812,0.412,0.452,-0.829258,Down
GSE39645,DKC1,0.129528,0.412,0.452,0.829142,Up
GSE39645,LYPD6B,-0.169901,0.412,0.452,-0.828921,Down
GSE39645,EIF4E2,0.133106,0.412,0.452,0.827811,Up
GSE39645,LONRF2,-0.170811,0.413,0.453,-0.827325,Down
GSE39645,SCAI,0.081093,0.413,0.453,0.827132,Up
GSE39645,SLC7A5,-0.221272,0.413,0.453,-0.827128,Down
GSE39645,RPL24,0.050573,0.413,0.453,0.826136,Up
GSE39645,UNC45A,0.056955,0.413,0.453,0.826115,Up
GSE39645,PGAM5,-0.062977,0.415,0.455,-0.823925,Down
GSE39645,CCDC18,-0.083075,0.415,0.455,-0.823566,Down
GSE39645,RABL6,0.064024,0.415,0.456,0.822337,Up
GSE39645,PA2G4,0.084865,0.416,0.456,0.822077,Up
GSE39645,ZNF785,-0.058765,0.416,0.456,-0.821395,Down
GSE39645,TP53BP2,0.145325,0.417,0.457,0.820133,Up
GSE39645,CDKL1,0.078223,0.417,0.457,0.819472,Up
GSE39645,EPHX3,0.09339,0.418,0.458,0.818375,Up
GSE39645,FAM160A1,0.167132,0.418,0.458,0.817526,Up
GSE39645,STK33,-0.211928,0.418,0.458,-0.817483,Down
GSE39645,XPNPEP1,0.07902,0.419,0.459,0.816092,Up
GSE39645,ITPR2,0.188709,0.419,0.459,0.816007,Up
GSE39645,HRASLS2,-0.117581,0.42,0.46,-0.815225,Down
GSE39645,ABHD17B,-0.07422,0.42,0.46,-0.815152,Down
GSE39645,PRSS12,-0.185007,0.42,0.46,-0.814621,Down
GSE39645,SIGLEC14,0.14374,0.42,0.46,0.813955,Up
GSE39645,TIGD4,0.072993,0.42,0.46,0.813915,Up
GSE39645,HECTD2,0.086589,0.42,0.46,0.813817,Up
GSE39645,TMEM263,0.114754,0.42,0.46,0.813782,Up
GSE39645,PYGO1,-0.086192,0.42,0.46,-0.813534,Down
GSE39645,PAQR4,-0.080515,0.421,0.461,-0.81242,Down
GSE39645,RPL18,0.054417,0.421,0.462,0.811732,Up
GSE39645,ANKRD33B,-0.074319,0.422,0.462,-0.811378,Down
GSE39645,HAVCR1,-0.097352,0.422,0.462,-0.810621,Down
GSE39645,TMEM232,0.131746,0.423,0.463,0.808597,Up
GSE39645,YY1,0.058898,0.424,0.464,0.807523,Up
GSE39645,SLC45A1,-0.079306,0.424,0.464,-0.807522,Down
GSE39645,SMG6,0.077452,0.424,0.464,0.807402,Up
GSE39645,CPEB2,0.121612,0.425,0.465,0.806438,Up
GSE39645,HDGF,0.072605,0.425,0.465,0.806319,Up
GSE39645,GNLY,-0.145242,0.425,0.465,-0.80626,Down
GSE39645,GMCL1,0.07203,0.425,0.465,0.806008,Up
GSE39645,SIRT7,0.068649,0.425,0.465,0.805596,Up
GSE39645,PCBP3,0.117913,0.426,0.466,0.803878,Up
GSE39645,ZNF284///ZNF222,0.062294,0.426,0.466,0.803556,Up
GSE39645,DDX21,-0.166888,0.426,0.466,-0.80327,Down
GSE39645,GALNT6,-0.107003,0.426,0.466,-0.80311,Down
GSE39645,CYB5RL,-0.062125,0.427,0.467,-0.802909,Down
GSE39645,KNTC1,0.106155,0.427,0.467,0.802645,Up
GSE39645,CREB3L4,-0.0651,0.427,0.467,-0.802178,Down
GSE39645,THBS1,0.10538,0.427,0.467,0.802172,Up
GSE39645,CTDP1,-0.068255,0.428,0.468,-0.800961,Down
GSE39645,DRD1,0.132533,0.428,0.468,0.800897,Up
GSE39645,TNFAIP6,0.252993,0.428,0.468,0.800819,Up
GSE39645,TBKBP1,-0.06933,0.428,0.468,-0.799518,Down
GSE39645,FAM13A,-0.127801,0.429,0.469,-0.799207,Down
GSE39645,TMEM18,0.062261,0.429,0.469,0.799042,Up
GSE39645,TSC22D2,-0.159076,0.429,0.469,-0.798753,Down
GSE39645,HBZ,-0.102643,0.429,0.469,-0.798626,Down
GSE39645,MROH6,-0.107349,0.429,0.469,-0.798132,Down
GSE39645,1,-0.064549,0.429,0.469,-0.797787,Down
GSE39645,ABCA9,0.187602,0.43,0.47,0.797564,Up
GSE39645,DTNBP1,0.061107,0.43,0.47,0.796594,Up
GSE39645,PLSCR1,0.136617,0.431,0.47,0.795942,Up
GSE39645,BATF2,-0.075565,0.431,0.471,-0.79564,Down
GSE39645,SFT2D3,0.066746,0.431,0.471,0.795611,Up
GSE39645,FBXW8,0.07406,0.431,0.471,0.795331,Up
GSE39645,DGCR8,0.072342,0.431,0.471,0.795188,Up
GSE39645,P2RY8,0.173561,0.431,0.471,0.794851,Up
GSE39645,GRIN2A,-0.174064,0.431,0.471,-0.794273,Down
GSE39645,RAB11FIP4,-0.124281,0.432,0.472,-0.793475,Down
GSE39645,GPN2,0.061627,0.432,0.472,0.792947,Up
GSE39645,GFAP,-0.310847,0.433,0.473,-0.791859,Down
GSE39645,BST1,0.095518,0.433,0.473,0.790889,Up
GSE39645,TAZ,0.054235,0.434,0.474,0.790347,Up
GSE39645,DUSP19,-0.055249,0.434,0.474,-0.79018,Down
GSE39645,IL17B,-0.247121,0.434,0.474,-0.789693,Down
GSE39645,SYNE2,0.14991,0.434,0.474,0.789664,Up
GSE39645,MCOLN2,0.076324,0.435,0.475,0.78824,Up
GSE39645,PRX,-0.223248,0.435,0.475,-0.788179,Down
GSE39645,CCNYL1,-0.08369,0.435,0.475,-0.788136,Down
GSE39645,FAM98C,-0.059087,0.435,0.475,-0.787609,Down
GSE39645,EGR3,0.301598,0.435,0.475,0.787536,Up
GSE39645,KBTBD8,0.102959,0.436,0.476,0.786928,Up
GSE39645,URB2,-0.113235,0.436,0.476,-0.786707,Down
GSE39645,NEDD9,-0.144574,0.436,0.476,-0.785767,Down
GSE39645,CXADR,-0.127544,0.437,0.477,-0.785208,Down
GSE39645,CACNA2D1,0.168045,0.437,0.477,0.784796,Up
GSE39645,GARNL3,-0.061636,0.437,0.477,-0.784737,Down
GSE39645,EFHB,-0.133181,0.437,0.477,-0.784711,Down
GSE39645,ZBTB49,0.060778,0.437,0.477,0.784454,Up
GSE39645,PKNOX1,0.090318,0.437,0.477,0.783848,Up
GSE39645,SWSAP1,-0.050045,0.438,0.478,-0.783433,Down
GSE39645,TUSC3,-0.205779,0.438,0.478,-0.783171,Down
GSE39645,PARD3,-0.120623,0.438,0.478,-0.783004,Down
GSE39645,ARPC5L,0.087822,0.438,0.478,0.782976,Up
GSE39645,ACRBP,-0.074513,0.438,0.478,-0.782455,Down
GSE39645,CYSLTR2,0.240102,0.438,0.478,0.782306,Up
GSE39645,MCU,0.075689,0.439,0.479,0.780508,Up
GSE39645,ZNF275,-0.110985,0.439,0.479,-0.780406,Down
GSE39645,ZBTB9,-0.058802,0.44,0.479,-0.779974,Down
GSE39645,CDC42EP4,-0.086517,0.44,0.479,-0.779972,Down
GSE39645,INTS5,-0.058089,0.441,0.481,-0.778072,Down
GSE39645,C17orf62,0.055699,0.441,0.481,0.777104,Up
GSE39645,SFRP4,0.340396,0.442,0.482,0.776514,Up
GSE39645,HSPA2,0.235482,0.442,0.482,0.776487,Up
GSE39645,ESX1,-0.042735,0.442,0.482,-0.77575,Down
GSE39645,LFNG,-0.088121,0.442,0.482,-0.775683,Down
GSE39645,SIRPA,0.089279,0.443,0.482,0.77488,Up
GSE39645,OVCH2,-0.103893,0.443,0.483,-0.774593,Down
GSE39645,SPDYA,-0.046937,0.443,0.483,-0.774489,Down
GSE39645,CTIF,-0.073192,0.443,0.483,-0.774436,Down
GSE39645,OPCML,0.126516,0.443,0.483,0.773934,Up
GSE39645,C16orf46,-0.062191,0.444,0.484,-0.772927,Down
GSE39645,EFNB2,0.138399,0.444,0.484,0.772882,Up
GSE39645,HIST1H2AK,-0.103907,0.444,0.484,-0.772011,Down
GSE39645,TGM2,-0.20974,0.445,0.485,-0.7713,Down
GSE39645,ZNF225,0.063407,0.445,0.485,0.770649,Up
GSE39645,UBE2J1,0.107917,0.445,0.485,0.770591,Up
GSE39645,NMD3,0.101173,0.446,0.486,0.769369,Up
GSE39645,CRLF1,-0.106064,0.446,0.486,-0.769266,Down
GSE39645,GPR161,-0.080369,0.446,0.486,-0.768543,Down
GSE39645,LYSMD4,0.058325,0.447,0.486,0.768016,Up
GSE39645,HDGFRP2,0.063812,0.447,0.487,0.767794,Up
GSE39645,TBC1D2,0.124537,0.447,0.487,0.767232,Up
GSE39645,CMYA5,0.153581,0.448,0.488,0.766085,Up
GSE39645,GRWD1,-0.075047,0.449,0.488,-0.764924,Down
GSE39645,FZD8,0.067452,0.449,0.488,0.764718,Up
GSE39645,B3GNT2,-0.100357,0.45,0.489,-0.762957,Down
GSE39645,ZHX2,0.130302,0.45,0.49,0.761916,Up
GSE39645,IKBKE,-0.076963,0.45,0.49,-0.7617,Down
GSE39645,FRZB,0.326247,0.451,0.491,0.760698,Up
GSE39645,HEY2,-0.154381,0.451,0.491,-0.760456,Down
GSE39645,SLC38A11,-0.099843,0.451,0.491,-0.760065,Down
GSE39645,DPY19L1,0.131279,0.452,0.491,0.759821,Up
GSE39645,FLT1,-0.174034,0.452,0.491,-0.759556,Down
GSE39645,GNAI1,-0.169196,0.452,0.492,-0.759047,Down
GSE39645,ZNF16,0.056947,0.452,0.492,0.759028,Up
GSE39645,INPP5E,0.066693,0.452,0.492,0.758613,Up
GSE39645,SPATA2L,-0.078366,0.452,0.492,-0.758588,Down
GSE39645,RAB36,-0.067441,0.453,0.492,-0.758069,Down
GSE39645,TMEM54,-0.130451,0.453,0.492,-0.757889,Down
GSE39645,RARA///BCOR,-0.120799,0.453,0.493,-0.757249,Down
GSE39645,REXO1,-0.064512,0.453,0.493,-0.756972,Down
GSE39645,KLRC4-KLRK1///KLRC4,-0.063679,0.454,0.494,-0.754984,Down
GSE39645,B4GALT2,-0.060134,0.455,0.494,-0.754816,Down
GSE39645,CD3E,0.178231,0.455,0.495,0.754233,Up
GSE39645,RAB3D,0.080768,0.455,0.495,0.753493,Up
GSE39645,SLC22A23,0.110382,0.455,0.495,0.75332,Up
GSE39645,MDK,0.078046,0.456,0.495,0.753141,Up
GSE39645,SPRY4,0.138983,0.456,0.495,0.752964,Up
GSE39645,ZNF829,-0.047324,0.456,0.495,-0.752712,Down
GSE39645,C19orf71,0.055976,0.456,0.496,0.751674,Up
GSE39645,PRKCE,-0.048231,0.457,0.496,-0.751292,Down
GSE39645,TREML1,-0.098079,0.458,0.497,-0.749367,Down
GSE39645,FBL,-0.075968,0.459,0.499,-0.747418,Down
GSE39645,CDK2,-0.141695,0.459,0.499,-0.747178,Down
GSE39645,GIMAP1-GIMAP5///GIMAP1,0.098651,0.459,0.499,0.746708,Up
GSE39645,TNFRSF11A,0.075613,0.461,0.501,0.744319,Up
GSE39645,PABPC1L,-0.072581,0.461,0.501,-0.744021,Down
GSE39645,HS2ST1,0.095164,0.461,0.501,0.743582,Up
GSE39645,ANKRD30A,-0.06911,0.462,0.502,-0.741804,Down
GSE39645,YBX1,0.049325,0.462,0.502,0.741784,Up
GSE39645,TAF8,-0.054598,0.463,0.502,-0.741462,Down
GSE39645,CPXM2,-0.237778,0.463,0.502,-0.74122,Down
GSE39645,3,0.337915,0.463,0.502,0.741134,Up
GSE39645,TUBB6,0.093444,0.463,0.503,0.74073,Up
GSE39645,SLC48A1,0.078942,0.463,0.503,0.740097,Up
GSE39645,MTX1,-0.040791,0.464,0.504,-0.739004,Down
GSE39645,DTL,-0.196731,0.464,0.504,-0.738225,Down
GSE39645,ZNF575,0.059032,0.464,0.504,0.738212,Up
GSE39645,CP,-0.338139,0.465,0.504,-0.737757,Down
GSE39645,ZNF483,-0.12483,0.465,0.505,-0.737273,Down
GSE39645,NDRG4,-0.107342,0.465,0.505,-0.737085,Down
GSE39645,FAHD2B///FAHD2A,-0.077196,0.466,0.506,-0.735999,Down
GSE39645,HESX1,0.048847,0.466,0.506,0.735566,Up
GSE39645,MAPK8,-0.097476,0.466,0.506,-0.734998,Down
GSE39645,PFKFB4,-0.073202,0.466,0.506,-0.734947,Down
GSE39645,HEG1,-0.130569,0.466,0.506,-0.73491,Down
GSE39645,BEND5,0.059658,0.467,0.506,0.734327,Up
GSE39645,JUP,0.111148,0.467,0.507,0.734034,Up
GSE39645,CCDC28B,-0.068601,0.467,0.507,-0.733918,Down
GSE39645,KIF5C,-0.194587,0.468,0.507,-0.733039,Down
GSE39645,TMEM246,0.060134,0.468,0.507,0.732744,Up
GSE39645,TIPIN,0.089347,0.468,0.508,0.731968,Up
GSE39645,WDR31,-0.077917,0.468,0.508,-0.731955,Down
GSE39645,EVA1C,-0.079828,0.469,0.508,-0.731159,Down
GSE39645,GPX2,-0.086876,0.469,0.509,-0.730412,Down
GSE39645,NICN1,0.057222,0.47,0.509,0.729724,Up
GSE39645,SLC25A44,-0.082594,0.47,0.51,-0.72921,Down
GSE39645,IGFL4,0.123976,0.47,0.51,0.729155,Up
GSE39645,ZNF500,-0.067296,0.47,0.51,-0.729054,Down
GSE39645,KLRC3,-0.077359,0.47,0.51,-0.728826,Down
GSE39645,SDSL,0.099569,0.47,0.51,0.728779,Up
GSE39645,MAPK10,-0.150836,0.471,0.51,-0.728185,Down
GSE39645,SSX2IP,-0.083625,0.471,0.511,-0.727285,Down
GSE39645,OGG1,0.054594,0.471,0.511,0.726614,Up
GSE39645,ADGRE1,0.160509,0.472,0.511,0.726495,Up
GSE39645,EVI5L,0.076713,0.472,0.511,0.726388,Up
GSE39645,SLC19A2,0.231118,0.472,0.511,0.72582,Up
GSE39645,DDX3X,0.082194,0.472,0.511,0.725752,Up
GSE39645,TMEM38A,-0.085734,0.472,0.512,-0.725258,Down
GSE39645,TMEM91,-0.057973,0.472,0.512,-0.724987,Down
GSE39645,PPP1R9B,0.057058,0.473,0.512,0.724686,Up
GSE39645,KCNK13,-0.069095,0.473,0.512,-0.724212,Down
GSE39645,CDR2L,-0.060408,0.473,0.512,-0.724155,Down
GSE39645,RRP1B,0.078779,0.473,0.513,0.723284,Up
GSE39645,ADAM21,-0.137986,0.474,0.513,-0.723045,Down
GSE39645,TRPV3,-0.076963,0.474,0.513,-0.722497,Down
GSE39645,ZNF789///ATP5J2-PTCD1///PTCD1,-0.051012,0.474,0.513,-0.722347,Down
GSE39645,MRPS27///MRPS27,0.069251,0.475,0.515,0.720155,Up
GSE39645,B3GNT7,-0.067892,0.476,0.515,-0.719596,Down
GSE39645,SPR,0.055619,0.476,0.515,0.719548,Up
GSE39645,RBMY1J///RBMY1E///RBMY1D///RBMY1B///RBMY1F///RBMY1A1,0.224068,0.476,0.516,0.718859,Up
GSE39645,KANK1,-0.105364,0.476,0.516,-0.718832,Down
GSE39645,JUNB,-0.169004,0.476,0.516,-0.718521,Down
GSE39645,PLA2G6,-0.082453,0.476,0.516,-0.718502,Down
GSE39645,ABRACL,0.110505,0.477,0.516,0.718319,Up
GSE39645,NRM,0.099492,0.477,0.516,0.717292,Up
GSE39645,SLC35G2,0.06353,0.477,0.517,0.716973,Up
GSE39645,IL4I1///NUP62,0.066919,0.477,0.517,0.716967,Up
GSE39645,WTIP,-0.083148,0.477,0.517,-0.716759,Down
GSE39645,RPS9,0.050247,0.478,0.517,0.715877,Up
GSE39645,PARP16,0.062648,0.478,0.517,0.71561,Up
GSE39645,TBC1D31,0.068819,0.478,0.518,0.715137,Up
GSE39645,POLA2,0.104033,0.479,0.518,0.71407,Up
GSE39645,SLC16A2,-0.083769,0.479,0.519,-0.713655,Down
GSE39645,PHKA2,0.06797,0.48,0.519,0.713297,Up
GSE39645,ASIC3,-0.061029,0.48,0.519,-0.712664,Down
GSE39645,SIRT3,-0.041237,0.48,0.519,-0.712497,Down
GSE39645,RBM15B,0.079056,0.481,0.52,0.71134,Up
GSE39645,TMEM170A,0.06492,0.481,0.52,0.711191,Up
GSE39645,DUSP1,0.128539,0.482,0.521,0.710086,Up
GSE39645,ABT1,0.071039,0.482,0.521,0.709753,Up
GSE39645,SPARCL1,-0.231343,0.483,0.522,-0.708479,Down
GSE39645,GTF3C4,0.073333,0.483,0.522,0.707815,Up
GSE39645,ZNF214,-0.077297,0.483,0.523,-0.707043,Down
GSE39645,FAM127C,0.070242,0.483,0.523,0.70695,Up
GSE39645,FA2H,0.136491,0.484,0.523,0.70614,Up
GSE39645,ACACB,-0.148818,0.484,0.523,-0.706112,Down
GSE39645,GABPB1,0.106372,0.484,0.523,0.706084,Up
GSE39645,SENP3-EIF4A1///EIF4A1,0.118021,0.484,0.523,0.705607,Up
GSE39645,ZNF195,0.056579,0.484,0.524,0.705353,Up
GSE39645,TOX2,0.076913,0.485,0.524,0.704836,Up
GSE39645,ICA1,-0.071031,0.485,0.524,-0.704682,Down
GSE39645,RPL34,0.041585,0.485,0.524,0.704559,Up
GSE39645,WEE1,-0.150539,0.485,0.524,-0.704152,Down
GSE39645,MZT2A,-0.065487,0.486,0.525,-0.703609,Down
GSE39645,RPS2,0.053061,0.486,0.525,0.703468,Up
GSE39645,MGAT4C,0.169392,0.486,0.525,0.70338,Up
GSE39645,HDGFRP3,0.117439,0.486,0.526,0.70209,Up
GSE39645,TIGD6,0.066961,0.487,0.526,0.701612,Up
GSE39645,SPRED2,0.097033,0.487,0.526,0.701092,Up
GSE39645,PNRC1,0.082022,0.487,0.526,0.701058,Up
GSE39645,ZNF202,0.048068,0.487,0.526,0.701005,Up
GSE39645,B3GALNT1,-0.102157,0.487,0.526,-0.700932,Down
GSE39645,CECR5,-0.052882,0.487,0.526,-0.700841,Down
GSE39645,ODF2L,0.110517,0.487,0.526,0.700749,Up
GSE39645,ARHGEF1,-0.063805,0.487,0.526,-0.70043,Down
GSE39645,SV2A,0.140362,0.488,0.527,0.69978,Up
GSE39645,KIAA1217,0.12535,0.488,0.527,0.699272,Up
GSE39645,IRGQ,-0.070788,0.488,0.527,-0.699204,Down
GSE39645,ADAMTS2,0.124927,0.488,0.527,0.698873,Up
GSE39645,CLEC4E,0.299753,0.489,0.527,0.698791,Up
GSE39645,RIPK3,0.084719,0.489,0.527,0.6985,Up
GSE39645,JADE1,0.089888,0.49,0.528,0.69707,Up
GSE39645,CCL2///CCL2,-0.297165,0.49,0.528,-0.696872,Down
GSE39645,HPD,0.084995,0.49,0.528,0.696865,Up
GSE39645,QSOX2,0.08809,0.49,0.529,0.696671,Up
GSE39645,FBLN2,-0.18228,0.49,0.529,-0.69596,Down
GSE39645,MAST2,0.075155,0.491,0.529,0.695461,Up
GSE39645,MACF1,0.117365,0.491,0.53,0.694075,Up
GSE39645,C19orf25,-0.04441,0.492,0.53,-0.693604,Down
GSE39645,IGSF9B,-0.11126,0.492,0.531,-0.693347,Down
GSE39645,RAD51AP1,0.139952,0.493,0.531,0.69227,Up
GSE39645,MRPL41,0.042607,0.493,0.532,0.691002,Up
GSE39645,RPL39P5///ZNF525///RPL39,0.038183,0.493,0.532,0.690801,Up
GSE39645,FAM185A,-0.063355,0.494,0.532,-0.690484,Down
GSE39645,BHLHE22,-0.056543,0.494,0.533,-0.690111,Down
GSE39645,IL1A,-0.125101,0.494,0.533,-0.689382,Down
GSE39645,ST20-MTHFS///MTHFS,0.104722,0.495,0.534,0.68852,Up
GSE39645,GMIP,0.082443,0.496,0.535,0.687128,Up
GSE39645,COL3A1,-0.211896,0.496,0.535,-0.686751,Down
GSE39645,ZNF319,0.060515,0.496,0.535,0.686468,Up
GSE39645,GSTT2B///GSTT2,0.134653,0.497,0.535,0.685841,Up
GSE39645,ALYREF,0.095612,0.497,0.535,0.685779,Up
GSE39645,PLAU,0.192317,0.497,0.536,0.685324,Up
GSE39645,IRF7,-0.06654,0.497,0.536,-0.684621,Down
GSE39645,ZNF646,0.061143,0.498,0.536,0.68425,Up
GSE39645,MATN1-AS1,-0.056056,0.498,0.536,-0.684155,Down
GSE39645,MEIG1,-0.063991,0.498,0.537,-0.683304,Down
GSE39645,HIST1H3H,-0.099711,0.499,0.537,-0.6824,Down
GSE39645,HDX,-0.057054,0.499,0.537,-0.682232,Down
GSE39645,ABCA5,-0.079793,0.499,0.538,-0.682022,Down
GSE39645,MFAP3L,0.119453,0.499,0.538,0.681775,Up
GSE39645,CCNJ,0.063118,0.499,0.538,0.681707,Up
GSE39645,ZNF280C,0.100092,0.499,0.538,0.681194,Up
GSE39645,CHMP4B,-0.037274,0.5,0.538,-0.68092,Down
GSE39645,DHRSX///ZBED1,0.050891,0.5,0.539,0.680412,Up
GSE39645,PCDHB15,0.163927,0.5,0.539,0.67959,Up
GSE39645,AHCYL2,0.089249,0.501,0.539,0.678928,Up
GSE39645,URGCP-MRPS24///MRPS24,0.064066,0.501,0.54,0.678554,Up
GSE39645,CLHC1,0.063834,0.502,0.541,0.677181,Up
GSE39645,CLEC17A,0.088193,0.502,0.541,0.676871,Up
GSE39645,MDH1B,-0.105512,0.503,0.541,-0.676107,Down
GSE39645,MALT1,-0.111913,0.503,0.541,-0.675962,Down
GSE39645,C11orf98///LBHD1,0.050054,0.503,0.541,0.675585,Up
GSE39645,ATP8B2,-0.084078,0.503,0.541,-0.67557,Down
GSE39645,ENDOV,0.057484,0.503,0.541,0.675569,Up
GSE39645,IL12RB1,-0.058673,0.503,0.542,-0.675274,Down
GSE39645,GLRX5,-0.069359,0.504,0.542,-0.674449,Down
GSE39645,C20orf27,-0.060725,0.504,0.543,-0.673572,Down
GSE39645,TAF4B,-0.076067,0.504,0.543,-0.673562,Down
GSE39645,LPP,0.085358,0.505,0.543,0.672547,Up
GSE39645,TAGLN2,-0.076974,0.505,0.544,-0.672242,Down
GSE39645,ADGRE5,-0.095312,0.505,0.544,-0.671964,Down
GSE39645,ZNF705A,-0.064273,0.506,0.544,-0.670689,Down
GSE39645,GDPD1,0.069699,0.507,0.545,0.669889,Up
GSE39645,MAMDC2,0.190379,0.507,0.546,0.668685,Up
GSE39645,TIGD5,-0.05277,0.508,0.546,-0.668358,Down
GSE39645,DOK3,-0.09095,0.508,0.546,-0.668205,Down
GSE39645,SLC16A6,0.153844,0.508,0.546,0.667962,Up
GSE39645,SF3A2,-0.055658,0.508,0.546,-0.667878,Down
GSE39645,AMIGO1,-0.066313,0.508,0.546,-0.667728,Down
GSE39645,TSSK2,-0.062648,0.508,0.547,-0.666879,Down
GSE39645,HMGN1,-0.051905,0.509,0.547,-0.666551,Down
GSE39645,IQGAP1,0.08151,0.509,0.547,0.665863,Up
GSE39645,HNRNPH1,0.077763,0.51,0.548,0.664958,Up
GSE39645,RNASEH2A,0.089332,0.51,0.548,0.664817,Up
GSE39645,SAMD1,-0.058803,0.51,0.548,-0.6645,Down
GSE39645,TYW1B,-0.083416,0.51,0.549,-0.663978,Down
GSE39645,DEPDC4,-0.061232,0.511,0.549,-0.663454,Down
GSE39645,GINS3,0.066437,0.511,0.549,0.663156,Up
GSE39645,FIZ1,-0.056706,0.511,0.549,-0.662881,Down
GSE39645,LIFR,-0.152868,0.512,0.55,-0.662003,Down
GSE39645,MTMR11,-0.041708,0.512,0.55,-0.661919,Down
GSE39645,HS6ST1,0.092325,0.512,0.55,0.661408,Up
GSE39645,ZNF688,-0.06569,0.512,0.55,-0.660884,Down
GSE39645,TCEB1,0.060958,0.513,0.551,0.660456,Up
GSE39645,OCRL,-0.106889,0.513,0.551,-0.659884,Down
GSE39645,ZNF703,0.061052,0.513,0.551,0.659366,Up
GSE39645,PRICKLE2,-0.10383,0.514,0.552,-0.658367,Down
GSE39645,AMPD2,-0.094438,0.514,0.552,-0.657953,Down
GSE39645,NA,-0.089175,0.514,0.553,-0.657533,Down
GSE39645,MROH8,0.058569,0.516,0.554,0.655491,Up
GSE39645,ATG2A,0.058907,0.516,0.554,0.655139,Up
GSE39645,CCDC74B///CCDC74A,-0.088155,0.516,0.554,-0.655049,Down
GSE39645,DPH2,0.06643,0.517,0.555,0.653755,Up
GSE39645,BATF3,-0.072568,0.518,0.556,-0.652505,Down
GSE39645,HIST1H4D,-0.143177,0.518,0.556,-0.652414,Down
GSE39645,PCSK5,0.064985,0.518,0.556,0.651818,Up
GSE39645,PIGA,-0.097702,0.52,0.558,-0.649476,Down
GSE39645,ZFP36L1,0.098707,0.521,0.56,0.646624,Up
GSE39645,EFNA1,-0.131919,0.522,0.56,-0.646048,Down
GSE39645,SPSB3,0.043639,0.522,0.561,0.645071,Up
GSE39645,MIS18A,0.078408,0.523,0.561,0.644824,Up
GSE39645,LDLRAD4,0.081577,0.523,0.562,0.643321,Up
GSE39645,MAOA,-0.186189,0.524,0.562,-0.64259,Down
GSE39645,MOCOS,-0.070642,0.524,0.563,-0.641807,Down
GSE39645,KRTAP5-AS1,0.133496,0.525,0.563,0.641557,Up
GSE39645,GPM6A,0.20679,0.525,0.563,0.64105,Up
GSE39645,EN1,-0.044529,0.525,0.563,-0.640922,Down
GSE39645,CCRL2///CCRL2,0.154985,0.525,0.563,0.640817,Up
GSE39645,SULF2,0.155241,0.525,0.564,0.640477,Up
GSE39645,AFF1,-0.078677,0.526,0.564,-0.639923,Down
GSE39645,RPS6KA2,-0.118028,0.526,0.564,-0.639879,Down
GSE39645,SERPINE1,-0.269542,0.526,0.564,-0.639822,Down
GSE39645,FOXP4,0.066396,0.527,0.565,0.638224,Up
GSE39645,DDX31,-0.050988,0.527,0.565,-0.637611,Down
GSE39645,JAK1,0.07643,0.527,0.565,0.637601,Up
GSE39645,RAD51L3-RFFL///RFFL,0.082154,0.528,0.566,0.636951,Up
GSE39645,TSGA13///COPG2,0.041135,0.528,0.566,0.636338,Up
GSE39645,ZNF404,0.108043,0.528,0.566,0.636066,Up
GSE39645,MGARP,0.106123,0.529,0.567,0.635494,Up
GSE39645,DRD2,-0.054209,0.529,0.567,-0.635311,Down
GSE39645,ANGPTL4,0.2239,0.529,0.567,0.635294,Up
GSE39645,CHST6,-0.116851,0.529,0.567,-0.634893,Down
GSE39645,ITGAL,0.088525,0.529,0.567,0.634642,Up
GSE39645,TNFSF10,0.172449,0.529,0.567,0.634445,Up
GSE39645,USP46,0.122918,0.529,0.567,0.634215,Up
GSE39645,RPL29,0.049342,0.53,0.568,0.633758,Up
GSE39645,RBMY1J///RBMY1E///RBMY1D///RBMY1B///RBMY1A3P///RBMY1F///RBMY2FP///RBMY1A1,0.144942,0.53,0.568,0.633712,Up
GSE39645,ZNF511-PRAP1///ZNF511,0.051915,0.53,0.568,0.63357,Up
GSE39645,GRK5,0.106588,0.53,0.568,0.633248,Up
GSE39645,DXO,0.04754,0.53,0.568,0.632919,Up
GSE39645,CALHM2,-0.068833,0.53,0.568,-0.632899,Down
GSE39645,SLC25A32,0.099816,0.53,0.568,0.632869,Up
GSE39645,MGLL,-0.158878,0.531,0.568,-0.632207,Down
GSE39645,RFC4,0.102255,0.531,0.569,0.631855,Up
GSE39645,NUDT22///NUDT22,-0.043941,0.531,0.569,-0.63151,Down
GSE39645,TRIOBP,-0.05966,0.531,0.569,-0.63119,Down
GSE39645,ZBTB2,0.063209,0.532,0.57,0.630345,Up
GSE39645,ARFGAP1,0.05956,0.532,0.57,0.630167,Up
GSE39645,MLKL,0.092812,0.532,0.57,0.629942,Up
GSE39645,LOC100996724///PDE4DIP,-0.099599,0.532,0.57,-0.629701,Down
GSE39645,PRPS2,-0.071523,0.532,0.57,-0.629647,Down
GSE39645,AKAP3,-0.060629,0.534,0.571,-0.627763,Down
GSE39645,SH2B3,-0.070212,0.534,0.571,-0.627733,Down
GSE39645,MSANTD2,-0.054259,0.534,0.572,-0.626578,Down
GSE39645,HSD17B7P2///HSD17B7,-0.130585,0.534,0.572,-0.626503,Down
GSE39645,ANGPTL7,0.327601,0.534,0.572,0.626386,Up
GSE39645,TRPC1,-0.082903,0.534,0.572,-0.626347,Down
GSE39645,KDELC1,0.145201,0.534,0.572,0.626338,Up
GSE39645,STIM2,0.088122,0.535,0.572,0.625611,Up
GSE39645,STK39,0.098947,0.536,0.573,0.624444,Up
GSE39645,MAPK1IP1L,0.079856,0.536,0.573,0.624103,Up
GSE39645,G6PD,0.083671,0.536,0.574,0.623709,Up
GSE39645,SYNDIG1,-0.149297,0.536,0.574,-0.623648,Down
GSE39645,TMEM102,0.05366,0.536,0.574,0.623381,Up
GSE39645,FAM35A,0.091338,0.537,0.574,0.622696,Up
GSE39645,OXCT1,0.087873,0.538,0.575,0.621613,Up
GSE39645,MRPL10,0.044587,0.538,0.575,0.621382,Up
GSE39645,COG8///PDF,0.037015,0.538,0.575,0.62117,Up
GSE39645,EXPH5,-0.129616,0.538,0.575,-0.621137,Down
GSE39645,H6PD,0.100229,0.538,0.575,0.62082,Up
GSE39645,XRCC6,0.052712,0.538,0.576,0.620305,Up
GSE39645,KIF22,-0.065404,0.539,0.576,-0.619799,Down
GSE39645,ARFRP1,0.038786,0.539,0.577,0.618974,Up
GSE39645,POLR2A,0.075543,0.54,0.577,0.618543,Up
GSE39645,NME4,-0.078427,0.54,0.577,-0.618416,Down
GSE39645,FAM222B,-0.047688,0.54,0.577,-0.617938,Down
GSE39645,AFAP1L1,0.085881,0.54,0.577,0.617584,Up
GSE39645,KCNMA1,-0.154201,0.54,0.578,-0.617433,Down
GSE39645,CHD3,0.085413,0.54,0.578,0.617288,Up
GSE39645,CLEC16A,0.069449,0.541,0.578,0.616587,Up
GSE39645,PIAS3,0.072485,0.541,0.578,0.61627,Up
GSE39645,SLC29A1,0.081363,0.541,0.578,0.615929,Up
GSE39645,AP5Z1///AP5Z1,-0.05049,0.541,0.579,-0.61558,Down
GSE39645,UBFD1,0.04843,0.542,0.579,0.614573,Up
GSE39645,UBE2E4P,0.039592,0.542,0.579,0.614391,Up
GSE39645,F2RL2,-0.127296,0.542,0.58,-0.61409,Down
GSE39645,EIF6,0.054343,0.542,0.58,0.614027,Up
GSE39645,TTC12,0.073152,0.543,0.581,0.612646,Up
GSE39645,LOC100499484///CCDC180///LOC100499484-C9ORF174,-0.052176,0.544,0.581,-0.611794,Down
GSE39645,ROGDI,0.057232,0.544,0.582,0.611124,Up
GSE39645,ID3,-0.133339,0.545,0.582,-0.610938,Down
GSE39645,NT5C1B-RDH14///RDH14,0.036655,0.545,0.582,0.610857,Up
GSE39645,SALL2,-0.061199,0.545,0.582,-0.610127,Down
GSE39645,CD274,-0.137287,0.545,0.582,-0.609906,Down
GSE39645,MTBP,0.063458,0.545,0.582,0.609606,Up
GSE39645,DDX51,-0.048807,0.546,0.583,-0.608864,Down
GSE39645,SBF1,0.067481,0.546,0.583,0.608804,Up
GSE39645,SLC1A1,-0.096716,0.546,0.583,-0.608454,Down
GSE39645,ANKRD13B,0.087675,0.547,0.584,0.607339,Up
GSE39645,ANXA11,0.054737,0.547,0.584,0.607168,Up
GSE39645,ZFY,0.199846,0.548,0.585,0.606215,Up
GSE39645,IQCD,-0.074189,0.548,0.585,-0.605758,Down
GSE39645,CLDN19,0.159051,0.548,0.585,0.605722,Up
GSE39645,TMEM9,-0.041517,0.548,0.585,-0.605598,Down
GSE39645,PSMD4,0.029645,0.548,0.585,0.605524,Up
GSE39645,HAUS7///TREX2,-0.05401,0.549,0.585,-0.604746,Down
GSE39645,HEPH,-0.138199,0.549,0.586,-0.604371,Down
GSE39645,SASH1,0.105422,0.55,0.586,0.603245,Up
GSE39645,WDR18,0.052433,0.55,0.587,0.602894,Up
GSE39645,ACAT2,0.136295,0.55,0.587,0.602388,Up
GSE39645,CDY1B///CDY2B///CDY2A///CDY1,0.177301,0.55,0.587,0.602192,Up
GSE39645,SMCHD1,0.093402,0.55,0.587,0.602075,Up
GSE39645,CFAP126,0.096972,0.551,0.588,0.601124,Up
GSE39645,MAATS1,0.072845,0.551,0.588,0.601067,Up
GSE39645,GCLM,-0.106104,0.551,0.588,-0.600459,Down
GSE39645,HSD11B1L,0.046177,0.552,0.588,0.600071,Up
GSE39645,RASSF5,-0.122907,0.552,0.588,-0.600036,Down
GSE39645,RCOR1,0.060149,0.552,0.588,0.599993,Up
GSE39645,RPGRIP1,-0.054185,0.552,0.589,-0.599491,Down
GSE39645,PLEKHG5,0.067692,0.553,0.589,0.598793,Up
GSE39645,HIST1H3I,0.105365,0.553,0.589,0.598216,Up
GSE39645,RAB3IL1,-0.06817,0.553,0.59,-0.597969,Down
GSE39645,NBPF25P///NBPF19///NBPF20///NBPF10///NBPF8///NBPF9///NBPF15///NBPF11///NBPF12///NBPF3///NBPF1///NBPF14,-0.040312,0.553,0.59,-0.597593,Down
GSE39645,EIF3D,0.068473,0.553,0.59,0.59756,Up
GSE39645,TMEM100,-0.181134,0.554,0.59,-0.597256,Down
GSE39645,RRNAD1,-0.039898,0.554,0.59,-0.59661,Down
GSE39645,ACHE,0.093144,0.554,0.591,0.596039,Up
GSE39645,PHLPP1,-0.071021,0.555,0.591,-0.595283,Down
GSE39645,PAMR1,-0.187537,0.556,0.592,-0.594017,Down
GSE39645,ZNF804A,-0.068865,0.556,0.593,-0.593473,Down
GSE39645,DPH3P1,-0.054416,0.556,0.593,-0.593276,Down
GSE39645,TMEM120B,-0.053682,0.557,0.593,-0.592676,Down
GSE39645,PLCB3,-0.047986,0.557,0.593,-0.592545,Down
GSE39645,RNASE3,-0.084718,0.557,0.593,-0.592039,Down
GSE39645,ATP1A1,-0.080902,0.557,0.594,-0.591821,Down
GSE39645,MCM4,-0.092177,0.558,0.594,-0.591167,Down
GSE39645,NA,0.119434,0.559,0.595,0.589482,Up
GSE39645,ZBTB16,0.239531,0.559,0.595,0.58917,Up
GSE39645,TOP2A,-0.188196,0.559,0.596,-0.588429,Down
GSE39645,DGCR6,-0.070915,0.56,0.596,-0.587487,Down
GSE39645,SYT6,0.081023,0.56,0.596,0.587455,Up
GSE39645,TSPY10///TSPY4///TSPY3///TSPY2///TSPY1,-0.083997,0.56,0.597,-0.587141,Down
GSE39645,TRIM63,0.093522,0.561,0.597,0.586449,Up
GSE39645,TTYH3,0.104969,0.561,0.597,0.586387,Up
GSE39645,GPR174,-0.074373,0.561,0.597,-0.586281,Down
GSE39645,HAUS5,0.0371,0.561,0.597,0.586269,Up
GSE39645,L1TD1,0.103968,0.561,0.597,0.585709,Up
GSE39645,ULBP3,-0.078333,0.562,0.598,-0.585201,Down
GSE39645,GLTSCR1,-0.049015,0.562,0.598,-0.585141,Down
GSE39645,PDLIM5,0.084847,0.562,0.598,0.584412,Up
GSE39645,THOC5,-0.068418,0.562,0.598,-0.58435,Down
GSE39645,AP4S1,0.060332,0.563,0.599,0.583528,Up
GSE39645,TPM1,-0.066616,0.563,0.599,-0.583466,Down
GSE39645,RAB30,0.112901,0.563,0.599,0.583167,Up
GSE39645,PGGHG,-0.060642,0.563,0.599,-0.583095,Down
GSE39645,KHNYN,-0.046018,0.563,0.599,-0.582729,Down
GSE39645,ICOSLG,0.098907,0.564,0.6,0.581586,Up
GSE39645,SOCS2,-0.121438,0.564,0.6,-0.581492,Down
GSE39645,ARHGAP32,0.128182,0.564,0.6,0.581402,Up
GSE39645,WDR1,0.080621,0.564,0.6,0.580952,Up
GSE39645,RRAD,-0.200156,0.564,0.6,-0.580763,Down
GSE39645,GIPC1,0.033329,0.565,0.601,0.580078,Up
GSE39645,LRRC2,0.150351,0.565,0.601,0.579876,Up
GSE39645,KLHL41,0.090953,0.565,0.601,0.579278,Up
GSE39645,NQO2,0.07866,0.566,0.602,0.578069,Up
GSE39645,SNX25,-0.074937,0.567,0.602,-0.577687,Down
GSE39645,IER2,-0.109161,0.567,0.602,-0.577534,Down
GSE39645,RAB3IP,0.08674,0.567,0.603,0.576859,Up
GSE39645,FAM206A,0.09684,0.567,0.603,0.576781,Up
GSE39645,IL1RAPL2,-0.086247,0.568,0.604,-0.575085,Down
GSE39645,C2orf68,-0.034485,0.568,0.604,-0.575054,Down
GSE39645,MCUB,0.096064,0.568,0.604,0.575049,Up
GSE39645,ERI1,-0.071865,0.568,0.604,-0.574807,Down
GSE39645,TMOD3,0.095948,0.569,0.604,0.574718,Up
GSE39645,KIRREL3,0.082116,0.569,0.604,0.57469,Up
GSE39645,RAP1GAP,0.128002,0.569,0.604,0.574438,Up
GSE39645,FES,0.059682,0.569,0.605,0.573849,Up
GSE39645,SLC9B1,0.135821,0.57,0.606,0.572203,Up
GSE39645,PON3,-0.112282,0.57,0.606,-0.57178,Down
GSE39645,CDC42EP1,0.078099,0.572,0.607,0.57018,Up
GSE39645,CPD,0.075089,0.572,0.607,0.569887,Up
GSE39645,PDE3B,0.132203,0.572,0.608,0.569504,Up
GSE39645,CD2,0.104243,0.572,0.608,0.569478,Up
GSE39645,PM20D2,0.065005,0.573,0.609,0.567758,Up
GSE39645,HIST1H2BG,0.081546,0.573,0.609,0.567677,Up
GSE39645,FKBPL,-0.04228,0.574,0.61,-0.566489,Down
GSE39645,ANKRD36,0.090453,0.574,0.61,0.565847,Up
GSE39645,ZNF804B,0.114921,0.575,0.61,0.565284,Up
GSE39645,CLTB,0.054623,0.576,0.611,0.564124,Up
GSE39645,RARG///RARG,-0.072954,0.576,0.611,-0.563766,Down
GSE39645,RCVRN,0.069173,0.576,0.612,0.563128,Up
GSE39645,FAM3B,-0.193637,0.577,0.612,-0.562854,Down
GSE39645,C19orf73,-0.046864,0.577,0.612,-0.562484,Down
GSE39645,LAGE3,-0.059003,0.577,0.613,-0.561483,Down
GSE39645,FGF13,-0.100669,0.578,0.613,-0.561106,Down
GSE39645,MXI1,0.052624,0.578,0.614,0.560195,Up
GSE39645,NCF4,0.118288,0.578,0.614,0.559985,Up
GSE39645,CXCL14,-0.152767,0.578,0.614,-0.559913,Down
GSE39645,CH25H,-0.200581,0.579,0.614,-0.559433,Down
GSE39645,KIF21B,-0.065808,0.579,0.614,-0.559062,Down
GSE39645,MRPL32,-0.076295,0.58,0.616,-0.557072,Down
GSE39645,PDGFRB///PDGFRB,0.105839,0.581,0.616,0.556213,Up
GSE39645,ZNF598,-0.047602,0.581,0.617,-0.555894,Down
GSE39645,KTI12///TXNDC12,-0.064526,0.581,0.617,-0.555523,Down
GSE39645,RNF180,-0.147873,0.582,0.617,-0.555106,Down
GSE39645,SLC6A1,0.148037,0.582,0.617,0.555039,Up
GSE39645,TMEM11,0.058141,0.582,0.617,0.554665,Up
GSE39645,TTC28,0.07312,0.583,0.619,0.552742,Up
GSE39645,TSHZ1,0.069627,0.584,0.619,0.55249,Up
GSE39645,CEP78,-0.095393,0.584,0.619,-0.551615,Down
GSE39645,PTPN1,0.094216,0.585,0.62,0.55104,Up
GSE39645,EIF1AY,0.424605,0.585,0.62,0.550845,Up
GSE39645,TMED8,0.052471,0.585,0.62,0.550795,Up
GSE39645,FBXO16,0.068092,0.585,0.62,0.550656,Up
GSE39645,RFX1,0.059153,0.585,0.62,0.550593,Up
GSE39645,HIGD1B,0.134885,0.585,0.62,0.550036,Up
GSE39645,IFITM1,-0.144853,0.585,0.621,-0.549623,Down
GSE39645,SLC25A27,0.082078,0.587,0.622,0.547069,Up
GSE39645,ZNF77,-0.036024,0.588,0.623,-0.546002,Down
GSE39645,B3GALNT2,0.056007,0.589,0.624,0.544557,Up
GSE39645,PRDX1,0.064,0.589,0.624,0.544214,Up
GSE39645,ZNF781,0.049349,0.59,0.625,0.543681,Up
GSE39645,CCDC51,0.049214,0.59,0.625,0.542883,Up
GSE39645,C2CD2L,-0.038469,0.591,0.626,-0.542139,Down
GSE39645,OGFOD2,-0.037696,0.591,0.626,-0.542102,Down
GSE39645,TRIM16L///TRIM16,0.066636,0.591,0.626,0.541897,Up
GSE39645,RUSC1,-0.036893,0.591,0.626,-0.541638,Down
GSE39645,SPA17,0.107085,0.591,0.626,0.541608,Up
GSE39645,RPS4Y2,-0.127441,0.591,0.626,-0.541464,Down
GSE39645,PPP3R1,0.06342,0.591,0.626,0.541377,Up
GSE39645,TCOF1,-0.035352,0.591,0.626,-0.541294,Down
GSE39645,TSPAN18,0.144609,0.591,0.626,0.540907,Up
GSE39645,NFYA,-0.068562,0.591,0.626,-0.540803,Down
GSE39645,ANKS3,-0.031947,0.592,0.627,-0.54059,Down
GSE39645,LOC102724788///PRODH,0.103808,0.592,0.627,0.539669,Up
GSE39645,PPP2R5A,0.076264,0.592,0.627,0.539404,Up
GSE39645,MMEL1,0.075562,0.593,0.627,0.53925,Up
GSE39645,TRIM56,0.048532,0.593,0.627,0.539229,Up
GSE39645,MAP3K8,-0.07878,0.593,0.627,-0.538965,Down
GSE39645,ARMC6,0.05128,0.593,0.628,0.538152,Up
GSE39645,CPNE8,0.081367,0.593,0.628,0.538007,Up
GSE39645,ACSM3,-0.046013,0.594,0.629,-0.537221,Down
GSE39645,ATF3,-0.1345,0.594,0.629,-0.536948,Down
GSE39645,GOLGA6L3///GOLGA6L10///GOLGA6L4///GOLGA6L17P///GOLGA6L9///GOLGA6L5P,0.048898,0.595,0.629,0.536343,Up
GSE39645,HIST1H2BF,-0.071679,0.595,0.63,-0.53532,Down
GSE39645,STK38,0.080905,0.595,0.63,0.535232,Up
GSE39645,NA,-0.106789,0.596,0.63,-0.534748,Down
GSE39645,LDLRAD2,0.040169,0.596,0.63,0.53465,Up
GSE39645,FAM212B,-0.065319,0.596,0.631,-0.53367,Down
GSE39645,WWTR1,0.094694,0.597,0.632,0.532395,Up
GSE39645,BCL7C,0.038578,0.597,0.632,0.532147,Up
GSE39645,RILPL2,0.08657,0.598,0.632,0.531746,Up
GSE39645,GINS1,0.12308,0.598,0.633,0.531268,Up
GSE39645,FGFR1OP,-0.052932,0.598,0.633,-0.531192,Down
GSE39645,NA,-0.063899,0.598,0.633,-0.530867,Down
GSE39645,ANAPC2,0.040945,0.598,0.633,0.530617,Up
GSE39645,SPIN4,0.072902,0.599,0.633,0.530253,Up
GSE39645,KCNAB3,-0.057421,0.599,0.633,-0.53014,Down
GSE39645,CD96,-0.087473,0.601,0.635,-0.527112,Down
GSE39645,GORAB,0.069212,0.601,0.635,0.526882,Up
GSE39645,HDAC4,-0.059466,0.602,0.637,-0.524989,Down
GSE39645,ABHD8,-0.040601,0.603,0.637,-0.524188,Down
GSE39645,ID4,0.118709,0.604,0.638,0.523115,Up
GSE39645,KCNK10,-0.072445,0.605,0.639,-0.521541,Down
GSE39645,IRF2BP2,0.035662,0.605,0.639,0.521238,Up
GSE39645,TMED3,-0.056215,0.605,0.64,-0.520901,Down
GSE39645,KIF26B,0.055045,0.605,0.64,0.520475,Up
GSE39645,EPCAM,0.163814,0.606,0.641,0.519463,Up
GSE39645,FLNB,-0.067522,0.607,0.641,-0.518336,Down
GSE39645,NLRP2,0.074651,0.607,0.641,0.518299,Up
GSE39645,ENO3,0.047852,0.608,0.642,0.517486,Up
GSE39645,SIPA1L3,-0.043053,0.608,0.642,-0.517264,Down
GSE39645,PSD4,-0.06079,0.608,0.642,-0.516947,Down
GSE39645,FASTK,-0.036692,0.608,0.643,-0.516086,Down
GSE39645,SLC38A4,-0.091759,0.609,0.643,-0.516029,Down
GSE39645,SLC35D1,0.070538,0.609,0.643,0.515734,Up
GSE39645,SPSB2,0.034391,0.609,0.643,0.515657,Up
GSE39645,PGP,0.048717,0.609,0.643,0.515206,Up
GSE39645,ZDHHC8,-0.054265,0.609,0.644,-0.514833,Down
GSE39645,SIGLEC1,-0.101023,0.61,0.644,-0.513827,Down
GSE39645,ACOT11,-0.057668,0.61,0.644,-0.51375,Down
GSE39645,NCAPG2,0.089115,0.61,0.644,0.513475,Up
GSE39645,TOE1,0.041874,0.61,0.644,0.513444,Up
GSE39645,PARK2,-0.037388,0.611,0.645,-0.512182,Down
GSE39645,HIST1H2BI,0.142735,0.611,0.645,0.511894,Up
GSE39645,CDIP1,0.049285,0.611,0.646,0.511766,Up
GSE39645,MEX3D,-0.042836,0.612,0.646,-0.51104,Down
GSE39645,USP3,0.060997,0.612,0.646,0.510858,Up
GSE39645,HGF,-0.109447,0.612,0.646,-0.510828,Down
GSE39645,ABTB2,0.100183,0.613,0.646,0.510258,Up
GSE39645,C5orf34,-0.047788,0.613,0.646,-0.51014,Down
GSE39645,NUDT15,0.053703,0.613,0.647,0.509617,Up
GSE39645,HR,0.061639,0.614,0.648,0.508449,Up
GSE39645,C1orf53,0.038888,0.614,0.648,0.508152,Up
GSE39645,PGM2L1,0.124356,0.615,0.649,0.506947,Up
GSE39645,CGN,0.051216,0.615,0.649,0.506672,Up
GSE39645,LDHAL6B,0.047196,0.616,0.649,0.505807,Up
GSE39645,HNRNPA3///HNRNPA3P1,0.033649,0.616,0.65,0.505326,Up
GSE39645,CCDC96,-0.074352,0.616,0.65,-0.504746,Down
GSE39645,HNRNPA1P6///HNRNPA1P10///HNRNPA1L2///HNRNPA1,0.053019,0.616,0.65,0.504569,Up
GSE39645,TMEM132A,-0.052098,0.617,0.651,-0.5041,Down
GSE39645,MT1A,-0.076367,0.617,0.651,-0.503755,Down
GSE39645,MYH10,0.095957,0.617,0.651,0.503643,Up
GSE39645,PRDM5,-0.062372,0.618,0.651,-0.503106,Down
GSE39645,EEF1B2,0.052774,0.619,0.652,0.501601,Up
GSE39645,MAML1///LTC4S,0.069851,0.619,0.653,0.500995,Up
GSE39645,RELA,0.042991,0.619,0.653,0.50036,Up
GSE39645,FNBP1,0.091163,0.619,0.653,0.500294,Up
GSE39645,NDEL1,0.072226,0.62,0.653,0.49986,Up
GSE39645,NIPSNAP1,0.068585,0.62,0.653,0.499851,Up
GSE39645,PDE4A,-0.046167,0.62,0.653,-0.499605,Down
GSE39645,SETD6,-0.033832,0.622,0.655,-0.496988,Down
GSE39645,ESRRA,-0.046622,0.622,0.655,-0.496788,Down
GSE39645,CTTNBP2,0.105559,0.622,0.656,0.496012,Up
GSE39645,PBLD,0.040312,0.623,0.656,0.495752,Up
GSE39645,ZNF732,0.022729,0.623,0.656,0.495622,Up
GSE39645,AP1S3,0.074275,0.623,0.656,0.495539,Up
GSE39645,UPK1A,-0.078579,0.624,0.657,-0.494173,Down
GSE39645,CCM2,0.034837,0.624,0.658,0.493688,Up
GSE39645,COIL,0.032879,0.624,0.658,0.493353,Up
GSE39645,SNRPB,0.08019,0.625,0.658,0.492672,Up
GSE39645,PCDHB8,0.070333,0.625,0.658,0.492619,Up
GSE39645,FBRS,0.042053,0.625,0.658,0.492129,Up
GSE39645,NFKBIA,0.073076,0.626,0.659,0.491579,Up
GSE39645,PPM1L,0.056739,0.626,0.659,0.491006,Up
GSE39645,POTEF///POTEJ///POTEM///POTEE///POTEKP,0.032372,0.626,0.66,0.490442,Up
GSE39645,MAD2L2,-0.062002,0.626,0.66,-0.490433,Down
GSE39645,TCF7L2,-0.080875,0.627,0.66,-0.489731,Down
GSE39645,KLRC2,-0.04095,0.627,0.66,-0.489578,Down
GSE39645,DNAJB1,0.136074,0.627,0.66,0.489268,Up
GSE39645,NOL3,-0.04475,0.627,0.661,-0.48888,Down
GSE39645,AFMID,-0.044825,0.628,0.661,-0.488266,Down
GSE39645,IER3,0.121381,0.628,0.662,0.48753,Up
GSE39645,HECA,0.056809,0.629,0.662,0.487336,Up
GSE39645,RPL17-C18orf32///RPL17,0.032606,0.629,0.662,0.486852,Up
GSE39645,C10orf2,0.064943,0.629,0.662,0.486773,Up
GSE39645,C12orf65,0.035973,0.629,0.662,0.48641,Up
GSE39645,H1FX,-0.052182,0.63,0.663,-0.485442,Down
GSE39645,RASGRP1,0.066974,0.63,0.663,0.484937,Up
GSE39645,CRYBB1,-0.049848,0.631,0.664,-0.483336,Down
GSE39645,LRRTM1,-0.071538,0.632,0.665,-0.482895,Down
GSE39645,KCNC4,0.03657,0.632,0.665,0.48213,Up
GSE39645,ISOC2,0.037669,0.632,0.665,0.482073,Up
GSE39645,TMTC2,-0.089648,0.633,0.665,-0.481652,Down
GSE39645,LOC100128398,0.051517,0.633,0.665,0.481528,Up
GSE39645,AIF1L,-0.121573,0.634,0.667,-0.47902,Down
GSE39645,APOBEC3B,-0.082093,0.634,0.667,-0.4789,Down
GSE39645,CAPS,-0.092113,0.634,0.667,-0.478875,Down
GSE39645,COL11A1,0.088097,0.635,0.668,0.478339,Up
GSE39645,ELMOD3,-0.032264,0.635,0.668,-0.477603,Down
GSE39645,PHLDA1,-0.123356,0.635,0.668,-0.477599,Down
GSE39645,IKZF4,-0.044284,0.635,0.668,-0.477461,Down
GSE39645,ZNF580,-0.03555,0.636,0.668,-0.477059,Down
GSE39645,FHIT,0.058864,0.636,0.669,0.47684,Up
GSE39645,PLVAP,-0.086684,0.636,0.669,-0.476073,Down
GSE39645,PCDHB12,-0.063072,0.637,0.67,-0.475314,Down
GSE39645,RPS27///RPS27,0.024534,0.638,0.67,0.47458,Up
GSE39645,SLC43A3///PRG2,-0.058267,0.638,0.67,-0.474083,Down
GSE39645,FADD,-0.031262,0.638,0.671,-0.473647,Down
GSE39645,RFX3,0.067762,0.638,0.671,0.473418,Up
GSE39645,PRIM2,0.055928,0.639,0.671,0.473152,Up
GSE39645,VENTX,0.056225,0.639,0.671,0.473063,Up
GSE39645,LIPH,-0.087554,0.639,0.671,-0.472442,Down
GSE39645,PPP1CC,-0.072073,0.64,0.672,-0.471081,Down
GSE39645,MTSS1,-0.108275,0.641,0.673,-0.470236,Down
GSE39645,TFAP4,-0.038762,0.641,0.673,-0.4698,Down
GSE39645,CNTNAP1,-0.078781,0.641,0.674,-0.469239,Down
GSE39645,C2orf69,0.049236,0.642,0.674,0.468424,Up
GSE39645,RGS7,0.059571,0.643,0.675,0.467401,Up
GSE39645,CAMK2G,-0.062162,0.643,0.675,-0.467321,Down
GSE39645,BCL9L,-0.041898,0.643,0.675,-0.466815,Down
GSE39645,DNHD1,0.040717,0.644,0.676,0.465937,Up
GSE39645,PLCG1,-0.069387,0.644,0.677,-0.464757,Down
GSE39645,NA,0.044886,0.645,0.677,0.46449,Up
GSE39645,TOP3B,-0.038973,0.645,0.678,-0.463489,Down
GSE39645,PRRC1,0.053932,0.645,0.678,0.463438,Up
GSE39645,ZGRF1,-0.036331,0.646,0.678,-0.462302,Down
GSE39645,METTL1,-0.061055,0.646,0.679,-0.462044,Down
GSE39645,ATAD3C///ATAD3B///ATAD3A,0.047297,0.648,0.68,0.46051,Up
GSE39645,POLRMT,0.034251,0.648,0.68,0.460471,Up
GSE39645,ZNHIT2,-0.048439,0.648,0.68,-0.459572,Down
GSE39645,TYSND1,0.03027,0.648,0.681,0.459274,Up
GSE39645,GPER1,-0.059937,0.649,0.681,-0.458815,Down
GSE39645,PLA2G10,-0.087258,0.649,0.681,-0.458812,Down
GSE39645,GAN,0.077491,0.649,0.681,0.458321,Up
GSE39645,NUS1,0.029519,0.649,0.681,0.457935,Up
GSE39645,ELK3,0.075745,0.65,0.682,0.456685,Up
GSE39645,CCNB1,-0.125677,0.65,0.682,-0.456467,Down
GSE39645,HNMT,-0.068483,0.651,0.683,-0.455158,Down
GSE39645,RAD9B,-0.032967,0.652,0.684,-0.454518,Down
GSE39645,DUS4L,-0.029628,0.652,0.684,-0.453605,Down
GSE39645,NPHP4,-0.035508,0.652,0.684,-0.453567,Down
GSE39645,STK40,0.079686,0.653,0.684,0.453464,Up
GSE39645,BHMT2,-0.084354,0.653,0.685,-0.452746,Down
GSE39645,CD83,0.124433,0.653,0.685,0.452347,Up
GSE39645,RPL26,0.025851,0.654,0.686,0.451765,Up
GSE39645,ZNF418,0.045495,0.654,0.686,0.450868,Up
GSE39645,MANF,0.039833,0.654,0.686,0.450752,Up
GSE39645,LPCAT1,-0.055334,0.655,0.687,-0.449558,Down
GSE39645,NR4A1,0.114641,0.656,0.687,0.449129,Up
GSE39645,YES1,-0.072368,0.656,0.688,-0.448749,Down
GSE39645,SRGN,0.061914,0.657,0.688,0.447755,Up
GSE39645,SUV39H2,-0.051318,0.659,0.69,-0.445044,Down
GSE39645,MSH5-SAPCD1///MSH5,-0.032779,0.659,0.69,-0.444973,Down
GSE39645,C7orf50,0.026641,0.659,0.69,0.444838,Up
GSE39645,SLC9A1,-0.057195,0.659,0.691,-0.444393,Down
GSE39645,ISG20,0.06067,0.659,0.691,0.443928,Up
GSE39645,KLRB1,-0.108133,0.659,0.691,-0.443901,Down
GSE39645,YY2///MBTPS2,0.043772,0.66,0.691,0.443687,Up
GSE39645,CSMD2,-0.070665,0.662,0.693,-0.440833,Down
GSE39645,PIEZO2,0.127326,0.662,0.693,0.440559,Up
GSE39645,ZC2HC1C,-0.060584,0.663,0.694,-0.439357,Down
GSE39645,PCDHB4,0.220975,0.664,0.695,0.438141,Up
GSE39645,KDELR3,0.11627,0.664,0.695,0.437934,Up
GSE39645,FOXK1,-0.039527,0.664,0.695,-0.437616,Down
GSE39645,PDZD11,0.041064,0.664,0.696,0.436822,Up
GSE39645,RPEL1,-0.039764,0.665,0.697,-0.435992,Down
GSE39645,TRNP1,-0.036608,0.665,0.697,-0.435551,Down
GSE39645,RBM38,0.032061,0.666,0.698,0.43435,Up
GSE39645,ACSL1,0.124294,0.667,0.698,0.433322,Up
GSE39645,ZNRF2,-0.026706,0.667,0.699,-0.433094,Down
GSE39645,SPTB,0.07137,0.667,0.699,0.433048,Up
GSE39645,ZBTB21,0.098528,0.667,0.699,0.43296,Up
GSE39645,DCAF12,0.057208,0.667,0.699,0.432726,Up
GSE39645,NAT1,0.047333,0.668,0.699,0.432571,Up
GSE39645,ATP9A,0.083077,0.668,0.699,0.432223,Up
GSE39645,MCMDC2,-0.034459,0.668,0.699,-0.431782,Down
GSE39645,SEPT6,0.06605,0.668,0.699,0.431743,Up
GSE39645,ATP1B1,-0.105813,0.668,0.7,-0.431438,Down
GSE39645,GAREM1,0.076459,0.669,0.7,0.430444,Up
GSE39645,POLR1C,0.066049,0.67,0.701,0.428999,Up
GSE39645,DTNA,-0.098156,0.67,0.701,-0.428736,Down
GSE39645,MPV17L2,-0.033921,0.671,0.702,-0.428432,Down
GSE39645,CCDC117,0.046289,0.671,0.702,0.428036,Up
GSE39645,SUMO4,-0.028793,0.671,0.702,-0.427645,Down
GSE39645,STX10,0.028381,0.671,0.702,0.427538,Up
GSE39645,DOCK9,-0.095005,0.671,0.702,-0.427385,Down
GSE39645,POLM,0.03432,0.673,0.704,0.425357,Up
GSE39645,PHOSPHO2-KLHL23///PHOSPHO2///KLHL23,0.04273,0.673,0.704,0.425314,Up
GSE39645,FKBP14,0.07496,0.674,0.705,0.423487,Up
GSE39645,NA,0.035459,0.674,0.705,0.423013,Up
GSE39645,MAP4K2,0.037918,0.675,0.706,0.422383,Up
GSE39645,SRP19,-0.033001,0.675,0.706,-0.422274,Down
GSE39645,DPM3,-0.024601,0.675,0.706,-0.42189,Down
GSE39645,FUK,-0.034271,0.676,0.706,-0.421424,Down
GSE39645,RPL5,-0.02141,0.676,0.706,-0.421323,Down
GSE39645,ETV1,0.093998,0.676,0.706,0.421267,Up
GSE39645,ITGAX,0.107712,0.677,0.708,0.419759,Up
GSE39645,ACO1,0.054767,0.677,0.708,0.419079,Up
GSE39645,SV2B,-0.137111,0.678,0.709,-0.418051,Down
GSE39645,H3F3AP4///H3F3A,0.028046,0.679,0.71,0.416829,Up
GSE39645,XYLB,-0.036219,0.679,0.71,-0.416309,Down
GSE39645,SLC7A6,-0.048693,0.679,0.71,-0.416173,Down
GSE39645,DSCC1,0.058309,0.68,0.71,0.415646,Up
GSE39645,PIGL,0.034396,0.681,0.711,0.414517,Up
GSE39645,LRP6,-0.052001,0.681,0.711,-0.414493,Down
GSE39645,NANOS1,-0.031951,0.682,0.713,-0.412425,Down
GSE39645,TRANK1,0.061265,0.682,0.713,0.412011,Up
GSE39645,HMGXB3,0.033293,0.683,0.713,0.411775,Up
GSE39645,CST1,-0.210044,0.683,0.714,-0.410998,Down
GSE39645,SLAMF6,-0.090526,0.683,0.714,-0.41069,Down
GSE39645,CD8A,0.075015,0.683,0.714,0.410568,Up
GSE39645,PTN,-0.13258,0.684,0.714,-0.410277,Down
GSE39645,ASAH2B///ASAH2,-0.05468,0.684,0.714,-0.410218,Down
GSE39645,HIST1H3G,-0.044141,0.684,0.715,-0.409577,Down
GSE39645,SCML1,-0.072923,0.685,0.715,-0.409093,Down
GSE39645,TNF,-0.075291,0.685,0.716,-0.408222,Down
GSE39645,COL4A3,-0.055423,0.685,0.716,-0.407812,Down
GSE39645,STOM,0.054332,0.686,0.716,0.407374,Up
GSE39645,IDI1,-0.082176,0.686,0.716,-0.406932,Down
GSE39645,ATP5G2,0.02297,0.687,0.718,0.40518,Up
GSE39645,MSMO1,0.113878,0.688,0.718,0.404352,Up
GSE39645,SRCIN1,-0.042166,0.688,0.719,-0.403681,Down
GSE39645,ORAI3,-0.029884,0.689,0.719,-0.403653,Down
GSE39645,TMEM257,-0.03766,0.689,0.719,-0.403295,Down
GSE39645,VWA5A,0.045928,0.689,0.719,0.403014,Up
GSE39645,PRDM10,0.029968,0.69,0.72,0.402095,Up
GSE39645,CDON,-0.068033,0.69,0.72,-0.402086,Down
GSE39645,TRPV2,0.054542,0.691,0.721,0.400726,Up
GSE39645,PPP2R1B,-0.05386,0.692,0.722,-0.398729,Down
GSE39645,ASPHD1,0.049822,0.693,0.723,0.397671,Up
GSE39645,DNMT3A,-0.029933,0.693,0.723,-0.39747,Down
GSE39645,ZFP41///GLI4,-0.032937,0.693,0.723,-0.397356,Down
GSE39645,TRIM61,-0.045711,0.693,0.723,-0.397304,Down
GSE39645,FAM181B,-0.0399,0.694,0.724,-0.396265,Down
GSE39645,SIK2,0.069477,0.695,0.724,0.3954,Up
GSE39645,ALDH1B1,-0.044142,0.695,0.725,-0.394632,Down
GSE39645,TEC,0.040842,0.695,0.725,0.394323,Up
GSE39645,SLC9A5,-0.038489,0.697,0.727,-0.392295,Down
GSE39645,AKIRIN1,0.043989,0.697,0.727,0.392233,Up
GSE39645,TXLNGY,-0.073813,0.697,0.727,-0.391998,Down
GSE39645,NACA,0.019941,0.698,0.728,0.391053,Up
GSE39645,MYD88,-0.04143,0.698,0.728,-0.390985,Down
GSE39645,MYO1D,0.084753,0.698,0.728,0.390721,Up
GSE39645,DCUN1D2,0.039576,0.698,0.728,0.390601,Up
GSE39645,YWHAG,-0.044273,0.698,0.728,-0.390307,Down
GSE39645,C1QTNF3-AMACR///AMACR,-0.040629,0.699,0.728,-0.389972,Down
GSE39645,GPC3,-0.167546,0.699,0.729,-0.388735,Down
GSE39645,LOC100128035,-0.039764,0.7,0.729,-0.388599,Down
GSE39645,TAF6L,0.030536,0.7,0.729,0.388093,Up
GSE39645,TSSK3,-0.048532,0.7,0.73,-0.38783,Down
GSE39645,FCHO1,-0.039324,0.7,0.73,-0.387688,Down
GSE39645,TELO2,0.039571,0.701,0.73,0.386856,Up
GSE39645,PLPP5,-0.042467,0.701,0.73,-0.386656,Down
GSE39645,PPRC1,-0.072046,0.702,0.731,-0.385809,Down
GSE39645,UBIAD1,-0.025885,0.702,0.731,-0.385487,Down
GSE39645,RHOBTB2,0.0363,0.702,0.732,0.384585,Up
GSE39645,FKBP1B,-0.031313,0.703,0.732,-0.38387,Down
GSE39645,SIRT4,-0.03941,0.703,0.732,-0.383695,Down
GSE39645,PLEK2,-0.062633,0.703,0.733,-0.38334,Down
GSE39645,ITPKB,0.078692,0.704,0.733,0.382684,Up
GSE39645,EPHA6,-0.038038,0.704,0.733,-0.382648,Down
GSE39645,WDHD1,-0.069695,0.704,0.733,-0.38224,Down
GSE39645,ABI3BP,0.09752,0.705,0.735,0.380638,Up
GSE39645,CHMP1A,0.028493,0.706,0.735,0.379824,Up
GSE39645,NIP7,-0.064075,0.706,0.735,-0.379728,Down
GSE39645,UNC13D,-0.038277,0.707,0.736,-0.378374,Down
GSE39645,BCORL1,0.033985,0.709,0.738,0.375413,Up
GSE39645,UBE2M,-0.027961,0.709,0.738,-0.375338,Down
GSE39645,TMEM159///TMEM159,-0.05192,0.709,0.738,-0.375334,Down
GSE39645,SHARPIN,0.025004,0.709,0.738,0.375305,Up
GSE39645,SPIC///SPIC,0.030362,0.709,0.738,0.37512,Up
GSE39645,LEF1,-0.092868,0.71,0.739,-0.374719,Down
GSE39645,MAB21L1,-0.077966,0.711,0.74,-0.373285,Down
GSE39645,CCDC189,-0.032295,0.711,0.74,-0.372769,Down
GSE39645,TKFC,0.0252,0.712,0.741,0.371757,Up
GSE39645,MOB3C,-0.028305,0.712,0.741,-0.37148,Down
GSE39645,HRASLS5,0.035315,0.712,0.741,0.371151,Up
GSE39645,ARHGEF7,0.033327,0.713,0.742,0.369956,Up
GSE39645,CACFD1,0.031268,0.714,0.743,0.369101,Up
GSE39645,DNASE1L2,-0.033782,0.714,0.743,-0.368639,Down
GSE39645,QPCT,-0.075236,0.715,0.743,-0.368187,Down
GSE39645,STARD5,0.045989,0.715,0.743,0.367947,Up
GSE39645,COMMD5,0.02051,0.715,0.744,0.367449,Up
GSE39645,ZNF865,-0.046348,0.715,0.744,-0.367006,Down
GSE39645,YRDC,-0.040566,0.716,0.744,-0.366575,Down
GSE39645,NFKBIL1,-0.02419,0.716,0.744,-0.366542,Down
GSE39645,PKD1P6-NPIPP1///NPIPA8///NPIPA7///NPIPB9///NPIPA5///NPIPB5///NPIPB6///NPIPA2///NPIPA3///NPIPB4///PKD1P1///PDXDC2P///NPIPB3///NPIPA1///NPIPB5///NPIPB4///NPIPB3,0.034775,0.716,0.745,0.366357,Up
GSE39645,CCDC40,-0.029477,0.716,0.745,-0.366271,Down
GSE39645,PKD1P6-NPIPP1///NPIPA8///NPIPA7///NPIPB9///NPIPA5///NPIPB5///NPIPB6///NPIPA2///NPIPA3///NPIPB4///PKD1P1///PDXDC2P///NPIPB3///NPIPA1///NPIPB5///NPIPB4///NPIPB3,0.035106,0.717,0.745,0.365268,Up
GSE39645,KBTBD11,-0.03164,0.717,0.746,-0.364269,Down
GSE39645,SLCO1A2,-0.107905,0.718,0.747,-0.363424,Down
GSE39645,COL4A4,-0.050781,0.718,0.747,-0.363023,Down
GSE39645,SLC17A9,0.030506,0.72,0.749,0.36077,Up
GSE39645,SHH,0.039608,0.72,0.749,0.360258,Up
GSE39645,EWSR1,0.025066,0.721,0.749,0.360167,Up
GSE39645,B3GAT1,-0.091556,0.721,0.749,-0.359902,Down
GSE39645,LUM,-0.23097,0.721,0.749,-0.359412,Down
GSE39645,TIGD1,0.032802,0.721,0.75,0.359086,Up
GSE39645,UGT2B7,-0.027255,0.721,0.75,-0.358987,Down
GSE39645,COL8A2,-0.033034,0.723,0.751,-0.357422,Down
GSE39645,RPL35A,0.016574,0.723,0.751,0.356792,Up
GSE39645,LOC642846///DDX12P///DDX11,0.041869,0.724,0.752,0.356092,Up
GSE39645,ADAMTS15,-0.07395,0.724,0.753,-0.354895,Down
GSE39645,PODN,0.08797,0.724,0.753,0.354883,Up
GSE39645,ITM2C,0.075763,0.724,0.753,0.354836,Up
GSE39645,HEXIM2,-0.028488,0.725,0.753,-0.35441,Down
GSE39645,MORN3,0.041724,0.726,0.754,0.35299,Up
GSE39645,DUSP27,-0.034135,0.726,0.754,-0.35248,Down
GSE39645,ZNF608,-0.048673,0.726,0.754,-0.352296,Down
GSE39645,LZTS2,-0.026332,0.727,0.755,-0.352065,Down
GSE39645,WFS1,-0.037753,0.728,0.756,-0.350167,Down
GSE39645,RPS27A,-0.017061,0.728,0.756,-0.350123,Down
GSE39645,CLINT1,-0.037423,0.729,0.756,-0.349373,Down
GSE39645,DNLZ///CARD9,-0.027285,0.729,0.756,-0.349286,Down
GSE39645,DAB2,0.075171,0.729,0.756,0.349216,Up
GSE39645,ELL3,-0.025347,0.73,0.757,-0.347841,Down
GSE39645,KCNJ10,-0.129179,0.73,0.757,-0.347784,Down
GSE39645,CLIC6,0.056403,0.73,0.757,0.347751,Up
GSE39645,HIST1H2AL///HIST1H2AL,-0.04497,0.73,0.758,-0.347656,Down
GSE39645,COMTD1,-0.027126,0.731,0.758,-0.346709,Down
GSE39645,BHLHB9///BHLHB9,-0.030613,0.731,0.758,-0.346303,Down
GSE39645,ZFP36,-0.076053,0.731,0.759,-0.346123,Down
GSE39645,BMF,0.054279,0.731,0.759,0.345973,Up
GSE39645,CASP7,-0.028362,0.731,0.759,-0.345641,Down
GSE39645,CRTAM,0.044344,0.732,0.759,0.345362,Up
GSE39645,PCDHB13,0.056504,0.732,0.759,0.344737,Up
GSE39645,9,0.064877,0.732,0.759,0.344702,Up
GSE39645,MYLIP,-0.069107,0.734,0.761,-0.342415,Down
GSE39645,ZNF132,-0.025407,0.735,0.762,-0.341248,Down
GSE39645,ICA1L,0.044988,0.736,0.763,0.340034,Up
GSE39645,PALM,0.035081,0.736,0.763,0.339958,Up
GSE39645,CLCN2,0.035674,0.736,0.763,0.339845,Up
GSE39645,RBM15,0.038376,0.736,0.763,0.339746,Up
GSE39645,MAPK8IP1,-0.064696,0.736,0.763,-0.33972,Down
GSE39645,ABCC1,-0.040134,0.736,0.763,-0.339576,Down
GSE39645,TPRA1,0.025584,0.737,0.764,0.338549,Up
GSE39645,TXNRD1,0.05419,0.737,0.764,0.338529,Up
GSE39645,RPS16,0.020656,0.737,0.764,0.338321,Up
GSE39645,RPGRIP1L,0.046471,0.737,0.764,0.338248,Up
GSE39645,FASN,-0.0641,0.737,0.764,-0.338171,Down
GSE39645,TEK,-0.066468,0.738,0.765,-0.336769,Down
GSE39645,DONSON,-0.047917,0.738,0.765,-0.336494,Down
GSE39645,ARID1B,0.028378,0.739,0.766,0.335967,Up
GSE39645,ABHD1,0.029573,0.739,0.766,0.335739,Up
GSE39645,CD276,-0.040614,0.739,0.766,-0.3357,Down
GSE39645,SMARCA1,-0.059228,0.739,0.766,-0.335193,Down
GSE39645,WDR66,-0.046299,0.739,0.766,-0.334835,Down
GSE39645,GTPBP4,0.052743,0.74,0.766,0.334446,Up
GSE39645,TSPY10///TSPY4///TSPY3///TSPY2///TSPY1,-0.053305,0.74,0.767,-0.334198,Down
GSE39645,C10orf55,-0.055739,0.741,0.768,-0.332865,Down
GSE39645,NME3,0.026985,0.742,0.768,0.331692,Up
GSE39645,1,-0.030249,0.742,0.769,-0.331346,Down
GSE39645,TRMT2A,-0.024497,0.743,0.77,-0.330003,Down
GSE39645,IL7R,-0.106491,0.743,0.77,-0.329531,Down
GSE39645,ASNS,-0.035235,0.745,0.772,-0.327018,Down
GSE39645,VPS37B,0.050916,0.745,0.772,0.326738,Up
GSE39645,CHST15,-0.060504,0.745,0.772,-0.326734,Down
GSE39645,CTPS1,0.065693,0.746,0.773,0.325814,Up
GSE39645,ASB16-AS1,-0.028435,0.747,0.773,-0.32497,Down
GSE39645,CLIC1,0.032947,0.747,0.773,0.324892,Up
GSE39645,B3GNTL1,0.030765,0.747,0.774,0.324295,Up
GSE39645,RFC5,-0.037578,0.748,0.774,-0.323393,Down
GSE39645,UTY,0.110697,0.748,0.775,0.323138,Up
GSE39645,PI15,0.122778,0.748,0.775,0.322766,Up
GSE39645,RTN1,0.084807,0.749,0.775,0.322677,Up
GSE39645,AP4M1,0.027613,0.749,0.775,0.322057,Up
GSE39645,ATP5J2-PTCD1///PTCD1,-0.032059,0.75,0.776,-0.32136,Down
GSE39645,NDUFA4L2,-0.049829,0.75,0.776,-0.32102,Down
GSE39645,CKB,-0.06717,0.75,0.776,-0.320943,Down
GSE39645,NUAK1,0.064033,0.75,0.776,0.320394,Up
GSE39645,VWF,-0.079992,0.751,0.777,-0.319891,Down
GSE39645,ST6GALNAC6,0.028736,0.751,0.777,0.319271,Up
GSE39645,ADAMDEC1,0.065216,0.752,0.778,0.317946,Up
GSE39645,RBMXL3,-0.031733,0.753,0.779,-0.317176,Down
GSE39645,TPD52///TPD52,0.052186,0.753,0.779,0.316454,Up
GSE39645,DGAT1,0.028478,0.753,0.779,0.316303,Up
GSE39645,FAM89B,-0.034497,0.754,0.78,-0.315655,Down
GSE39645,RILP,-0.030172,0.755,0.781,-0.314583,Down
GSE39645,ECT2,-0.067634,0.755,0.781,-0.313867,Down
GSE39645,TNS1,0.058388,0.755,0.781,0.31375,Up
GSE39645,SPRED3,-0.031537,0.755,0.781,-0.313487,Down
GSE39645,CEP250,-0.023503,0.756,0.782,-0.312971,Down
GSE39645,FIGNL2,-0.055192,0.756,0.782,-0.312752,Down
GSE39645,ARFGAP3,-0.055419,0.757,0.783,-0.3113,Down
GSE39645,CERCAM,0.041643,0.757,0.783,0.311027,Up
GSE39645,RPS4Y1,0.278217,0.757,0.783,0.310931,Up
GSE39645,ANO5,0.077533,0.758,0.783,0.310684,Up
GSE39645,AUTS2,-0.040722,0.758,0.783,-0.310295,Down
GSE39645,UNC79,0.052158,0.758,0.783,0.310155,Up
GSE39645,PPFIBP1///ALK,-0.06095,0.758,0.784,-0.309825,Down
GSE39645,TNIP1,-0.025223,0.759,0.784,-0.308997,Down
GSE39645,SPATA17,0.03427,0.759,0.784,0.308882,Up
GSE39645,CWC25,-0.02716,0.759,0.785,-0.308514,Down
GSE39645,PTPN4,0.0338,0.76,0.786,0.30687,Up
GSE39645,NUPR1,-0.088776,0.76,0.786,-0.306813,Down
GSE39645,WWC3,0.037777,0.761,0.786,0.306688,Up
GSE39645,MGP,-0.123673,0.761,0.786,-0.306324,Down
GSE39645,OCLN///LOC647859,-0.06702,0.761,0.786,-0.306299,Down
GSE39645,DOCK3,0.047089,0.761,0.787,0.305517,Up
GSE39645,C1QBP,-0.031005,0.762,0.787,-0.305161,Down
GSE39645,ZNF35,0.03118,0.762,0.787,0.304587,Up
GSE39645,FBN1,0.083609,0.763,0.788,0.303662,Up
GSE39645,MFAP4,-0.095811,0.763,0.788,-0.30356,Down
GSE39645,CCNI,0.025714,0.763,0.788,0.303215,Up
GSE39645,NCL,0.025258,0.764,0.789,0.302636,Up
GSE39645,KCND1,-0.036786,0.765,0.79,-0.30117,Down
GSE39645,TNS2,0.054218,0.765,0.79,0.3007,Up
GSE39645,TCFL5,-0.026408,0.766,0.791,-0.29961,Down
GSE39645,SLC25A25,0.057411,0.766,0.791,0.29938,Up
GSE39645,NBPF25P///NBPF19///NBPF20///NBPF10///NBPF8///NBPF9///NBPF15///NBPF11///NBPF12///NBPF3///NBPF1///NBPF14,-0.019333,0.766,0.791,-0.299245,Down
GSE39645,GOLIM4,0.076966,0.767,0.791,0.298827,Up
GSE39645,SOX8,0.038872,0.767,0.792,0.298156,Up
GSE39645,C12orf57///C12orf57,0.039843,0.767,0.792,0.298119,Up
GSE39645,DCUN1D3,0.039393,0.768,0.792,0.297403,Up
GSE39645,TRIM25,0.035656,0.768,0.792,0.297175,Up
GSE39645,THEM6,-0.016459,0.768,0.793,-0.296701,Down
GSE39645,EIF3B,-0.033489,0.768,0.793,-0.296678,Down
GSE39645,ZNF101,0.024898,0.768,0.793,0.296661,Up
GSE39645,GTPBP1,0.030443,0.769,0.793,0.296004,Up
GSE39645,BZW1,0.04161,0.769,0.793,0.295831,Up
GSE39645,SMPD3,0.035335,0.769,0.794,0.29538,Up
GSE39645,SOGA1,-0.023185,0.769,0.794,-0.29537,Down
GSE39645,FCER1A,-0.064556,0.77,0.795,-0.294052,Down
GSE39645,YOD1,0.033903,0.771,0.795,0.293136,Up
GSE39645,PRTFDC1,0.060059,0.771,0.795,0.292955,Up
GSE39645,TGFB1I1,0.033402,0.771,0.795,0.292758,Up
GSE39645,BAZ1A,-0.053295,0.771,0.795,-0.29267,Down
GSE39645,ITGB7,-0.024126,0.771,0.796,-0.292465,Down
GSE39645,MCM6,-0.055434,0.772,0.796,-0.291373,Down
GSE39645,RPL10A,0.024849,0.772,0.796,0.291266,Up
GSE39645,FIGNL1,0.029022,0.773,0.797,0.290839,Up
GSE39645,METTL26,0.019258,0.773,0.797,0.289757,Up
GSE39645,CAMK1,0.020023,0.774,0.798,0.28919,Up
GSE39645,HPS6,0.018159,0.774,0.798,0.288737,Up
GSE39645,GMNN,-0.073303,0.774,0.798,-0.288362,Down
GSE39645,CDR1,0.050127,0.775,0.798,0.288216,Up
GSE39645,CCDC57,-0.018438,0.775,0.799,-0.287338,Down
GSE39645,TSNARE1,-0.025819,0.776,0.8,-0.286622,Down
GSE39645,HDAC5,-0.024744,0.776,0.8,-0.28597,Down
GSE39645,TRIM28,-0.034792,0.776,0.8,-0.285838,Down
GSE39645,FAM47E-STBD1///STBD1,0.033685,0.777,0.801,0.284727,Up
GSE39645,GLT8D2,0.073307,0.778,0.802,0.28345,Up
GSE39645,C17orf58,0.022925,0.779,0.802,0.28299,Up
GSE39645,NR3C2,-0.0417,0.779,0.803,-0.282179,Down
GSE39645,CACNB1,0.024846,0.779,0.803,0.281885,Up
GSE39645,ATP5D,0.021789,0.78,0.803,0.281295,Up
GSE39645,PCDHB9,-0.034035,0.78,0.804,-0.280906,Down
GSE39645,MZT2B///PHGDH,0.030778,0.78,0.804,0.28051,Up
GSE39645,CTAGE8///CTAGE4///CTAGE11P///CTAGE9///CTAGE15///CTAGE6,0.022532,0.78,0.804,0.280478,Up
GSE39645,F13A1,0.120245,0.781,0.804,0.280053,Up
GSE39645,B4GALT4,-0.031806,0.781,0.805,-0.279285,Down
GSE39645,PDXK,-0.028689,0.782,0.805,-0.278327,Down
GSE39645,SLC25A33,-0.045183,0.782,0.806,-0.277926,Down
GSE39645,TAF4,0.024827,0.782,0.806,0.277873,Up
GSE39645,ZNF692///ZNF692,0.024737,0.783,0.806,0.277535,Up
GSE39645,CRISPLD2,-0.061319,0.783,0.807,-0.276575,Down
GSE39645,EPHB2,0.044194,0.784,0.807,0.276485,Up
GSE39645,IGHMBP2,0.023236,0.784,0.807,0.276421,Up
GSE39645,FAM110B,-0.034575,0.784,0.807,-0.276123,Down
GSE39645,WTAP,-0.034674,0.784,0.807,-0.275792,Down
GSE39645,CHAF1B,-0.034917,0.784,0.807,-0.275724,Down
GSE39645,ABLIM1,-0.073229,0.784,0.807,-0.275631,Down
GSE39645,CD1D,0.02573,0.785,0.808,0.274876,Up
GSE39645,JMJD6,-0.043634,0.785,0.808,-0.274751,Down
GSE39645,NFATC1,-0.041306,0.785,0.808,-0.2744,Down
GSE39645,PAPD7,-0.0269,0.785,0.808,-0.274191,Down
GSE39645,RPAP1,0.018219,0.786,0.808,0.273602,Up
GSE39645,ZNF527,0.025009,0.786,0.809,0.273231,Up
GSE39645,PRELID1,-0.026166,0.786,0.809,-0.273027,Down
GSE39645,TPPP,-0.044643,0.787,0.81,-0.271868,Down
GSE39645,C15orf48,0.080489,0.788,0.811,0.270633,Up
GSE39645,ARFIP2,0.02909,0.789,0.811,0.269574,Up
GSE39645,DNAJC25-GNG10///GNG10,0.030375,0.79,0.813,0.26759,Up
GSE39645,TEPSIN,-0.020608,0.791,0.813,-0.266976,Down
GSE39645,RNF19B,0.038582,0.792,0.814,0.266021,Up
GSE39645,NF2,-0.052652,0.792,0.815,-0.264921,Down
GSE39645,USP6,-0.019554,0.793,0.815,-0.264593,Down
GSE39645,1,-0.040833,0.793,0.815,-0.264171,Down
GSE39645,MFSD3,-0.019778,0.793,0.816,-0.263589,Down
GSE39645,LCP1,-0.069184,0.794,0.816,-0.263309,Down
GSE39645,MAPKBP1,0.030527,0.795,0.817,0.261356,Up
GSE39645,B3GLCT,-0.029008,0.796,0.818,-0.26024,Down
GSE39645,CCDC106,0.016007,0.796,0.819,0.25987,Up
GSE39645,COPRS,0.020118,0.796,0.819,0.259584,Up
GSE39645,FAM118A,0.034133,0.797,0.82,0.258312,Up
GSE39645,KCNJ2,-0.048834,0.798,0.82,-0.257725,Down
GSE39645,MVK,-0.033941,0.798,0.82,-0.257604,Down
GSE39645,PODNL1,0.035317,0.799,0.821,0.256407,Up
GSE39645,SVIP,-0.050412,0.799,0.821,-0.256319,Down
GSE39645,MAP7D1,0.018017,0.8,0.822,0.254454,Up
GSE39645,XCL2,0.040732,0.801,0.823,0.254215,Up
GSE39645,P3H2,0.043061,0.801,0.823,0.253962,Up
GSE39645,GRPEL1,0.032408,0.802,0.824,0.252289,Up
GSE39645,ATP8A1,0.052989,0.802,0.824,0.252182,Up
GSE39645,CDKN3,0.088534,0.802,0.824,0.252054,Up
GSE39645,ART4,0.075146,0.802,0.824,0.251801,Up
GSE39645,USP9Y,0.074712,0.803,0.825,0.250648,Up
GSE39645,COQ8A,0.034353,0.804,0.825,0.250113,Up
GSE39645,VN1R1,0.02985,0.804,0.826,0.249641,Up
GSE39645,ELOVL4,-0.026963,0.804,0.826,-0.249506,Down
GSE39645,MACROD2,-0.022147,0.804,0.826,-0.249464,Down
GSE39645,CENPF,0.070316,0.804,0.826,0.249129,Up
GSE39645,IPMK,-0.037344,0.805,0.826,-0.248724,Down
GSE39645,PDE4D,0.029314,0.805,0.826,0.248443,Up
GSE39645,DAZAP1,0.026555,0.805,0.826,0.24844,Up
GSE39645,PRDM10///FABP1,-0.035446,0.805,0.827,-0.248148,Down
GSE39645,ACTG1,0.020495,0.805,0.827,0.247891,Up
GSE39645,CEACAM21,-0.038992,0.805,0.827,-0.247813,Down
GSE39645,TMEM121,-0.018305,0.806,0.827,-0.247322,Down
GSE39645,PTGES3L-AARSD1///PTGES3L///AARSD1,0.01747,0.806,0.827,0.247079,Up
GSE39645,C19orf12,-0.020131,0.806,0.827,-0.246984,Down
GSE39645,CIC,0.022665,0.807,0.828,0.245622,Up
GSE39645,NACA2,0.023043,0.807,0.828,0.245428,Up
GSE39645,PRPH2,-0.047974,0.808,0.829,-0.244569,Down
GSE39645,MCAT,0.02188,0.808,0.829,0.244067,Up
GSE39645,SYS1-DBNDD2///DBNDD2,-0.036813,0.809,0.83,-0.243847,Down
GSE39645,ZNF346,0.017288,0.809,0.83,0.242983,Up
GSE39645,DDX3Y,-0.170866,0.809,0.83,-0.242825,Down
GSE39645,GNG5,0.031778,0.81,0.831,0.242058,Up
GSE39645,FBXO15,0.031303,0.81,0.831,0.242029,Up
GSE39645,WNT5A,-0.047736,0.81,0.831,-0.241938,Down
GSE39645,RNF44,0.023054,0.81,0.831,0.241376,Up
GSE39645,TRIM7,0.021536,0.811,0.831,0.241107,Up
GSE39645,HDHD3,-0.022039,0.812,0.833,-0.239429,Down
GSE39645,USP13,0.044235,0.812,0.833,0.238817,Up
GSE39645,SPTY2D1,0.022805,0.813,0.833,0.238262,Up
GSE39645,SLC25A29,0.021517,0.814,0.834,0.237323,Up
GSE39645,HIST1H4C,0.029474,0.814,0.834,0.236973,Up
GSE39645,COX7A1,-0.082703,0.814,0.835,-0.236697,Down
GSE39645,TMPPE,0.020515,0.814,0.835,0.236306,Up
GSE39645,INTS6,-0.02855,0.814,0.835,-0.236136,Down
GSE39645,SLC31A2,0.043127,0.815,0.835,0.236023,Up
GSE39645,ENTHD1,-0.046495,0.815,0.835,-0.235869,Down
GSE39645,IL16,0.037431,0.815,0.835,0.235783,Up
GSE39645,ATP6AP1L,0.027913,0.815,0.835,0.235598,Up
GSE39645,INPP5J,0.030266,0.815,0.835,0.235593,Up
GSE39645,A1BG,-0.020786,0.815,0.835,-0.235292,Down
GSE39645,MFSD2A///MFSD2A,0.060864,0.815,0.836,0.234929,Up
GSE39645,FOXRED2,0.036418,0.817,0.837,0.233328,Up
GSE39645,CEP164,0.016429,0.817,0.837,0.233108,Up
GSE39645,DENND2D,-0.033549,0.818,0.838,-0.231769,Down
GSE39645,NA,0.021787,0.818,0.838,0.231734,Up
GSE39645,MLLT3,-0.033496,0.818,0.838,-0.231281,Down
GSE39645,P3H1,0.030389,0.819,0.839,0.23043,Up
GSE39645,FSD1L,-0.038916,0.819,0.839,-0.230393,Down
GSE39645,NARF,0.019984,0.819,0.839,0.229992,Up
GSE39645,ZNF586,-0.024164,0.819,0.839,-0.229878,Down
GSE39645,ZNF749,0.026725,0.82,0.839,0.229456,Up
GSE39645,PAM,-0.041494,0.82,0.839,-0.229307,Down
GSE39645,VPS51,0.02332,0.82,0.84,0.228606,Up
GSE39645,NA,0.026777,0.821,0.84,0.227988,Up
GSE39645,PGS1,0.030672,0.821,0.841,0.227239,Up
GSE39645,ACTR5,-0.016577,0.822,0.841,-0.226804,Down
GSE39645,MMP2,-0.047321,0.823,0.842,-0.225247,Down
GSE39645,CYGB,0.038576,0.823,0.842,0.225169,Up
GSE39645,C19orf44,-0.018529,0.823,0.843,-0.224975,Down
GSE39645,HELB,0.016495,0.824,0.844,0.223345,Up
GSE39645,KLF12,-0.031429,0.826,0.845,-0.221327,Down
GSE39645,MDGA1,-0.035762,0.826,0.845,-0.221305,Down
GSE39645,MPLKIP,0.016914,0.828,0.847,0.218744,Up
GSE39645,RXRG,0.079933,0.83,0.849,0.216098,Up
GSE39645,SCO2,-0.017215,0.83,0.85,-0.215772,Down
GSE39645,PRKD2,-0.0297,0.831,0.85,-0.214639,Down
GSE39645,IFI27L1,-0.017554,0.832,0.851,-0.213904,Down
GSE39645,ZNF678,0.020072,0.833,0.852,0.212567,Up
GSE39645,SMAD7,-0.029121,0.833,0.853,-0.211576,Down
GSE39645,VDAC2,0.016044,0.834,0.853,0.210476,Up
GSE39645,MEGF10,-0.0561,0.834,0.854,-0.210271,Down
GSE39645,NBPF25P///NBPF19///NBPF20///NBPF10///NBPF8///NBPF9///NBPF15///NBPF11///NBPF12///NBPF3///NBPF1///NBPF14,-0.014815,0.835,0.855,-0.209001,Down
GSE39645,ARHGEF28,-0.04465,0.836,0.856,-0.207653,Down
GSE39645,SLC2A4RG,0.021184,0.837,0.856,0.207592,Up
GSE39645,RPS5,-0.016336,0.837,0.856,-0.207486,Down
GSE39645,PISD,0.02528,0.838,0.857,0.205807,Up
GSE39645,PRRT1,-0.016815,0.838,0.857,-0.205593,Down
GSE39645,CEL,-0.019222,0.838,0.857,-0.205202,Down
GSE39645,WBSCR27,-0.024154,0.839,0.858,-0.204808,Down
GSE39645,SRM,0.025206,0.839,0.858,0.204107,Up
GSE39645,C1orf131,0.019889,0.84,0.859,0.203144,Up
GSE39645,TMEM70,0.027357,0.841,0.859,0.202374,Up
GSE39645,PPP1R26,-0.015127,0.841,0.859,-0.202191,Down
GSE39645,PAICS,0.040006,0.841,0.86,0.20193,Up
GSE39645,ABL1,0.027638,0.841,0.86,0.201817,Up
GSE39645,FURIN,-0.031789,0.841,0.86,-0.201243,Down
GSE39645,ASB14///LOC105377102,0.01471,0.842,0.861,0.200158,Up
GSE39645,CHADL,0.021081,0.844,0.862,0.198531,Up
GSE39645,PFKP,-0.040777,0.844,0.862,-0.197963,Down
GSE39645,ARL17B///ARL17A///NBR2///NBR2,-0.020569,0.844,0.862,-0.197915,Down
GSE39645,FAM8A1,-0.020309,0.844,0.863,-0.197677,Down
GSE39645,DCTPP1,0.020204,0.844,0.863,0.197611,Up
GSE39645,GNMT,-0.02251,0.845,0.863,-0.197304,Down
GSE39645,THOC6,0.018544,0.845,0.863,0.197109,Up
GSE39645,PBXIP1,-0.021787,0.845,0.863,-0.196408,Down
GSE39645,NCMAP,-0.083409,0.845,0.863,-0.196375,Down
GSE39645,ZXDB,0.021765,0.846,0.864,0.195217,Up
GSE39645,EPB41L4A,0.041528,0.847,0.865,0.194713,Up
GSE39645,HILPDA,-0.052778,0.847,0.865,-0.194638,Down
GSE39645,NAP1L5,-0.022016,0.847,0.865,-0.19394,Down
GSE39645,GRPEL2,-0.013956,0.848,0.866,-0.192973,Down
GSE39645,SIMC1,-0.015671,0.848,0.866,-0.192925,Down
GSE39645,FOSL2,-0.033063,0.849,0.867,-0.191704,Down
GSE39645,AMPD3,0.02677,0.849,0.867,0.191548,Up
GSE39645,BCL9,0.019878,0.849,0.867,0.191473,Up
GSE39645,C4orf36,-0.017773,0.849,0.867,-0.191271,Down
GSE39645,TXLNGY,-0.060302,0.85,0.867,-0.190506,Down
GSE39645,ZFHX4,0.03241,0.851,0.868,0.189525,Up
GSE39645,ZNF233,-0.028973,0.851,0.868,-0.189439,Down
GSE39645,NUP35,0.023516,0.851,0.869,0.188879,Up
GSE39645,B3GNT9,0.016895,0.851,0.869,0.188806,Up
GSE39645,F10,-0.049398,0.851,0.869,-0.188626,Down
GSE39645,OPA3,-0.018145,0.852,0.869,-0.188024,Down
GSE39645,ZNF98///ZNF492///ZNF85,0.015884,0.852,0.869,0.187566,Up
GSE39645,PLEKHG2,0.025233,0.852,0.87,0.187307,Up
GSE39645,SIRPB2,0.025737,0.852,0.87,0.18729,Up
GSE39645,USP49,-0.021211,0.853,0.87,-0.186957,Down
GSE39645,SH3BP1,-0.020496,0.853,0.87,-0.186812,Down
GSE39645,PXDN,-0.044272,0.853,0.87,-0.186753,Down
GSE39645,PDE7A,-0.021456,0.853,0.87,-0.186544,Down
GSE39645,PGBD2,-0.015489,0.853,0.87,-0.186441,Down
GSE39645,ARHGAP26,0.028982,0.854,0.871,0.185434,Up
GSE39645,1,0.0409,0.854,0.871,0.184814,Up
GSE39645,SLC25A45,0.018547,0.855,0.872,0.18388,Up
GSE39645,MYO7A,-0.014663,0.856,0.872,-0.18321,Down
GSE39645,C16orf82,-0.014706,0.856,0.872,-0.183054,Down
GSE39645,MACROD1,0.014616,0.856,0.873,0.182482,Up
GSE39645,ADAMTS9,0.048539,0.856,0.873,0.182296,Up
GSE39645,AZIN2,-0.026031,0.857,0.874,-0.181427,Down
GSE39645,DUSP4,0.034869,0.857,0.874,0.181276,Up
GSE39645,LGR4,0.029138,0.858,0.874,0.180565,Up
GSE39645,KCNH2,0.014352,0.858,0.874,0.180318,Up
GSE39645,TSPAN11,-0.065478,0.86,0.877,-0.176928,Down
GSE39645,S100Z,0.02182,0.862,0.878,0.175407,Up
GSE39645,UBE2T,0.045299,0.862,0.878,0.1749,Up
GSE39645,CCDC170,0.025756,0.863,0.879,0.173839,Up
GSE39645,PUS7,-0.033199,0.863,0.88,-0.173194,Down
GSE39645,MAGI2,0.035875,0.864,0.88,0.172902,Up
GSE39645,1,-0.015421,0.864,0.881,-0.171826,Down
GSE39645,LGMN,0.030804,0.864,0.881,0.171712,Up
GSE39645,EPS8,-0.039778,0.866,0.882,-0.170031,Down
GSE39645,CPTP,0.0146,0.866,0.882,0.169743,Up
GSE39645,SLC25A52,-0.00994,0.866,0.882,-0.169363,Down
GSE39645,LXN,0.052033,0.866,0.883,0.169209,Up
GSE39645,TRO,0.017193,0.867,0.883,0.168857,Up
GSE39645,TMEM169,-0.018754,0.867,0.883,-0.168752,Down
GSE39645,DPY19L2,0.023049,0.867,0.883,0.168363,Up
GSE39645,PRR3,0.016431,0.868,0.883,0.167761,Up
GSE39645,RASSF2,0.045119,0.868,0.884,0.167421,Up
GSE39645,GPR18,-0.021389,0.868,0.884,-0.166859,Down
GSE39645,ZNF787,0.011339,0.868,0.884,0.166782,Up
GSE39645,HES6,-0.013206,0.868,0.884,-0.166763,Down
GSE39645,AK1,0.022187,0.868,0.884,0.166723,Up
GSE39645,RMDN2,-0.02274,0.869,0.885,-0.166036,Down
GSE39645,IGFBP6///C12orf57,-0.026091,0.869,0.885,-0.166022,Down
GSE39645,AMOTL1,0.022249,0.869,0.885,0.165384,Up
GSE39645,PREX2,0.05982,0.869,0.885,0.165371,Up
GSE39645,DDR2,-0.024287,0.87,0.886,-0.164438,Down
GSE39645,DCAF13,-0.019284,0.871,0.886,-0.163859,Down
GSE39645,ZNF768,0.012263,0.871,0.886,0.16348,Up
GSE39645,C5orf56,-0.017318,0.871,0.886,-0.163456,Down
GSE39645,EHD3,0.018019,0.871,0.887,0.163044,Up
GSE39645,SSC5D,0.019018,0.872,0.887,0.162449,Up
GSE39645,DENND6B,-0.01274,0.872,0.887,-0.162072,Down
GSE39645,PROSER2,0.016606,0.872,0.887,0.162067,Up
GSE39645,OPLAH,0.015699,0.872,0.887,0.16172,Up
GSE39645,DSEL,-0.042499,0.872,0.887,-0.16155,Down
GSE39645,FHL3,-0.01821,0.872,0.887,-0.161497,Down
GSE39645,SLC16A5,0.016343,0.873,0.888,0.160345,Up
GSE39645,CABLES1,0.022506,0.873,0.888,0.160227,Up
GSE39645,HDAC7,0.012136,0.874,0.889,0.159284,Up
GSE39645,PCDHB2,-0.043805,0.875,0.889,-0.158653,Down
GSE39645,GOLM1,-0.02993,0.875,0.889,-0.158641,Down
GSE39645,ZFP28///ZNF229,0.017806,0.875,0.889,0.158562,Up
GSE39645,MED9,-0.01037,0.875,0.89,-0.158083,Down
GSE39645,FAM210B,0.010589,0.875,0.89,0.157767,Up
GSE39645,CCDC137,-0.012732,0.875,0.89,-0.157723,Down
GSE39645,TRIM35,0.012538,0.876,0.89,0.157547,Up
GSE39645,CDC25B,-0.026901,0.876,0.89,-0.157536,Down
GSE39645,FOXP1,0.015872,0.876,0.89,0.157247,Up
GSE39645,TARBP2,0.010252,0.876,0.89,0.156951,Up
GSE39645,PRKCH,0.032786,0.876,0.891,0.156677,Up
GSE39645,TP53I13,0.012615,0.877,0.891,0.156281,Up
GSE39645,PCDHB3,-0.046747,0.877,0.891,-0.156206,Down
GSE39645,PNMA2,0.035826,0.877,0.891,0.155877,Up
GSE39645,AGAP5///AGAP9///AGAP12P///AGAP6///AGAP11///AGAP4,-0.016051,0.877,0.891,-0.155432,Down
GSE39645,CCNL1,0.032664,0.877,0.891,0.155262,Up
GSE39645,UBTD2,0.020558,0.877,0.891,0.155226,Up
GSE39645,ACYP1,-0.019032,0.877,0.891,-0.155169,Down
GSE39645,NOP9,0.012291,0.878,0.892,0.154912,Up
GSE39645,GALNT12,-0.024025,0.878,0.892,-0.154754,Down
GSE39645,CALD1,0.018952,0.878,0.892,0.153878,Up
GSE39645,LIN9,0.020806,0.879,0.892,0.153764,Up
GSE39645,MAEL,0.017342,0.879,0.892,0.153597,Up
GSE39645,SLX4IP,0.015188,0.879,0.892,0.15344,Up
GSE39645,MNT,0.012744,0.88,0.893,0.152446,Up
GSE39645,MOB2,-0.012925,0.88,0.893,-0.152371,Down
GSE39645,MARCH3,-0.032209,0.88,0.894,-0.151362,Down
GSE39645,SGSM3,-0.011232,0.881,0.895,-0.150288,Down
GSE39645,CTAGE8///CTAGE4///CTAGE11P///CTAGE9///CTAGE15///CTAGE6///CTAGE1///CTAGE5,-0.011447,0.882,0.896,-0.149304,Down
GSE39645,EEF1D,-0.013226,0.882,0.896,-0.148979,Down
GSE39645,SORCS2,0.033666,0.883,0.897,0.147904,Up
GSE39645,CEP57L1,0.015961,0.883,0.897,0.147607,Up
GSE39645,CEBPB,0.018306,0.884,0.897,0.147251,Up
GSE39645,TMEM52B,-0.018916,0.884,0.897,-0.146858,Down
GSE39645,AGO2,-0.025988,0.884,0.898,-0.146409,Down
GSE39645,RAD54B,0.01776,0.885,0.898,0.146052,Up
GSE39645,FMO5,0.013943,0.886,0.9,0.143681,Up
GSE39645,EBLN2,-0.015277,0.887,0.9,-0.143184,Down
GSE39645,SYTL4,-0.026491,0.887,0.9,-0.142965,Down
GSE39645,ZNF286B///ZNF286A,0.011948,0.887,0.9,0.142948,Up
GSE39645,CBX8,0.013725,0.887,0.9,0.142919,Up
GSE39645,GADD45GIP1,0.011841,0.887,0.9,0.142894,Up
GSE39645,ZBTB43,0.01683,0.888,0.901,0.14185,Up
GSE39645,ELL2,-0.042444,0.888,0.901,-0.141269,Down
GSE39645,SPRN,0.011469,0.889,0.901,0.14091,Up
GSE39645,CBLN3,-0.011391,0.889,0.902,-0.140534,Down
GSE39645,PGD,-0.022725,0.889,0.902,-0.139849,Down
GSE39645,MC1R,-0.012408,0.889,0.902,-0.139807,Down
GSE39645,SYP,-0.02156,0.89,0.902,-0.139556,Down
GSE39645,PNLIPRP2,0.017444,0.89,0.902,0.139455,Up
GSE39645,MANEAL,0.015168,0.891,0.903,0.138447,Up
GSE39645,ZNF726,-0.01165,0.891,0.903,-0.138075,Down
GSE39645,CCDC144CP///CCDC144NL///CCDC144B///CCDC144A,0.03519,0.891,0.903,0.13801,Up
GSE39645,HIST1H2AM,-0.015943,0.891,0.904,-0.137369,Down
GSE39645,ING2,0.025785,0.892,0.904,0.136944,Up
GSE39645,MARS2,0.015393,0.892,0.904,0.136889,Up
GSE39645,MCF2L,-0.014384,0.893,0.906,-0.134893,Down
GSE39645,PCDHB6,0.030852,0.894,0.906,0.13426,Up
GSE39645,ANGPT2,-0.03438,0.894,0.906,-0.134141,Down
GSE39645,PHYHD1,0.019375,0.894,0.906,0.133765,Up
GSE39645,OSBPL7,-0.010576,0.895,0.907,-0.133025,Down
GSE39645,TTC25,-0.013428,0.895,0.907,-0.132946,Down
GSE39645,TMEM143,-0.011916,0.895,0.907,-0.132683,Down
GSE39645,RRP1,0.012534,0.895,0.907,0.132572,Up
GSE39645,LRWD1,0.008813,0.896,0.908,0.131785,Up
GSE39645,ZNF285,-0.012219,0.896,0.908,-0.131445,Down
GSE39645,HTR2B,0.026874,0.896,0.908,0.131084,Up
GSE39645,TNFAIP3,-0.029279,0.896,0.908,-0.131038,Down
GSE39645,DNAJC27,-0.012858,0.898,0.909,-0.129502,Down
GSE39645,RBM46,-0.015298,0.898,0.91,-0.128883,Down
GSE39645,RASSF3,0.023227,0.899,0.91,0.128288,Up
GSE39645,EMCN,0.040936,0.899,0.91,0.128245,Up
GSE39645,LMNA,-0.026517,0.899,0.911,-0.127275,Down
GSE39645,DND1,-0.009416,0.9,0.911,-0.126492,Down
GSE39645,ATP2B4,-0.012984,0.9,0.911,-0.126451,Down
GSE39645,HAUS8,0.016325,0.9,0.911,0.126218,Up
GSE39645,MVD,-0.014171,0.9,0.912,-0.125788,Down
GSE39645,DUOX2,-0.014286,0.901,0.912,-0.125408,Down
GSE39645,HIST1H3D///HIST1H2AD,0.025316,0.901,0.913,0.124548,Up
GSE39645,COX10,-0.008857,0.902,0.913,-0.123469,Down
GSE39645,DENND5B,-0.014855,0.903,0.914,-0.122878,Down
GSE39645,MXRA8,0.010039,0.903,0.914,0.122835,Up
GSE39645,TIMM8A,-0.017978,0.903,0.914,-0.122374,Down
GSE39645,PABPC3,0.00834,0.904,0.914,0.121872,Up
GSE39645,ZFYVE28,-0.011188,0.904,0.915,-0.121567,Down
GSE39645,MIER2,-0.014079,0.904,0.915,-0.121276,Down
GSE39645,CCT6B,-0.012536,0.904,0.915,-0.121112,Down
GSE39645,PLXNC1,-0.021423,0.904,0.915,-0.120958,Down
GSE39645,TMEM2,-0.02924,0.905,0.916,-0.120181,Down
GSE39645,ALK///KIF5B///ALK,-0.022235,0.905,0.916,-0.119468,Down
GSE39645,STK32B,0.015121,0.906,0.916,0.11931,Up
GSE39645,GADD45B,-0.031044,0.906,0.916,-0.118853,Down
GSE39645,ZNF396,0.011775,0.906,0.917,0.118651,Up
GSE39645,POMGNT2,-0.009984,0.906,0.917,-0.118508,Down
GSE39645,ARMC9,-0.009259,0.907,0.917,-0.11777,Down
GSE39645,CENPW,0.036995,0.907,0.917,0.117656,Up
GSE39645,FOLR2,-0.039529,0.907,0.918,-0.117226,Down
GSE39645,ZNF19,-0.010461,0.907,0.918,-0.11695,Down
GSE39645,TBC1D32,0.01107,0.908,0.918,0.115972,Up
GSE39645,LYSMD1,0.008097,0.908,0.918,0.115867,Up
GSE39645,GRAP,-0.016218,0.909,0.919,-0.115573,Down
GSE39645,ULK4,-0.010289,0.909,0.919,-0.115547,Down
GSE39645,METTL21B,-0.011074,0.909,0.919,-0.11533,Down
GSE39645,GDPD3,0.012737,0.909,0.919,0.11518,Up
GSE39645,ANKS6,-0.009012,0.909,0.919,-0.114931,Down
GSE39645,UACA,0.022885,0.909,0.919,0.114605,Up
GSE39645,PORCN,0.008678,0.91,0.92,0.113891,Up
GSE39645,HIST1H3B,0.033402,0.91,0.92,0.113851,Up
GSE39645,C9orf66,-0.013018,0.91,0.92,-0.113227,Down
GSE39645,SUSD5,-0.014587,0.911,0.921,-0.111925,Down
GSE39645,OR2W3///TRIM58,0.018134,0.912,0.921,0.111397,Up
GSE39645,DVL1,0.008702,0.912,0.921,0.111297,Up
GSE39645,TMC8,-0.010655,0.912,0.922,-0.110781,Down
GSE39645,ALDH18A1,0.017981,0.913,0.922,0.110536,Up
GSE39645,CNTN2,-0.024074,0.913,0.922,-0.109789,Down
GSE39645,KDR,0.023659,0.913,0.923,0.109557,Up
GSE39645,PNPLA7,0.01293,0.913,0.923,0.109514,Up
GSE39645,ENPP1,0.025224,0.913,0.923,0.109363,Up
GSE39645,OSBPL10,0.014862,0.914,0.923,0.108822,Up
GSE39645,FBXO44,0.006411,0.914,0.923,0.108584,Up
GSE39645,ZFHX2,0.010778,0.914,0.923,0.108435,Up
GSE39645,RASA4B///RASA4CP///RASA4,-0.015246,0.915,0.924,-0.107637,Down
GSE39645,ST3GAL1,0.019297,0.915,0.924,0.107416,Up
GSE39645,BEX2,0.019582,0.916,0.925,0.106289,Up
GSE39645,AHNAK2,-0.031448,0.916,0.925,-0.105846,Down
GSE39645,TUT1,-0.00624,0.917,0.926,-0.105249,Down
GSE39645,KLF7,0.018862,0.917,0.926,0.105012,Up
GSE39645,CRY2,-0.011159,0.917,0.926,-0.104466,Down
GSE39645,MRM1,0.006688,0.919,0.927,0.102834,Up
GSE39645,NAPSA,0.012258,0.919,0.928,0.10239,Up
GSE39645,SLC20A2,0.016408,0.919,0.928,0.101982,Up
GSE39645,CSPG5,-0.011359,0.919,0.928,-0.10178,Down
GSE39645,CCDC169-SOHLH2///CCDC169,0.010602,0.92,0.928,0.101584,Up
GSE39645,ADGRB2,-0.010309,0.92,0.928,-0.101136,Down
GSE39645,DENND1A,-0.007768,0.92,0.928,-0.100986,Down
GSE39645,PATJ,0.012552,0.92,0.928,0.100961,Up
GSE39645,OAZ3,-0.011426,0.921,0.93,-0.099166,Down
GSE39645,ZNF385A,-0.015016,0.922,0.93,-0.098486,Down
GSE39645,GDPD5,0.013412,0.922,0.931,0.097876,Up
GSE39645,MAMLD1,0.01749,0.923,0.931,0.097855,Up
GSE39645,TFCP2L1,-0.016958,0.923,0.931,-0.097388,Down
GSE39645,ZNF69,0.010667,0.923,0.931,0.097262,Up
GSE39645,RNF125,0.019045,0.924,0.932,0.096459,Up
GSE39645,BCAR1,0.013429,0.925,0.933,0.09526,Up
GSE39645,NUSAP1,0.026622,0.925,0.933,0.094828,Up
GSE39645,FBXL7,-0.011105,0.928,0.936,-0.090407,Down
GSE39645,TLR8,0.023047,0.929,0.937,0.089765,Up
GSE39645,KDM5B,-0.011793,0.929,0.937,-0.089459,Down
GSE39645,HES1,-0.018464,0.929,0.937,-0.089134,Down
GSE39645,LMTK2,0.012065,0.931,0.939,0.086623,Up
GSE39645,FOXK2,-0.007331,0.932,0.939,-0.086262,Down
GSE39645,PLXDC1,0.016528,0.933,0.941,0.084413,Up
GSE39645,DTX2,-0.007144,0.933,0.941,-0.084142,Down
GSE39645,GCNT2,-0.010857,0.934,0.942,-0.083231,Down
GSE39645,NRBF2,-0.010078,0.934,0.942,-0.082984,Down
GSE39645,HSD17B14,0.020287,0.935,0.943,0.081766,Up
GSE39645,PLEKHA8,0.004993,0.935,0.943,0.081586,Up
GSE39645,SSBP4,0.007116,0.936,0.944,0.080397,Up
GSE39645,ACP5,-0.020539,0.937,0.944,-0.080075,Down
GSE39645,ZNF70,0.007468,0.937,0.944,0.079755,Up
GSE39645,EIF4B,-0.005281,0.937,0.944,-0.079105,Down
GSE39645,LIG1,0.008191,0.937,0.944,0.079041,Up
GSE39645,RSG1,-0.006395,0.938,0.945,-0.078696,Down
GSE39645,NCKAP5L,-0.005721,0.939,0.946,-0.077582,Down
GSE39645,CTSL,0.0136,0.939,0.946,0.077366,Up
GSE39645,SLC25A6,0.006819,0.939,0.946,0.076925,Up
GSE39645,COL5A1,0.009858,0.939,0.946,0.076868,Up
GSE39645,SEC31B,-0.005818,0.939,0.946,-0.076604,Down
GSE39645,CASC1,-0.00929,0.941,0.947,-0.074854,Down
GSE39645,ZMYND19,0.006791,0.942,0.949,0.073156,Up
GSE39645,PLOD2,0.019277,0.942,0.949,0.073135,Up
GSE39645,FAM160A2,-0.005582,0.943,0.949,-0.072247,Down
GSE39645,DRP2,0.040357,0.943,0.95,0.071518,Up
GSE39645,EXT1,0.010995,0.944,0.951,0.070265,Up
GSE39645,SF3B4,0.004913,0.945,0.951,0.069964,Up
GSE39645,PIK3CD,-0.008751,0.945,0.951,-0.069634,Down
GSE39645,SENP8,-0.004811,0.946,0.952,-0.068097,Down
GSE39645,SLAMF7,-0.013622,0.947,0.953,-0.067477,Down
GSE39645,NOP16,-0.016696,0.947,0.953,-0.066632,Down
GSE39645,GJA9-MYCBP///MYCBP,0.006726,0.947,0.954,0.066309,Up
GSE39645,PTPRB,-0.012881,0.948,0.954,-0.06618,Down
GSE39645,TTC21A,-0.005025,0.948,0.954,-0.065628,Down
GSE39645,KLHL21,-0.008393,0.948,0.954,-0.065533,Down
GSE39645,CAP2,0.013564,0.949,0.955,0.064741,Up
GSE39645,CCDC71,0.004238,0.949,0.955,0.064419,Up
GSE39645,C3orf58,-0.008517,0.949,0.955,-0.064415,Down
GSE39645,BPY2C///BPY2B///BPY2,-0.014971,0.951,0.956,-0.062436,Down
GSE39645,MCOLN3,-0.009449,0.951,0.956,-0.062287,Down
GSE39645,MED16,-0.004944,0.951,0.957,-0.061591,Down
GSE39645,ITIH3,-0.010301,0.951,0.957,-0.061587,Down
GSE39645,XYLT2,0.006664,0.952,0.958,0.060145,Up
GSE39645,KCNK12,0.006907,0.953,0.958,0.059595,Up
GSE39645,EML4///ALK,-0.009304,0.953,0.958,-0.059517,Down
GSE39645,RFC3,0.008753,0.953,0.959,0.058974,Up
GSE39645,COL1A1,-0.018152,0.953,0.959,-0.058902,Down
GSE39645,PEX14,0.002934,0.953,0.959,0.058842,Up
GSE39645,C5AR1,0.016471,0.954,0.96,0.057669,Up
GSE39645,SEC61B,-0.004683,0.955,0.96,-0.05713,Down
GSE39645,CDCA7L,0.012249,0.955,0.96,0.056869,Up
GSE39645,CAPS2,0.006832,0.955,0.96,0.056734,Up
GSE39645,CENPJ,0.007329,0.956,0.961,0.055393,Up
GSE39645,ILF2,-0.006214,0.956,0.962,-0.054885,Down
GSE39645,ISY1-RAB43///RAB43,-0.006121,0.957,0.962,-0.054505,Down
GSE39645,KCNH8,0.007404,0.957,0.962,0.054359,Up
GSE39645,PARP15,-0.005586,0.958,0.963,-0.05342,Down
GSE39645,ZNRD1,0.003962,0.959,0.963,0.052323,Up
GSE39645,PCSK1N,-0.005366,0.959,0.964,-0.051799,Down
GSE39645,PCGF6,0.004079,0.959,0.964,0.0515,Up
GSE39645,PLD6,0.005689,0.96,0.965,0.050426,Up
GSE39645,CYB5D1,0.006826,0.96,0.965,0.050215,Up
GSE39645,ABHD5,-0.008191,0.961,0.966,-0.048854,Down
GSE39645,MAP1LC3C,0.012449,0.961,0.966,0.048597,Up
GSE39645,TMEM119,-0.010083,0.962,0.966,-0.048282,Down
GSE39645,ZP3,-0.005114,0.963,0.967,-0.046832,Down
GSE39645,SLC9A3R1,0.004607,0.963,0.967,0.046587,Up
GSE39645,IBSP,0.015283,0.964,0.968,0.045799,Up
GSE39645,DLGAP4,0.003538,0.964,0.968,0.045615,Up
GSE39645,PMM2,0.006806,0.964,0.969,0.04483,Up
GSE39645,LCA5,0.008301,0.964,0.969,0.044807,Up
GSE39645,RPS4X,0.003466,0.964,0.969,0.044784,Up
GSE39645,11,-0.00451,0.965,0.969,-0.044714,Down
GSE39645,GOLGA2P6///MTPAP,-0.002627,0.965,0.969,-0.044618,Down
GSE39645,HBB,0.016348,0.965,0.969,0.044131,Up
GSE39645,EPB41,-0.009136,0.966,0.97,-0.042651,Down
GSE39645,C19orf54,0.003449,0.967,0.971,0.041048,Up
GSE39645,KDM5D,0.015873,0.968,0.971,0.040939,Up
GSE39645,ARHGAP20,-0.00547,0.968,0.971,-0.040898,Down
GSE39645,MEPCE,0.004309,0.968,0.971,0.040859,Up
GSE39645,SNRK,-0.005034,0.968,0.972,-0.039845,Down
GSE39645,ETFBKMT,-0.00323,0.97,0.974,-0.037787,Down
GSE39645,PTGES2,0.002715,0.971,0.974,0.036991,Up
GSE39645,NOP2,-0.004472,0.971,0.975,-0.036219,Down
GSE39645,EMILIN2,-0.010396,0.972,0.976,-0.03488,Down
GSE39645,PIGV,0.002337,0.973,0.976,0.034294,Up
GSE39645,LRRC39,0.00365,0.973,0.976,0.034085,Up
GSE39645,RPL6P27///RPL6,0.001968,0.973,0.976,0.033825,Up
GSE39645,RPS6KL1,-0.002949,0.974,0.977,-0.032637,Down
GSE39645,TUB,-0.003977,0.974,0.978,-0.032259,Down
GSE39645,NOP58,-0.004606,0.976,0.979,-0.030677,Down
GSE39645,APC2,-0.00296,0.976,0.979,-0.03028,Down
GSE39645,POLR1E,0.004195,0.976,0.979,0.030066,Up
GSE39645,CENPO,-0.004719,0.976,0.979,-0.029861,Down
GSE39645,DYNLRB2,0.005235,0.977,0.98,0.029274,Up
GSE39645,ZNF689,0.002057,0.977,0.98,0.028805,Up
GSE39645,CMBL,-0.003448,0.977,0.98,-0.028509,Down
GSE39645,C1orf35,-0.002044,0.978,0.981,-0.027686,Down
GSE39645,LRRC24,0.001991,0.978,0.981,0.027563,Up
GSE39645,USB1,0.002052,0.978,0.981,0.027314,Up
GSE39645,RORB,-0.003707,0.979,0.981,-0.02704,Down
GSE39645,MAGEF1,0.001876,0.979,0.982,0.026317,Up
GSE39645,NID1,-0.006432,0.979,0.982,-0.026262,Down
GSE39645,SHISA7,-0.00582,0.979,0.982,-0.026059,Down
GSE39645,TDG,0.005019,0.98,0.982,0.02565,Up
GSE39645,TICAM1,0.002419,0.98,0.982,0.025469,Up
GSE39645,C11orf65,0.001644,0.98,0.982,0.024956,Up
GSE39645,DGKZ,-0.002271,0.98,0.982,-0.024952,Down
GSE39645,HNRNPAB,-0.003126,0.98,0.982,-0.024752,Down
GSE39645,SLC25A1,0.003514,0.981,0.983,0.023434,Up
GSE39645,HOMER2,-0.003959,0.983,0.985,-0.021729,Down
GSE39645,ENPP5,-0.004401,0.984,0.986,-0.020583,Down
GSE39645,DEDD2,0.002502,0.984,0.986,0.020121,Up
GSE39645,NEFM,-0.007937,0.984,0.986,-0.019881,Down
GSE39645,AMIGO2,-0.002021,0.986,0.987,-0.018163,Down
GSE39645,CHEK2,0.002583,0.986,0.988,0.017875,Up
GSE39645,LBX2,-0.001653,0.986,0.988,-0.017767,Down
GSE39645,ZNF460,-0.002189,0.986,0.988,-0.017284,Down
GSE39645,CD3D,-0.003851,0.986,0.988,-0.017278,Down
GSE39645,KIAA0101,0.007015,0.986,0.988,0.017175,Up
GSE39645,SCRN2,0.001577,0.987,0.988,0.016819,Up
GSE39645,VDAC1,-0.001227,0.987,0.988,-0.016305,Down
GSE39645,ZNF551,-0.001617,0.987,0.989,-0.015765,Down
GSE39645,ANO4,-0.002253,0.988,0.989,-0.015581,Down
GSE39645,RPS23,0.001687,0.988,0.989,0.014929,Up
GSE39645,CD300C,0.00155,0.989,0.99,0.014348,Up
GSE39645,MOB3A,-0.001062,0.989,0.99,-0.013667,Down
GSE39645,SEC14L2,-0.002318,0.991,0.992,-0.011741,Down
GSE39645,HYLS1,0.001677,0.992,0.993,0.01041,Up
GSE39645,PKD1,0.000747,0.993,0.994,0.008954,Up
GSE39645,GYG2,0.002486,0.993,0.994,0.008889,Up
GSE39645,RAD9A,0.000579,0.993,0.994,0.008427,Up
GSE39645,DENND1C,-0.000928,0.993,0.994,-0.008407,Down
GSE39645,PHLPP2,-0.000867,0.994,0.995,-0.007266,Down
GSE39645,RAI1,-0.000654,0.995,0.995,-0.00687,Down
GSE39645,LYPD6,0.001293,0.995,0.996,0.006361,Up
GSE39645,SELO,0.000416,0.995,0.996,0.005908,Up
GSE39645,STK24,0.000418,0.996,0.996,0.005048,Up
GSE39645,CASP8,-0.000527,0.996,0.996,-0.005039,Down
GSE39645,BEX5,-0.000705,0.997,0.997,-0.004201,Down
GSE39645,NET1,-0.000558,0.997,0.998,-0.003427,Down
GSE39645,LDHA,0.000397,0.998,0.998,0.002676,Up
GSE39645,ATP13A3,-5E-04,0.998,0.998,-0.002484,Down
GSE39645,PHLDB3,0.000135,0.999,0.999,0.001836,Up
GSE39645,GNAL,-0.000245,0.999,0.999,-0.001135,Down
GSE39645,ADGRA2,0.000117,0.999,0.999,0.000669,Up